datum,kolo,soutěž,zápas,skóre,G,A,B,+-,TM,TOI,
26.2.2023,50.,Tipsport extraliga,SPA – TRI,3:1,0,0,0,0,2,13:29,
24.2.2023,49.,Tipsport extraliga,KLA – SPA,3:4,1,0,1,1,0,17:09,
19.2.2023,48.,Tipsport extraliga,LIB – SPA,2:1,0,0,0,1,0,13:47,
17.2.2023,47.,Tipsport extraliga,CEB – SPA,3:4,0,0,0,0,0,14:23,
15.2.2023,46.,Tipsport extraliga,KVA – SPA,3:6,0,0,0,0,0,12:38,
5.2.2023,45.,Tipsport extraliga,SPA – PCE,4:2,0,0,0,-1,0,18:54,
3.2.2023,44.,Tipsport extraliga,VIT – SPA,3:4,0,0,0,0,2,16:07,
31.1.2023,33.,Tipsport extraliga,SPA – KVA,6:3,0,0,0,-1,0,17:14,
29.1.2023,43.,Tipsport extraliga,PLZ – SPA,4:3,0,0,0,-2,2,14:17,
25.1.2023,41.,Tipsport extraliga,SPA – LIT,3:2,0,0,0,1,0,15:15,
22.1.2023,40.,Tipsport extraliga,SPA – MBL,4:1,0,0,0,-1,0,20:05,
20.1.2023,39.,Tipsport extraliga,SPA – KOM,5:3,0,1,1,1,0,14:43,
17.1.2023,21.,Tipsport extraliga,SPA – CEB,5:0,0,0,0,1,0,11:45,
15.1.2023,38.,Tipsport extraliga,MHK – SPA,3:4,0,0,0,1,2,09:20,
22.12.2022,30.,Tipsport extraliga,SPA – PLZ,3:0,0,1,1,1,0,17:35,
20.12.2022,29.,Tipsport extraliga,OLO – SPA,0:1,0,0,0,0,0,20:11,
11.12.2022,28.,Tipsport extraliga,LIT – SPA,5:2,0,0,0,-2,2,20:26,
9.12.2022,27.,Tipsport extraliga,MBL – SPA,1:2,0,0,0,0,4,20:46,
6.12.2022,9.,Tipsport extraliga,LIB – SPA,0:1,0,0,0,1,0,20:34,
4.12.2022,26.,Tipsport extraliga,KOM – SPA,2:6,0,1,1,1,0,18:59,
2.12.2022,25.,Tipsport extraliga,SPA – MHK,2:1,0,0,0,0,0,17:20,
29.11.2022,24.,Tipsport extraliga,SPA – TRI,1:0,0,0,0,1,0,17:29,
27.11.2022,23.,Tipsport extraliga,SPA – KLA,5:1,0,0,0,2,0,18:31,
25.11.2022,22.,Tipsport extraliga,SPA – LIB,3:1,0,0,0,1,0,17:29,
18.11.2022,20.,Tipsport extraliga,KVA – SPA,1:5,0,0,0,0,0,21:13,
16.11.2022,37.,Tipsport extraliga,TRI – SPA,2:1,0,0,0,0,0,21:06,
6.11.2022,19.,Tipsport extraliga,SPA – PCE,2:3,0,0,0,0,0,13:53,
4.11.2022,18.,Tipsport extraliga,VIT – SPA,3:2,0,0,0,1,4,14:35,
2.11.2022,17.,Tipsport extraliga,PLZ – SPA,4:0,0,0,0,0,0,02:41,
28.10.2022,15.,Tipsport extraliga,LIT – SPA,4:0,0,0,0,0,0,16:28,
26.10.2022,31.,Tipsport extraliga,SPA – VIT,3:2,0,0,0,0,0,04:02,
23.10.2022,14.,Tipsport extraliga,SPA – MBL,3:2,0,0,0,-1,2,17:28,
21.10.2022,13.,Tipsport extraliga,SPA – KOM,2:3,0,0,0,-1,0,15:21,
18.10.2022,12.,Tipsport extraliga,MHK – SPA,3:2,0,0,0,-1,0,18:00,
16.10.2022,11.,Tipsport extraliga,TRI – SPA,4:2,0,0,0,-1,0,19:24,
14.10.2022,10.,Tipsport extraliga,KLA – SPA,2:5,0,1,1,1,0,15:48,
7.10.2022,8.,Tipsport extraliga,CEB – SPA,2:3,0,0,0,0,2,17:03,
2.10.2022,7.,Tipsport extraliga,SPA – KVA,4:5,0,0,0,0,0,15:33,
30.9.2022,6.,Tipsport extraliga,PCE – SPA,2:3,0,0,0,-1,2,18:00,
27.9.2022,5.,Tipsport extraliga,SPA – VIT,5:3,0,0,0,1,2,15:13,
25.9.2022,4.,Tipsport extraliga,SPA – PLZ,3:2,0,0,0,-1,0,16:30,
22.9.2022,3.,Tipsport extraliga,OLO – SPA,4:0,0,0,0,0,2,18:39,
18.9.2022,2.,Tipsport extraliga,SPA – LIT,3:0,1,0,1,1,0,18:01,
16.9.2022,1.,Tipsport extraliga,MBL – SPA,4:2,0,0,0,-1,2,20:30,
