datum,kolo,soutěž,zápas,skóre,G,A,B,+-,TM,TOI,
24.2.2023,49.,DHL ELJ,PLZ – ZLN,2:5,0,0,0,0,0,-,
23.2.2023,50.,DHL ELJ,PLZ – OLO,7:1,2,1,3,3,0,-,
18.2.2023,48.,DHL ELJ,PCE – PLZ,1:4,1,0,1,0,4,-,
17.2.2023,47.,DHL ELJ,MHK – PLZ,3:4,1,0,1,-1,0,-,
15.2.2023,46.,Tipsport extraliga,KOM – PLZ,3:0,0,0,0,0,0,04:54,
14.2.2023,26.,DHL ELJ,PLZ – KOM,5:2,0,1,1,0,0,-,
11.2.2023,,Turnaj pěti v Ängelholmu – 20,SWE – CZE,2:5,0,0,0,0,,-,
10.2.2023,,Turnaj pěti v Ängelholmu – 20,CZE – GER,5:1,1,0,1,0,2,-,
9.2.2023,,Turnaj pěti v Ängelholmu – 20,CZE – FIN,0:5,0,0,0,0,4,-,
7.2.2023,,Turnaj pěti v Ängelholmu – 20,SUI – CZE,3:2,0,0,0,0,,-,
5.2.2023,45.,Tipsport extraliga,PLZ – LIB,2:4,0,0,0,0,0,04:35,
3.2.2023,45.,DHL ELJ,PLZ – VIT,3:2,2,0,2,0,0,-,
28.1.2023,44.,DHL ELJ,PLZ – SPA,0:4,0,0,0,-1,0,-,
14.1.2023,40.,DHL ELJ,KOM – PLZ,3:0,0,0,0,0,2,-,
13.1.2023,39.,DHL ELJ,JIH – PLZ,7:4,2,0,2,-1,2,-,
8.1.2023,36.,Tipsport extraliga,TRI – PLZ,6:1,0,0,0,-1,0,09:13,
5.1.2023,35.,Tipsport extraliga,PLZ – MHK,0:4,0,0,0,0,0,15:13,
3.1.2023,34.,Tipsport extraliga,KLA – PLZ,3:4,1,0,1,1,0,06:04,
30.12.2022,33.,Tipsport extraliga,PLZ – KOM,5:2,0,1,1,0,0,04:53,
28.12.2022,32.,Tipsport extraliga,LIB – PLZ,2:1,0,0,0,0,0,05:22,
26.12.2022,31.,Tipsport extraliga,PLZ – KVA,1:0,0,0,0,0,0,08:00,
22.12.2022,30.,Tipsport extraliga,SPA – PLZ,3:0,0,0,0,0,0,12:42,
20.12.2022,29.,Tipsport extraliga,PLZ – PCE,0:2,0,0,0,0,0,12:49,
14.12.2022,32.,DHL ELJ,TRI – PLZ,7:5,2,1,3,0,0,-,
13.12.2022,31.,DHL ELJ,VIT – PLZ,2:7,2,2,4,4,2,-,
11.12.2022,28.,Tipsport extraliga,VIT – PLZ,3:2,0,0,0,0,0,04:36,
10.12.2022,30.,DHL ELJ,SPA – PLZ,4:1,1,0,1,0,2,-,
9.12.2022,27.,Tipsport extraliga,PLZ – OLO,5:4,0,0,0,0,0,06:49,
5.12.2022,27.,DHL ELJ,KVA – PLZ,2:0,0,0,0,0,0,-,
4.12.2022,26.,Tipsport extraliga,PLZ – CEB,4:1,0,0,0,0,0,06:50,
3.12.2022,28.,DHL ELJ,LIT – PLZ,3:6,0,1,1,2,4,-,
1.12.2022,25.,Tipsport extraliga,MBL – PLZ,0:1,0,0,0,0,0,06:03,
29.11.2022,24.,Tipsport extraliga,LIT – PLZ,2:4,0,0,0,0,0,03:40,
27.11.2022,23.,Tipsport extraliga,PLZ – TRI,2:1,0,0,0,0,0,05:19,
25.11.2022,22.,Tipsport extraliga,MHK – PLZ,1:4,0,0,0,0,0,06:36,
21.11.2022,24.,DHL ELJ,MBL – PLZ,4:3,1,1,2,-1,0,-,
20.11.2022,21.,Tipsport extraliga,PLZ – KLA,1:2,0,1,1,1,4,08:05,
18.11.2022,20.,Tipsport extraliga,KOM – PLZ,3:1,0,0,0,0,0,12:15,
13.11.2022,,Turnaj pěti v Porubě – 20,CZE – FIN,0:4,0,0,0,-2,4,15:13,
12.11.2022,,Turnaj pěti v Porubě – 20,CZE – FIN,6:3,0,0,0,0,0,13:55,
10.11.2022,,Turnaj pěti v Porubě – 20,CZE – SWE,3:4,0,0,0,-1,0,14:40,
6.11.2022,19.,Tipsport extraliga,PLZ – LIB,3:4,0,0,0,0,0,13:34,
4.11.2022,18.,Tipsport extraliga,KVA – PLZ,4:5,0,0,0,1,0,08:47,
2.11.2022,17.,Tipsport extraliga,PLZ – SPA,4:0,0,0,0,0,0,07:44,
30.10.2022,16.,Tipsport extraliga,PCE – PLZ,7:2,0,0,0,-3,0,14:30,
28.10.2022,15.,Tipsport extraliga,PLZ – VIT,4:3,0,0,0,-1,0,16:39,
23.10.2022,14.,Tipsport extraliga,OLO – PLZ,1:4,1,1,2,2,0,13:07,
20.10.2022,13.,Tipsport extraliga,CEB – PLZ,3:2,0,0,0,-1,0,16:38,
18.10.2022,12.,Tipsport extraliga,PLZ – MBL,1:2,0,0,0,0,0,07:27,
16.10.2022,11.,Tipsport extraliga,PLZ – LIT,4:3,1,0,1,1,0,05:06,
14.10.2022,10.,Tipsport extraliga,TRI – PLZ,3:2,0,0,0,-1,0,08:03,
7.10.2022,8.,Tipsport extraliga,KLA – PLZ,0:4,0,0,0,0,0,04:15,
1.10.2022,10.,DHL ELJ,PLZ – MBL,1:2,1,0,1,0,0,-,
30.9.2022,9.,DHL ELJ,PLZ – LIB,3:2,1,2,3,0,0,-,
29.9.2022,6.,Tipsport extraliga,LIB – PLZ,2:3,0,0,0,0,2,04:18,
23.9.2022,3.,Tipsport extraliga,PLZ – PCE,1:4,0,0,0,-1,0,06:27,
18.9.2022,2.,Tipsport extraliga,VIT – PLZ,4:2,0,0,0,-1,0,05:31,
16.9.2022,1.,Tipsport extraliga,PLZ – OLO,1:2,0,0,0,0,0,11:53,
3.9.2022,2.,DHL ELJ,SPA – PLZ,2:1,0,1,1,0,0,-,
