datum,kolo,soutěž,zápas,skóre,G,A,B,+-,TM,TOI,
26.2.2023,50.,Tipsport extraliga,KVA – CEB,5:1,0,0,0,0,0,04:12,
5.2.2023,45.,Tipsport extraliga,OLO – CEB,3:2,0,0,0,0,0,00:16,
2.2.2023,44.,Tipsport extraliga,CEB – MHK,2:3,0,0,0,-1,0,06:13,
29.1.2023,43.,Tipsport extraliga,LIT – CEB,1:0,0,0,0,0,0,07:06,
22.1.2023,40.,Tipsport extraliga,KVA – KOM,5:4,0,0,0,0,0,05:17,
20.1.2023,39.,Tipsport extraliga,SPA – KOM,5:3,0,0,0,0,0,12:49,
15.1.2023,38.,Tipsport extraliga,KOM – VIT,2:5,0,0,0,-2,0,10:05,
13.1.2023,18.,Tipsport extraliga,TRI – KOM,6:1,0,0,0,-1,0,12:03,
11.1.2023,37.,Tipsport extraliga,OLO – KOM,1:4,0,0,0,1,0,10:51,
8.1.2023,36.,Tipsport extraliga,KOM – PCE,1:4,0,0,0,-2,2,15:42,
6.1.2023,35.,Tipsport extraliga,MBL – KOM,7:3,1,0,1,0,0,16:57,
3.1.2023,34.,Tipsport extraliga,KOM – LIT,3:1,0,0,0,2,0,13:24,
30.12.2022,33.,Tipsport extraliga,PLZ – KOM,5:2,0,0,0,0,0,15:40,
