datum,kolo,soutěž,zápas,skóre,G,A,B,+-,TM,TOI,
26.2.2023,50.,Tipsport extraliga,MHK – MBL,3:2,0,0,0,-2,0,14:39,
24.2.2023,49.,Tipsport extraliga,MBL – LIT,1:2,0,0,0,1,0,18:11,
19.2.2023,48.,Tipsport extraliga,KOM – MBL,1:4,1,1,2,4,2,18:27,
17.2.2023,47.,Tipsport extraliga,MBL – KVA,0:2,0,0,0,0,0,17:38,
3.2.2023,44.,Tipsport extraliga,LIB – MBL,4:3,0,0,0,-1,0,21:57,
29.1.2023,43.,Tipsport extraliga,MBL – PCE,3:5,0,0,0,0,0,17:03,
27.1.2023,42.,Tipsport extraliga,CEB – MBL,5:4,0,0,0,-2,0,21:16,
24.1.2023,41.,Tipsport extraliga,MBL – OLO,4:0,0,0,0,0,0,21:49,
22.1.2023,40.,Tipsport extraliga,SPA – MBL,4:1,0,0,0,0,2,16:35,
20.1.2023,39.,Tipsport extraliga,MBL – TRI,1:0,0,0,0,0,0,21:03,
17.1.2023,19.,Tipsport extraliga,MBL – VIT,3:2,0,0,0,-1,0,23:13,
15.1.2023,38.,Tipsport extraliga,PLZ – MBL,3:2,0,0,0,1,0,21:09,
13.1.2023,37.,Tipsport extraliga,MBL – MHK,3:2,0,0,0,1,2,18:01,
8.1.2023,36.,Tipsport extraliga,LIT – MBL,4:3,0,1,1,1,2,21:27,
6.1.2023,35.,Tipsport extraliga,MBL – KOM,7:3,0,1,1,0,0,20:24,
3.1.2023,34.,Tipsport extraliga,KVA – MBL,4:1,0,1,1,0,2,20:04,
30.12.2022,33.,Tipsport extraliga,MBL – KLA,1:2,0,0,0,-1,0,20:55,
28.12.2022,32.,Tipsport extraliga,VIT – MBL,5:2,0,1,1,-2,0,17:57,
26.12.2022,31.,Tipsport extraliga,MBL – LIB,3:7,0,0,0,-1,0,22:30,
22.12.2022,30.,Tipsport extraliga,PCE – MBL,2:1,0,0,0,0,2,24:27,
20.12.2022,29.,Tipsport extraliga,MBL – CEB,2:1,0,0,0,1,2,19:25,
11.12.2022,28.,Tipsport extraliga,OLO – MBL,2:0,0,0,0,-1,0,17:34,
9.12.2022,27.,Tipsport extraliga,MBL – SPA,1:2,0,0,0,0,0,18:12,
4.12.2022,26.,Tipsport extraliga,TRI – MBL,3:0,0,0,0,0,0,19:36,
1.12.2022,25.,Tipsport extraliga,MBL – PLZ,0:1,0,0,0,0,5,15:42,
29.11.2022,24.,Tipsport extraliga,MHK – MBL,0:2,0,0,0,0,0,23:01,
27.11.2022,23.,Tipsport extraliga,MBL – LIT,6:4,0,0,0,-1,5,15:22,
25.11.2022,22.,Tipsport extraliga,KOM – MBL,1:3,0,0,0,1,0,19:47,
20.11.2022,21.,Tipsport extraliga,KVA – MBL,4:3,1,0,1,0,0,21:34,
18.11.2022,20.,Tipsport extraliga,KLA – MBL,1:2,0,0,0,0,0,16:48,
16.10.2022,11.,Tipsport extraliga,MBL – MHK,0:2,0,0,0,0,0,12:46,
14.10.2022,10.,Tipsport extraliga,LIT – MBL,3:4,0,0,0,0,0,16:33,
9.10.2022,9.,Tipsport extraliga,MBL – KOM,3:2,0,0,0,-1,0,17:07,
6.10.2022,8.,Tipsport extraliga,MBL – KVA,0:1,0,0,0,0,2,16:01,
2.10.2022,7.,Tipsport extraliga,MBL – KLA,4:0,0,0,0,1,0,16:07,
29.9.2022,6.,Tipsport extraliga,VIT – MBL,4:0,0,0,0,-1,0,19:33,
27.9.2022,5.,Tipsport extraliga,MBL – LIB,2:1,0,0,0,0,0,17:49,
25.9.2022,4.,Tipsport extraliga,PCE – MBL,2:3,0,0,0,-1,0,21:00,
23.9.2022,3.,Tipsport extraliga,MBL – CEB,5:1,0,0,0,0,2,14:58,
18.9.2022,2.,Tipsport extraliga,OLO – MBL,2:1,0,0,0,0,0,16:28,
16.9.2022,1.,Tipsport extraliga,MBL – SPA,4:2,0,0,0,1,2,15:19,
