datum,kolo,soutěž,zápas,skóre,G,A,B,+-,TM,TOI,
22.2.2023,49.,Tipsport extraliga,CEB – LIB,3:4,0,0,0,0,0,07:02,
19.2.2023,48.,Tipsport extraliga,LIB – SPA,2:1,0,0,0,0,0,05:26,
17.2.2023,47.,Tipsport extraliga,OLO – LIB,2:3,0,1,1,-1,0,06:19,
15.2.2023,46.,Tipsport extraliga,LIB – TRI,3:2,0,0,0,1,0,07:10,
5.2.2023,45.,Tipsport extraliga,PLZ – LIB,2:4,0,0,0,0,0,09:46,
3.2.2023,44.,Tipsport extraliga,LIB – MBL,4:3,0,0,0,1,0,08:54,
24.1.2023,41.,Tipsport extraliga,KLA – LIB,3:2,0,0,0,-1,0,08:25,
22.1.2023,40.,Tipsport extraliga,LIB – MHK,3:1,0,0,0,0,2,08:22,
20.1.2023,39.,Tipsport extraliga,VIT – LIB,2:0,0,0,0,0,0,10:19,
15.1.2023,38.,Tipsport extraliga,LIB – KVA,3:1,0,0,0,0,0,09:42,
13.1.2023,37.,Tipsport extraliga,LIB – PCE,3:4,0,1,1,1,0,07:15,
10.1.2023,27.,Tipsport extraliga,MHK – LIB,5:4,0,0,0,0,0,04:01,
8.1.2023,36.,Tipsport extraliga,LIB – CEB,2:3,0,0,0,-1,0,05:31,
6.1.2023,35.,Tipsport extraliga,SPA – LIB,2:5,0,0,0,0,0,06:47,
3.1.2023,34.,Tipsport extraliga,LIB – OLO,6:1,0,0,0,0,0,11:21,
30.12.2022,33.,Tipsport extraliga,TRI – LIB,6:3,0,0,0,-1,0,10:46,
28.12.2022,32.,Tipsport extraliga,LIB – PLZ,2:1,0,0,0,0,0,05:53,
26.12.2022,31.,Tipsport extraliga,MBL – LIB,3:7,1,0,1,1,0,07:34,
22.12.2022,30.,Tipsport extraliga,LIB – KOM,2:1,0,0,0,0,0,06:51,
19.12.2022,30.,CHANCE LIGA,KOL – TRE,2:1,1,0,1,0,0,22:14,
12.12.2022,12.,CHANCE LIGA,SOK – KOL,0:5,0,0,0,-1,0,16:39,
10.12.2022,29.,CHANCE LIGA,LTM – KOL,2:1,0,1,1,0,0,22:41,
7.12.2022,28.,CHANCE LIGA,KOL – PRO,2:6,0,1,1,-1,0,21:14,
4.12.2022,26.,Tipsport extraliga,LIB – VIT,2:3,0,0,0,-1,0,09:12,
2.12.2022,25.,Tipsport extraliga,KVA – LIB,0:2,0,0,0,0,2,10:37,
29.11.2022,24.,Tipsport extraliga,PCE – LIB,1:3,0,0,0,0,0,03:27,
27.11.2022,23.,Tipsport extraliga,CEB – LIB,4:1,0,0,0,0,0,02:39,
25.11.2022,22.,Tipsport extraliga,SPA – LIB,3:1,0,0,0,0,0,08:34,
22.11.2022,17.,Tipsport extraliga,KOM – LIB,0:5,0,0,0,0,0,10:49,
19.11.2022,22.,CHANCE LIGA,POR – KOL,6:4,1,0,1,0,,20:40,
16.11.2022,21.,CHANCE LIGA,KOL – PCE,2:1,1,0,1,1,0,17:41,
14.11.2022,20.,CHANCE LIGA,FRM – KOL,2:1,0,1,1,1,0,17:05,
6.11.2022,19.,Tipsport extraliga,PLZ – LIB,3:4,0,0,0,0,0,07:08,
4.11.2022,18.,Tipsport extraliga,LIB – MBL,6:2,0,0,0,-2,0,04:47,
30.10.2022,16.,Tipsport extraliga,LIB – LIT,2:3,1,0,1,1,0,05:23,
28.10.2022,15.,Tipsport extraliga,KLA – LIB,3:2,0,0,0,1,2,07:53,
26.10.2022,16.,CHANCE LIGA,KOL – LTM,2:1,1,0,1,1,0,15:10,
23.10.2022,14.,Tipsport extraliga,LIB – MHK,3:6,0,0,0,-1,0,06:13,
19.10.2022,13.,CHANCE LIGA,KOL – VSE,3:1,0,0,0,-1,0,15:15,
12.10.2022,11.,CHANCE LIGA,KOL – SUM,3:5,0,0,0,-3,0,23:28,
10.10.2022,10.,CHANCE LIGA,JIH – KOL,3:2,0,0,0,-1,0,20:25,
8.10.2022,9.,CHANCE LIGA,KOL – POR,4:6,0,0,0,0,0,18:02,
5.10.2022,8.,CHANCE LIGA,PCE – KOL,3:2,0,0,0,1,0,17:06,
1.10.2022,7.,CHANCE LIGA,KOL – FRM,2:5,0,0,0,0,0,19:49,
28.9.2022,6.,CHANCE LIGA,KOL – SLA,3:1,1,1,2,2,0,18:20,
26.9.2022,5.,CHANCE LIGA,PRE – KOL,4:2,0,0,0,0,0,13:58,
24.9.2022,4.,CHANCE LIGA,KOL – TRE,3:2,0,0,0,0,0,15:55,
21.9.2022,3.,CHANCE LIGA,LTM – KOL,5:6,0,0,0,0,,16:07,
17.9.2022,2.,CHANCE LIGA,KOL – PRO,5:3,1,0,1,-1,,12:41,
14.9.2022,1.,CHANCE LIGA,ZLN – KOL,1:4,1,0,1,1,0,17:28,
