datum,kolo,soutěž,zápas,skóre,G,A,B,+-,TM,TOI,
26.2.2023,50.,Tipsport extraliga,LIT – PLZ,2:0,0,0,0,-1,2,14:31,
24.2.2023,49.,Tipsport extraliga,PLZ – TRI,4:5,0,0,0,1,2,20:01,
23.2.2023,50.,DHL ELJ,PLZ – OLO,7:1,0,0,0,3,0,-,
18.2.2023,48.,DHL ELJ,PCE – PLZ,1:4,0,0,0,1,0,-,
17.2.2023,47.,DHL ELJ,MHK – PLZ,3:4,0,1,1,0,0,-,
14.2.2023,26.,DHL ELJ,PLZ – KOM,5:2,1,0,1,1,0,-,
12.2.2023,,Turnaj čtyř ve Finsku – 18,CZE – USA,1:9,0,0,0,0,2,-,
11.2.2023,,Turnaj čtyř ve Finsku – 18,SWE – CZE,3:1,0,1,1,0,2,-,
10.2.2023,,Turnaj čtyř ve Finsku – 18,FIN – CZE,4:2,0,0,0,0,,-,
3.2.2023,45.,DHL ELJ,PLZ – VIT,3:2,0,1,1,0,0,-,
29.1.2023,43.,Tipsport extraliga,PLZ – SPA,4:3,0,0,0,0,0,01:18,
28.1.2023,44.,DHL ELJ,PLZ – SPA,0:4,0,0,0,-1,0,-,
26.1.2023,42.,Tipsport extraliga,PCE – PLZ,4:3,0,0,0,0,0,07:38,
22.1.2023,40.,Tipsport extraliga,OLO – PLZ,3:2,0,0,0,-1,2,13:12,
20.1.2023,39.,Tipsport extraliga,CEB – PLZ,3:4,0,1,1,0,0,13:00,
15.1.2023,38.,Tipsport extraliga,PLZ – MBL,3:2,0,0,0,-1,0,07:51,
13.1.2023,37.,Tipsport extraliga,PLZ – LIT,4:1,0,0,0,0,0,05:29,
10.1.2023,41.,Tipsport extraliga,PLZ – VIT,2:3,0,1,1,0,0,10:07,
8.1.2023,36.,Tipsport extraliga,TRI – PLZ,6:1,0,0,0,0,0,27:25,
7.1.2023,38.,DHL ELJ,PLZ – MBL,1:0,0,0,0,0,4,-,
6.1.2023,37.,DHL ELJ,PLZ – LIB,4:1,0,0,0,0,0,-,
3.1.2023,36.,DHL ELJ,OLO – PLZ,1:5,1,0,1,2,6,-,
2.1.2023,35.,DHL ELJ,ZLN – PLZ,5:2,0,0,0,-1,0,-,
29.12.2022,,Turnaj pěti v Zuchwilu – 18,SUI – CZE,3:2,0,0,0,0,,-,
28.12.2022,,Turnaj pěti v Zuchwilu – 18,CZE – SVK,5:2,0,0,0,0,,-,
27.12.2022,,Turnaj pěti v Zuchwilu – 18,CZE – FIN,3:1,0,0,0,0,,-,
26.12.2022,,Turnaj pěti v Zuchwilu – 18,GER – CZE,2:3,0,0,0,0,,-,
19.12.2022,34.,DHL ELJ,PLZ – PCE,3:4,0,1,1,-1,0,-,
18.12.2022,33.,DHL ELJ,PLZ – MHK,4:3,1,0,1,0,0,-,
14.12.2022,32.,DHL ELJ,TRI – PLZ,7:5,1,0,1,-1,0,-,
13.12.2022,31.,DHL ELJ,VIT – PLZ,2:7,1,3,4,4,0,-,
10.12.2022,30.,DHL ELJ,SPA – PLZ,4:1,0,0,0,-1,0,-,
5.12.2022,27.,DHL ELJ,KVA – PLZ,2:0,0,0,0,0,4,-,
3.12.2022,28.,DHL ELJ,LIT – PLZ,3:6,1,0,1,1,0,-,
21.11.2022,24.,DHL ELJ,MBL – PLZ,4:3,0,0,0,-1,0,-,
20.11.2022,23.,DHL ELJ,LIB – PLZ,3:5,0,0,0,1,0,-,
17.11.2022,22.,DHL ELJ,PLZ – OLO,3:4,0,0,0,0,0,-,
16.11.2022,21.,DHL ELJ,PLZ – ZLN,2:6,0,0,0,0,0,-,
11.11.2022,,World Hockey Challenge – sk.,CAN – CZE,7:5,0,0,0,0,4,-,
10.11.2022,,World Hockey Challenge – sk.,SWE – CZE,5:4,0,0,0,0,,-,
9.11.2022,,World Hockey Challenge – sk.,CZE – CAN,5:6,1,1,2,0,,-,
8.11.2022,,World Hockey Challenge – sk.,FIN – CZE,3:1,0,0,0,0,,-,
5.11.2022,,World Hockey Challenge – sk.,CZE – CAN,0:3,0,0,0,0,2,-,
5.11.2022,,World Hockey Challenge – sk.,CZE – USA,1:7,0,0,0,0,,-,
29.10.2022,18.,DHL ELJ,PLZ – TRI,6:3,2,2,4,1,0,-,
22.10.2022,16.,DHL ELJ,PLZ – SPA,3:4,1,1,2,0,0,-,
15.10.2022,14.,DHL ELJ,PLZ – LIT,4:2,0,0,0,0,2,-,
14.10.2022,13.,DHL ELJ,PLZ – KVA,3:1,0,0,0,0,0,-,
8.10.2022,12.,DHL ELJ,KOM – PLZ,4:5,1,0,1,-1,2,-,
7.10.2022,11.,DHL ELJ,JIH – PLZ,3:2,0,0,0,0,0,-,
1.10.2022,10.,DHL ELJ,PLZ – MBL,1:2,0,0,0,-1,2,-,
30.9.2022,9.,DHL ELJ,PLZ – LIB,3:2,0,0,0,1,0,-,
24.9.2022,8.,DHL ELJ,OLO – PLZ,5:2,0,0,0,0,0,-,
23.9.2022,7.,DHL ELJ,ZLN – PLZ,1:3,0,0,0,1,0,-,
17.9.2022,6.,DHL ELJ,PLZ – PCE,4:3,0,1,1,1,0,-,
16.9.2022,5.,DHL ELJ,PLZ – MHK,4:2,0,0,0,0,0,-,
10.9.2022,4.,DHL ELJ,TRI – PLZ,6:4,0,1,1,-1,2,-,
9.9.2022,3.,DHL ELJ,VIT – PLZ,3:1,0,0,0,-1,0,-,
3.9.2022,2.,DHL ELJ,SPA – PLZ,2:1,0,0,0,0,2,-,
14.8.2022,,Turnaj pěti v Colorado Springs – 17,USA – CZE,4:6,1,0,1,0,,-,
12.8.2022,,Turnaj pěti v Colorado Springs – 17,CZE – GER,4:1,0,0,0,0,2,-,
12.8.2022,,Turnaj pěti v Colorado Springs – 17,CZE – SVK,7:1,0,1,1,0,2,-,
9.8.2022,,Turnaj pěti v Colorado Springs – 17,CZE – SUI,5:4,1,0,1,0,2,-,
30.7.2022,,Reprezentace 17 – příp.,SUI – CZE,4:3,1,0,1,0,,-,
29.7.2022,,Reprezentace 17 – příp.,SUI – CZE,2:3,0,0,0,0,,-,
28.7.2022,,Reprezentace 17 – příp.,SUI – CZE,0:4,0,0,0,0,,-,
