datum,kolo,soutěž,zápas,skóre,G,A,B,+-,TM,TOI,
25.2.2023,50.,CHANCE LIGA,SOK – LTM,3:4,0,0,0,0,0,09:54,
22.2.2023,49.,CHANCE LIGA,TRE – SOK,3:1,0,0,0,-1,2,13:25,
20.2.2023,47.,CHANCE LIGA,SOK – JIH,1:2,0,0,0,0,2,23:07,
18.2.2023,48.,CHANCE LIGA,SOK – PRO,4:2,1,1,2,1,2,17:58,
13.2.2023,46.,CHANCE LIGA,VSE – SOK,4:3,0,0,0,-1,0,21:33,
11.2.2023,24.,CHANCE LIGA,SOK – LTM,6:4,0,0,0,0,2,14:28,
5.2.2023,45.,Tipsport extraliga,LIT – KVA,1:2,0,0,0,0,0,05:25,
4.2.2023,45.,CHANCE LIGA,SOK – POR,6:7,0,0,0,0,0,18:07,
3.2.2023,44.,Tipsport extraliga,KVA – PLZ,3:1,0,0,0,0,0,01:25,
31.1.2023,33.,Tipsport extraliga,SPA – KVA,6:3,0,0,0,-2,0,08:26,
30.1.2023,43.,CHANCE LIGA,SOK – FRM,2:1,0,0,0,0,2,14:36,
29.1.2023,43.,Tipsport extraliga,OLO – KVA,3:4,0,0,0,0,0,00:19,
28.1.2023,42.,CHANCE LIGA,SUM – SOK,4:0,0,0,0,-1,0,17:30,
25.1.2023,41.,CHANCE LIGA,SOK – SLA,3:5,0,0,0,1,0,16:10,
24.1.2023,41.,Tipsport extraliga,MHK – KVA,3:0,0,0,0,-1,0,10:56,
22.1.2023,40.,Tipsport extraliga,KVA – KOM,5:4,0,0,0,0,0,14:10,
20.1.2023,39.,Tipsport extraliga,KVA – KLA,4:2,0,0,0,0,0,13:56,
18.1.2023,39.,CHANCE LIGA,PRE – SOK,2:4,0,0,0,-4,0,13:55,
14.1.2023,38.,CHANCE LIGA,SOK – KOL,3:2,0,0,0,1,0,14:05,
13.1.2023,37.,Tipsport extraliga,CEB – KVA,2:4,0,0,0,0,0,08:27,
9.1.2023,36.,CHANCE LIGA,SOK – TRE,3:2,0,0,0,0,0,17:26,
8.1.2023,36.,Tipsport extraliga,KVA – VIT,1:3,0,0,0,0,2,16:29,
6.1.2023,35.,Tipsport extraliga,PCE – KVA,7:4,0,0,0,1,0,12:21,
3.1.2023,34.,Tipsport extraliga,KVA – MBL,4:1,0,1,1,1,0,17:16,
28.12.2022,32.,Tipsport extraliga,KVA – LIT,3:0,0,0,0,0,0,01:52,
26.12.2022,31.,Tipsport extraliga,PLZ – KVA,1:0,0,0,0,0,0,13:56,
22.12.2022,30.,Tipsport extraliga,KVA – OLO,0:3,0,0,0,0,2,19:06,
20.12.2022,29.,Tipsport extraliga,TRI – KVA,4:2,0,0,0,1,0,14:48,
12.12.2022,12.,CHANCE LIGA,SOK – KOL,0:5,0,0,0,0,0,17:20,
11.12.2022,28.,Tipsport extraliga,KVA – MHK,1:4,0,0,0,-1,2,16:12,
10.12.2022,29.,CHANCE LIGA,SOK – SUM,2:1,1,0,1,1,2,18:15,
9.12.2022,27.,Tipsport extraliga,KOM – KVA,2:3,0,0,0,1,0,16:35,
7.12.2022,28.,CHANCE LIGA,SLA – SOK,3:1,0,0,0,0,0,12:53,
5.12.2022,27.,CHANCE LIGA,SOK – PCE,5:3,0,0,0,-1,0,07:48,
3.12.2022,26.,CHANCE LIGA,SOK – PRE,2:1,0,1,1,1,0,18:58,
2.12.2022,25.,Tipsport extraliga,KVA – LIB,0:2,0,0,0,-1,0,09:00,
30.11.2022,25.,CHANCE LIGA,KOL – SOK,4:0,0,0,0,0,4,10:59,
29.11.2022,24.,Tipsport extraliga,CEB – KVA,0:3,0,0,0,0,0,05:23,
25.11.2022,22.,Tipsport extraliga,KVA – PCE,1:3,0,0,0,-1,0,07:05,
23.11.2022,23.,CHANCE LIGA,TRE – SOK,3:2,0,0,0,-1,,14:58,
20.11.2022,21.,Tipsport extraliga,KVA – MBL,4:3,0,1,1,1,0,08:52,
19.11.2022,22.,CHANCE LIGA,SOK – PRO,3:1,0,0,0,0,,13:55,
16.11.2022,21.,CHANCE LIGA,SOK – JIH,1:2,0,0,0,0,2,16:27,
14.11.2022,20.,CHANCE LIGA,SOK – VSE,3:2,0,0,0,-1,0,20:19,
6.11.2022,19.,Tipsport extraliga,LIT – KVA,5:3,0,0,0,0,0,14:00,
4.11.2022,18.,Tipsport extraliga,KVA – PLZ,4:5,0,0,0,1,0,13:06,
3.11.2022,19.,CHANCE LIGA,POR – SOK,5:1,0,0,0,-1,2,14:36,
2.11.2022,18.,CHANCE LIGA,ZLN – SOK,3:0,0,0,0,-2,2,14:59,
29.10.2022,17.,CHANCE LIGA,SOK – FRM,1:3,0,0,0,-1,2,06:52,
26.10.2022,16.,CHANCE LIGA,SUM – SOK,4:3,0,0,0,0,0,15:36,
24.10.2022,15.,CHANCE LIGA,SOK – SLA,2:3,0,0,0,-1,0,16:01,
22.10.2022,14.,CHANCE LIGA,PCE – SOK,3:4,0,0,0,1,0,19:43,
19.10.2022,13.,CHANCE LIGA,PRE – SOK,3:2,0,0,0,-1,4,14:05,
12.10.2022,11.,CHANCE LIGA,LTM – SOK,3:5,0,0,0,-1,2,10:27,
10.10.2022,10.,CHANCE LIGA,SOK – TRE,4:1,0,0,0,0,0,13:50,
8.10.2022,9.,CHANCE LIGA,PRO – SOK,5:2,0,0,0,0,0,12:17,
5.10.2022,8.,CHANCE LIGA,JIH – SOK,2:3,0,0,0,0,0,16:37,
1.10.2022,7.,CHANCE LIGA,SOK – VSE,3:2,0,0,0,1,0,17:04,
30.9.2022,6.,CHANCE LIGA,SOK – POR,2:4,0,0,0,0,,13:41,
26.9.2022,5.,CHANCE LIGA,SOK – ZLN,2:1,0,0,0,0,,16:30,
24.9.2022,4.,CHANCE LIGA,FRM – SOK,1:2,0,0,0,1,0,16:47,
21.9.2022,3.,CHANCE LIGA,SOK – SUM,4:5,0,0,0,-1,0,13:38,
14.9.2022,1.,CHANCE LIGA,SOK – PCE,2:5,0,0,0,-3,,16:39,
