datum,kolo,soutěž,zápas,skóre,G,A,B,+-,TM,TOI,
26.2.2023,50.,Tipsport extraliga,KOM – OLO,1:0,0,0,0,0,2,01:58,
24.2.2023,49.,Tipsport extraliga,OLO – MHK,0:4,0,0,0,0,0,15:13,
19.2.2023,48.,Tipsport extraliga,KLA – OLO,4:5,0,0,0,-1,2,13:01,
17.2.2023,47.,Tipsport extraliga,OLO – LIB,2:3,0,1,1,0,0,11:19,
15.2.2023,46.,Tipsport extraliga,VIT – OLO,3:1,0,0,0,-1,0,13:25,
5.2.2023,45.,Tipsport extraliga,OLO – CEB,3:2,0,0,0,0,0,08:31,
3.2.2023,44.,Tipsport extraliga,PCE – OLO,4:1,0,0,0,-1,0,11:08,
29.1.2023,43.,Tipsport extraliga,OLO – KVA,3:4,0,1,1,0,0,14:31,
24.1.2023,41.,Tipsport extraliga,MBL – OLO,4:0,0,0,0,-1,0,14:50,
22.1.2023,40.,Tipsport extraliga,OLO – PLZ,3:2,0,0,0,0,0,11:06,
20.1.2023,39.,Tipsport extraliga,OLO – LIT,1:8,0,0,0,-2,0,16:20,
17.1.2023,38.,Tipsport extraliga,TRI – OLO,1:3,0,0,0,0,0,13:29,
11.1.2023,37.,Tipsport extraliga,OLO – KOM,1:4,0,0,0,-1,0,14:26,
8.1.2023,36.,Tipsport extraliga,MHK – OLO,5:4,0,0,0,1,0,15:12,
6.1.2023,35.,Tipsport extraliga,OLO – KLA,6:2,1,0,1,1,0,17:11,
3.1.2023,34.,Tipsport extraliga,LIB – OLO,6:1,0,0,0,-1,0,15:45,
30.12.2022,33.,Tipsport extraliga,OLO – VIT,2:4,0,0,0,0,0,15:20,
26.12.2022,31.,Tipsport extraliga,OLO – PCE,3:2,0,0,0,-1,0,19:06,
22.12.2022,30.,Tipsport extraliga,KVA – OLO,0:3,0,0,0,0,2,17:20,
20.12.2022,29.,Tipsport extraliga,OLO – SPA,0:1,0,0,0,0,0,15:00,
11.12.2022,28.,Tipsport extraliga,OLO – MBL,2:0,0,0,0,1,0,20:45,
9.12.2022,27.,Tipsport extraliga,PLZ – OLO,5:4,0,0,0,0,0,12:03,
4.12.2022,26.,Tipsport extraliga,LIT – OLO,5:3,1,0,1,0,0,17:19,
2.12.2022,25.,Tipsport extraliga,OLO – TRI,4:2,0,0,0,-1,0,10:35,
27.11.2022,23.,Tipsport extraliga,OLO – MHK,5:0,0,0,0,0,0,10:43,
25.11.2022,22.,Tipsport extraliga,KLA – OLO,5:2,0,0,0,-1,0,14:07,
22.11.2022,12.,Tipsport extraliga,TRI – OLO,2:3,0,0,0,0,0,09:09,
20.11.2022,21.,Tipsport extraliga,OLO – LIB,4:1,0,1,1,1,0,10:46,
18.11.2022,20.,Tipsport extraliga,VIT – OLO,3:0,0,0,0,0,0,18:23,
15.11.2022,4.,Tipsport extraliga,KVA – OLO,3:2,0,0,0,-1,0,19:02,
6.11.2022,19.,Tipsport extraliga,OLO – CEB,3:1,0,0,0,0,4,12:30,
3.11.2022,18.,Tipsport extraliga,PCE – OLO,3:0,0,0,0,-1,0,11:58,
1.11.2022,17.,Tipsport extraliga,OLO – KVA,2:0,0,0,0,1,0,11:46,
30.10.2022,16.,Tipsport extraliga,SPA – OLO,2:5,0,0,0,0,0,13:04,
28.10.2022,15.,Tipsport extraliga,MBL – OLO,2:3,0,0,0,1,0,13:13,
23.10.2022,14.,Tipsport extraliga,OLO – PLZ,1:4,0,0,0,-1,0,15:11,
15.10.2022,12.,CHANCE LIGA,JIH – PCE,3:2,0,0,0,0,0,18:19,
9.10.2022,9.,Tipsport extraliga,OLO – KLA,3:0,0,0,0,0,2,13:08,
7.10.2022,8.,Tipsport extraliga,LIB – OLO,6:2,0,1,1,0,0,15:19,
2.10.2022,7.,Tipsport extraliga,OLO – VIT,5:4,0,1,1,2,0,10:26,
