datum,kolo,soutěž,zápas,skóre,G,A,B,+-,TM,TOI,
26.2.2023,50.,Tipsport extraliga,KOM – OLO,1:0,0,0,0,0,2,04:31,
24.2.2023,49.,Tipsport extraliga,PCE – KOM,1:3,1,0,1,0,0,09:16,
19.2.2023,48.,Tipsport extraliga,KOM – MBL,1:4,0,1,1,-1,0,13:22,
17.2.2023,47.,Tipsport extraliga,LIT – KOM,3:2,0,1,1,-1,0,11:21,
15.2.2023,46.,Tipsport extraliga,KOM – PLZ,3:0,1,0,1,0,0,13:46,
5.2.2023,45.,Tipsport extraliga,MHK – KOM,1:0,0,0,0,0,0,12:37,
3.2.2023,44.,Tipsport extraliga,KOM – TRI,5:1,0,2,2,1,2,11:51,
29.1.2023,43.,Tipsport extraliga,KOM – LIB,3:0,0,1,1,0,0,11:46,
27.1.2023,42.,Tipsport extraliga,KLA – KOM,0:3,0,0,0,0,0,14:23,
24.1.2023,41.,Tipsport extraliga,KOM – CEB,5:2,0,0,0,0,0,14:40,
22.1.2023,40.,Tipsport extraliga,KVA – KOM,5:4,0,1,1,1,2,13:12,
20.1.2023,39.,Tipsport extraliga,SPA – KOM,5:3,0,0,0,0,0,14:11,
13.1.2023,18.,Tipsport extraliga,TRI – KOM,6:1,0,0,0,-2,0,18:19,
11.1.2023,37.,Tipsport extraliga,OLO – KOM,1:4,0,1,1,0,0,17:16,
8.1.2023,36.,Tipsport extraliga,KOM – PCE,1:4,0,0,0,-2,0,17:03,
6.1.2023,35.,Tipsport extraliga,MBL – KOM,7:3,1,0,1,-1,0,17:21,
3.1.2023,34.,Tipsport extraliga,KOM – LIT,3:1,0,1,1,1,0,15:45,
20.12.2022,29.,Tipsport extraliga,KOM – KLA,3:2,0,1,1,0,0,15:48,
11.12.2022,28.,Tipsport extraliga,CEB – KOM,3:1,0,0,0,-1,0,18:39,
9.12.2022,27.,Tipsport extraliga,KOM – KVA,2:3,0,1,1,-1,0,15:32,
4.12.2022,26.,Tipsport extraliga,KOM – SPA,2:6,0,1,1,-2,2,13:03,
2.12.2022,25.,Tipsport extraliga,VIT – KOM,4:1,0,0,0,-1,0,18:40,
29.11.2022,24.,Tipsport extraliga,KOM – OLO,1:0,0,0,0,0,0,14:38,
27.11.2022,23.,Tipsport extraliga,PCE – KOM,4:3,0,0,0,-2,0,19:22,
25.11.2022,22.,Tipsport extraliga,KOM – MBL,1:3,0,0,0,-2,0,17:09,
22.11.2022,17.,Tipsport extraliga,KOM – LIB,0:5,0,0,0,-1,0,14:46,
20.11.2022,21.,Tipsport extraliga,LIT – KOM,5:1,0,0,0,0,4,13:47,
18.11.2022,20.,Tipsport extraliga,KOM – PLZ,3:1,0,2,2,0,0,15:05,
6.11.2022,19.,Tipsport extraliga,MHK – KOM,5:1,0,0,0,-2,0,19:15,
30.10.2022,16.,Tipsport extraliga,KLA – KOM,3:5,0,0,0,1,2,14:17,
28.10.2022,15.,Tipsport extraliga,KOM – CEB,3:0,0,1,1,0,0,17:44,
23.10.2022,14.,Tipsport extraliga,KVA – KOM,2:3,1,1,2,0,0,18:54,
21.10.2022,13.,Tipsport extraliga,SPA – KOM,2:3,1,0,1,1,0,16:03,
18.10.2022,12.,Tipsport extraliga,KOM – VIT,2:1,0,0,0,0,0,19:05,
16.10.2022,11.,Tipsport extraliga,OLO – KOM,2:3,0,0,0,1,0,14:02,
13.10.2022,10.,Tipsport extraliga,KOM – PCE,4:3,0,3,3,0,0,19:15,
9.10.2022,9.,Tipsport extraliga,MBL – KOM,3:2,0,1,1,1,0,15:21,
7.10.2022,8.,Tipsport extraliga,KOM – LIT,5:4,0,2,2,-1,2,14:05,
2.10.2022,7.,Tipsport extraliga,PLZ – KOM,3:4,0,1,1,-1,0,16:45,
30.9.2022,6.,Tipsport extraliga,KOM – MHK,4:0,0,0,0,0,2,19:13,
27.9.2022,5.,Tipsport extraliga,KOM – TRI,2:4,0,0,0,0,0,18:04,
25.9.2022,4.,Tipsport extraliga,LIB – KOM,2:3,1,0,1,1,0,17:06,
23.9.2022,3.,Tipsport extraliga,KOM – KLA,1:3,0,0,0,0,0,15:57,
18.9.2022,2.,Tipsport extraliga,CEB – KOM,6:2,0,1,1,0,0,11:34,
15.9.2022,1.,Tipsport extraliga,KOM – KVA,6:1,0,1,1,1,0,13:49,
