datum,kolo,soutěž,zápas,skóre,G,A,B,+-,TM,TOI,
26.2.2023,50.,Tipsport extraliga,KLA – VIT,0:1,0,0,0,0,0,14:05,
24.2.2023,49.,Tipsport extraliga,KLA – SPA,3:4,0,2,2,1,2,20:21,
19.2.2023,48.,Tipsport extraliga,KLA – OLO,4:5,0,1,1,-2,0,21:40,
17.2.2023,47.,Tipsport extraliga,PLZ – KLA,0:3,0,0,0,0,0,18:39,
15.2.2023,46.,Tipsport extraliga,KLA – MBL,2:1,0,0,0,-1,2,21:29,
5.2.2023,45.,Tipsport extraliga,TRI – KLA,5:4,1,2,3,0,0,23:38,
3.2.2023,44.,Tipsport extraliga,KLA – LIT,5:2,0,1,1,1,2,22:07,
29.1.2023,43.,Tipsport extraliga,MHK – KLA,4:2,1,0,1,-2,0,23:19,
27.1.2023,42.,Tipsport extraliga,KLA – KOM,0:3,0,0,0,-1,0,22:24,
24.1.2023,41.,Tipsport extraliga,KLA – LIB,3:2,0,0,0,1,2,20:57,
22.1.2023,40.,Tipsport extraliga,PCE – KLA,4:2,1,0,1,0,0,23:21,
20.1.2023,39.,Tipsport extraliga,KVA – KLA,4:2,0,1,1,-2,0,27:46,
18.1.2023,27.,Tipsport extraliga,KLA – PCE,1:4,0,1,1,-1,0,22:17,
15.1.2023,38.,Tipsport extraliga,CEB – KLA,6:2,0,1,1,1,0,24:54,
13.1.2023,37.,Tipsport extraliga,VIT – KLA,0:3,1,0,1,2,0,22:24,
8.1.2023,36.,Tipsport extraliga,SPA – KLA,4:0,0,0,0,-1,0,21:01,
6.1.2023,35.,Tipsport extraliga,OLO – KLA,6:2,1,0,1,0,0,18:31,
3.1.2023,34.,Tipsport extraliga,KLA – PLZ,3:4,1,1,2,2,0,25:44,
30.12.2022,33.,Tipsport extraliga,MBL – KLA,1:2,0,1,1,0,0,23:36,
28.12.2022,32.,Tipsport extraliga,KLA – TRI,4:3,1,0,1,1,0,25:24,
26.12.2022,31.,Tipsport extraliga,LIT – KLA,2:3,0,1,1,0,0,21:46,
22.12.2022,30.,Tipsport extraliga,KLA – MHK,3:6,1,1,2,-1,0,20:16,
20.12.2022,29.,Tipsport extraliga,KOM – KLA,3:2,1,0,1,0,0,22:35,
4.12.2022,26.,Tipsport extraliga,KLA – KVA,4:1,0,0,0,0,0,20:25,
2.12.2022,25.,Tipsport extraliga,KLA – CEB,1:6,0,1,1,0,0,23:24,
29.11.2022,24.,Tipsport extraliga,KLA – VIT,2:3,0,0,0,-1,0,22:18,
27.11.2022,23.,Tipsport extraliga,SPA – KLA,5:1,0,0,0,0,0,18:06,
25.11.2022,22.,Tipsport extraliga,KLA – OLO,5:2,2,0,2,0,0,15:29,
20.11.2022,21.,Tipsport extraliga,PLZ – KLA,1:2,1,0,1,0,0,24:12,
18.11.2022,20.,Tipsport extraliga,KLA – MBL,1:2,0,0,0,0,0,24:06,
6.11.2022,19.,Tipsport extraliga,TRI – KLA,8:0,0,0,0,0,0,22:44,
4.11.2022,18.,Tipsport extraliga,KLA – LIT,3:2,1,1,2,3,0,19:43,
1.11.2022,17.,Tipsport extraliga,MHK – KLA,8:7,1,1,2,-2,2,21:41,
9.10.2022,9.,Tipsport extraliga,OLO – KLA,3:0,0,0,0,0,0,04:44,
7.10.2022,8.,Tipsport extraliga,KLA – PLZ,0:4,0,0,0,-2,2,18:45,
2.10.2022,7.,Tipsport extraliga,MBL – KLA,4:0,0,0,0,0,0,23:47,
29.9.2022,6.,Tipsport extraliga,KLA – TRI,1:2,0,0,0,0,0,23:06,
27.9.2022,5.,Tipsport extraliga,LIT – KLA,1:2,0,1,1,0,0,23:53,
25.9.2022,4.,Tipsport extraliga,KLA – MHK,2:1,0,0,0,0,2,22:36,
23.9.2022,3.,Tipsport extraliga,KOM – KLA,1:3,0,0,0,0,0,20:14,
18.9.2022,2.,Tipsport extraliga,LIB – KLA,4:3,0,0,0,0,2,27:40,
16.9.2022,1.,Tipsport extraliga,KLA – PCE,4:5,2,0,2,-1,0,24:15,
