datum,kolo,soutěž,zápas,skóre,G,A,B,+-,TM,TOI,
24.2.2023,49.,Tipsport extraliga,PCE – KOM,1:3,0,0,0,0,0,12:41,
19.2.2023,48.,Tipsport extraliga,KVA – PCE,0:5,0,1,1,0,0,15:46,
17.2.2023,47.,Tipsport extraliga,PCE – VIT,1:4,0,0,0,-2,0,17:39,
15.2.2023,46.,Tipsport extraliga,CEB – PCE,3:7,1,1,2,2,0,15:57,
12.2.2023,,Beijer Hockey Games 2023,SUI – CZE,1:2,0,1,1,1,0,-,
11.2.2023,,Beijer Hockey Games 2023,FIN – CZE,6:1,0,0,0,0,0,-,
5.2.2023,45.,Tipsport extraliga,SPA – PCE,4:2,0,0,0,0,6,12:11,
3.2.2023,44.,Tipsport extraliga,PCE – OLO,4:1,0,0,0,0,0,15:40,
26.1.2023,42.,Tipsport extraliga,PCE – PLZ,4:3,0,1,1,1,0,13:43,
24.1.2023,41.,Tipsport extraliga,TRI – PCE,0:4,1,0,1,1,0,14:01,
22.1.2023,40.,Tipsport extraliga,PCE – KLA,4:2,0,0,0,0,0,11:14,
20.1.2023,39.,Tipsport extraliga,PCE – MHK,4:1,0,0,0,1,2,12:50,
18.1.2023,27.,Tipsport extraliga,KLA – PCE,1:4,1,0,1,1,2,11:49,
15.1.2023,38.,Tipsport extraliga,LIT – PCE,1:2,0,0,0,0,0,19:37,
13.1.2023,37.,Tipsport extraliga,LIB – PCE,3:4,0,0,0,0,4,09:17,
10.1.2023,32.,Tipsport extraliga,PCE – SPA,0:3,0,0,0,-1,2,14:09,
8.1.2023,36.,Tipsport extraliga,KOM – PCE,1:4,0,0,0,-1,0,15:59,
6.1.2023,35.,Tipsport extraliga,PCE – KVA,7:4,0,0,0,0,0,14:00,
3.1.2023,34.,Tipsport extraliga,VIT – PCE,2:3,0,0,0,1,0,19:13,
30.12.2022,33.,Tipsport extraliga,PCE – CEB,4:1,0,0,0,1,2,18:32,
26.12.2022,31.,Tipsport extraliga,OLO – PCE,3:2,0,0,0,0,0,17:15,
22.12.2022,30.,Tipsport extraliga,PCE – MBL,2:1,0,0,0,0,0,12:52,
20.12.2022,29.,Tipsport extraliga,PLZ – PCE,0:2,0,0,0,0,0,16:19,
11.12.2022,28.,Tipsport extraliga,PCE – TRI,0:3,0,0,0,-2,0,17:32,
6.12.2022,25.,Tipsport extraliga,PCE – LIT,1:0,0,0,0,0,0,14:26,
4.12.2022,26.,Tipsport extraliga,MHK – PCE,4:0,0,0,0,-1,0,18:55,
29.11.2022,24.,Tipsport extraliga,PCE – LIB,1:3,0,0,0,-1,0,19:05,
27.11.2022,23.,Tipsport extraliga,PCE – KOM,4:3,2,0,2,3,0,17:14,
3.11.2022,18.,Tipsport extraliga,PCE – OLO,3:0,0,1,1,1,25,16:31,
1.11.2022,17.,Tipsport extraliga,MBL – PCE,0:1,0,0,0,1,4,17:07,
30.10.2022,16.,Tipsport extraliga,PCE – PLZ,7:2,0,1,1,1,4,16:30,
27.10.2022,15.,Tipsport extraliga,TRI – PCE,2:3,0,0,0,0,0,14:39,
23.10.2022,14.,Tipsport extraliga,PCE – KLA,6:2,0,1,1,2,2,15:43,
21.10.2022,13.,Tipsport extraliga,PCE – MHK,5:2,0,0,0,1,0,17:33,
18.10.2022,12.,Tipsport extraliga,LIT – PCE,0:1,0,0,0,0,2,17:47,
16.10.2022,11.,Tipsport extraliga,PCE – LIB,1:0,0,0,0,0,0,17:33,
13.10.2022,10.,Tipsport extraliga,KOM – PCE,4:3,0,0,0,0,0,19:02,
9.10.2022,9.,Tipsport extraliga,PCE – KVA,2:4,0,0,0,-1,0,17:18,
6.10.2022,8.,Tipsport extraliga,PCE – VIT,2:1,0,0,0,0,0,18:10,
2.10.2022,7.,Tipsport extraliga,PCE – CEB,6:1,0,0,0,-1,0,19:45,
30.9.2022,6.,Tipsport extraliga,PCE – SPA,2:3,0,0,0,0,0,21:32,
27.9.2022,5.,Tipsport extraliga,OLO – PCE,1:2,0,0,0,0,0,19:58,
25.9.2022,4.,Tipsport extraliga,PCE – MBL,2:3,1,0,1,1,0,15:53,
23.9.2022,3.,Tipsport extraliga,PLZ – PCE,1:4,0,0,0,0,0,19:27,
18.9.2022,2.,Tipsport extraliga,PCE – TRI,4:3,2,0,2,1,0,17:11,
16.9.2022,1.,Tipsport extraliga,KLA – PCE,4:5,0,0,0,-2,0,17:35,
