datum,kolo,soutěž,zápas,skóre,G,A,B,+-,TM,TOI,
26.2.2023,50.,Tipsport extraliga,LIT – PLZ,2:0,0,0,0,0,2,11:38,
24.2.2023,49.,Tipsport extraliga,PLZ – TRI,4:5,1,0,1,-1,0,14:38,
19.2.2023,48.,Tipsport extraliga,MHK – PLZ,2:1,0,0,0,1,0,15:57,
17.2.2023,47.,Tipsport extraliga,PLZ – KLA,0:3,0,0,0,0,0,12:30,
5.2.2023,45.,Tipsport extraliga,PLZ – LIB,2:4,0,0,0,0,0,14:55,
3.2.2023,44.,Tipsport extraliga,KVA – PLZ,3:1,0,0,0,-1,2,18:26,
29.1.2023,43.,Tipsport extraliga,PLZ – SPA,4:3,0,1,1,0,0,16:38,
26.1.2023,42.,Tipsport extraliga,PCE – PLZ,4:3,1,0,1,0,0,18:51,
22.1.2023,40.,Tipsport extraliga,OLO – PLZ,3:2,0,1,1,2,0,15:51,
20.1.2023,39.,Tipsport extraliga,CEB – PLZ,3:4,0,2,2,1,0,17:41,
15.1.2023,38.,Tipsport extraliga,PLZ – MBL,3:2,1,0,1,0,0,18:05,
13.1.2023,37.,Tipsport extraliga,PLZ – LIT,4:1,0,1,1,1,0,17:45,
10.1.2023,41.,Tipsport extraliga,PLZ – VIT,2:3,1,0,1,-1,0,18:12,
8.1.2023,36.,Tipsport extraliga,TRI – PLZ,6:1,1,0,1,-1,0,16:35,
5.1.2023,35.,Tipsport extraliga,PLZ – MHK,0:4,0,0,0,-2,0,15:58,
3.1.2023,34.,Tipsport extraliga,KLA – PLZ,3:4,0,1,1,1,2,14:28,
28.12.2022,32.,Tipsport extraliga,LIB – PLZ,2:1,0,0,0,0,0,17:45,
26.12.2022,31.,Tipsport extraliga,PLZ – KVA,1:0,0,0,0,0,0,18:02,
22.12.2022,30.,Tipsport extraliga,SPA – PLZ,3:0,0,0,0,-2,0,09:57,
20.12.2022,29.,Tipsport extraliga,PLZ – PCE,0:2,0,0,0,0,0,20:41,
9.12.2022,27.,Tipsport extraliga,PLZ – OLO,5:4,1,2,3,2,25,16:44,
4.12.2022,26.,Tipsport extraliga,PLZ – CEB,4:1,0,2,2,1,0,17:16,
1.12.2022,25.,Tipsport extraliga,MBL – PLZ,0:1,0,0,0,0,2,13:48,
29.11.2022,24.,Tipsport extraliga,LIT – PLZ,2:4,1,0,1,0,0,15:15,
27.11.2022,23.,Tipsport extraliga,PLZ – TRI,2:1,0,1,1,1,0,15:40,
25.11.2022,22.,Tipsport extraliga,MHK – PLZ,1:4,0,1,1,1,0,16:38,
20.11.2022,21.,Tipsport extraliga,PLZ – KLA,1:2,0,0,0,-1,2,18:57,
18.11.2022,20.,Tipsport extraliga,KOM – PLZ,3:1,0,0,0,-1,2,18:10,
6.11.2022,19.,Tipsport extraliga,PLZ – LIB,3:4,1,0,1,1,0,18:38,
4.11.2022,18.,Tipsport extraliga,KVA – PLZ,4:5,1,2,3,0,0,19:41,
2.11.2022,17.,Tipsport extraliga,PLZ – SPA,4:0,1,0,1,1,0,22:28,
