datum,kolo,soutěž,zápas,skóre,G,A,B,+-,TM,TOI,
30.1.2023,43.,CHANCE LIGA,SOK – FRM,2:1,0,1,1,1,0,22:49,
28.1.2023,42.,CHANCE LIGA,FRM – TRE,2:4,1,0,1,-2,2,19:25,
25.1.2023,41.,CHANCE LIGA,JIH – FRM,7:1,0,1,1,-1,0,14:53,
22.1.2023,39.,CHANCE LIGA,FRM – LTM,3:1,0,1,1,0,0,15:44,
21.1.2023,40.,CHANCE LIGA,FRM – PRO,3:2,0,1,1,0,0,18:24,
14.1.2023,38.,CHANCE LIGA,ZLN – FRM,3:2,0,1,1,0,0,14:18,
11.1.2023,37.,CHANCE LIGA,FRM – POR,4:0,0,1,1,1,0,17:40,
9.1.2023,36.,CHANCE LIGA,SUM – FRM,2:4,1,1,2,2,2,16:45,
7.1.2023,35.,CHANCE LIGA,FRM – PCE,2:4,0,0,0,-1,2,17:03,
4.1.2023,34.,CHANCE LIGA,FRM – SLA,1:2,0,0,0,0,0,18:08,
11.12.2022,28.,Tipsport extraliga,PCE – TRI,0:3,0,0,0,1,0,03:30,
9.12.2022,27.,Tipsport extraliga,TRI – CEB,2:3,0,0,0,-1,0,03:14,
7.12.2022,28.,CHANCE LIGA,FRM – JIH,1:4,0,0,0,-1,2,19:32,
5.12.2022,27.,CHANCE LIGA,PRO – FRM,4:2,0,0,0,-1,2,16:45,
4.12.2022,26.,Tipsport extraliga,TRI – MBL,3:0,0,0,0,0,0,02:58,
2.12.2022,25.,Tipsport extraliga,OLO – TRI,4:2,0,0,0,0,0,06:31,
30.11.2022,25.,CHANCE LIGA,FRM – ZLN,2:1,1,0,1,2,,20:02,
29.11.2022,24.,Tipsport extraliga,SPA – TRI,1:0,0,0,0,0,0,05:30,
26.11.2022,24.,CHANCE LIGA,POR – FRM,3:4,1,1,2,0,,17:23,
23.11.2022,23.,CHANCE LIGA,FRM – SUM,3:5,0,0,0,-1,2,19:29,
19.11.2022,22.,CHANCE LIGA,PCE – FRM,2:4,0,2,2,-1,,19:16,
14.11.2022,20.,CHANCE LIGA,FRM – KOL,2:1,0,1,1,1,0,14:43,
5.11.2022,19.,CHANCE LIGA,PRE – FRM,0:1,0,0,0,0,0,16:34,
1.11.2022,18.,CHANCE LIGA,FRM – VSE,1:4,0,0,0,-1,,17:30,
29.10.2022,17.,CHANCE LIGA,SOK – FRM,1:3,1,1,2,2,6,16:27,
26.10.2022,16.,CHANCE LIGA,FRM – TRE,6:2,2,1,3,1,0,15:53,
24.10.2022,15.,CHANCE LIGA,JIH – FRM,4:1,0,0,0,0,0,15:12,
23.10.2022,14.,Tipsport extraliga,CEB – TRI,3:2,0,0,0,0,0,04:21,
21.10.2022,13.,Tipsport extraliga,MBL – TRI,2:3,0,0,0,0,2,06:07,
19.10.2022,13.,CHANCE LIGA,FRM – LTM,2:5,0,0,0,-1,0,20:08,
16.10.2022,11.,Tipsport extraliga,TRI – SPA,4:2,0,0,0,0,2,03:18,
14.10.2022,10.,Tipsport extraliga,TRI – PLZ,3:2,0,0,0,0,0,09:01,
10.10.2022,10.,CHANCE LIGA,SUM – FRM,5:4,2,0,2,0,0,25:52,
8.10.2022,9.,CHANCE LIGA,FRM – PCE,2:3,0,0,0,0,0,23:23,
5.10.2022,8.,CHANCE LIGA,FRM – SLA,7:2,4,0,4,3,2,19:57,
1.10.2022,7.,CHANCE LIGA,KOL – FRM,2:5,1,0,1,-1,2,17:57,
28.9.2022,6.,CHANCE LIGA,FRM – PRE,1:0,0,1,1,1,0,23:45,
27.9.2022,5.,Tipsport extraliga,KOM – TRI,2:4,0,0,0,0,0,02:20,
25.9.2022,4.,Tipsport extraliga,TRI – VIT,3:5,0,0,0,0,0,02:21,
23.9.2022,3.,Tipsport extraliga,TRI – KVA,1:2,0,0,0,0,0,02:21,
21.9.2022,3.,CHANCE LIGA,TRE – FRM,5:4,0,1,1,1,0,20:20,
18.9.2022,2.,Tipsport extraliga,PCE – TRI,4:3,0,0,0,0,0,00:59,
16.9.2022,1.,Tipsport extraliga,TRI – CEB,0:2,0,0,0,0,0,05:58,
