datum,kolo,soutěž,zápas,skóre,G,A,B,+-,TM,TOI,
26.2.2023,50.,Tipsport extraliga,KLA – VIT,0:1,0,0,0,-1,0,06:22,
24.2.2023,49.,Tipsport extraliga,KLA – SPA,3:4,0,0,0,0,0,10:33,
19.2.2023,48.,Tipsport extraliga,KLA – OLO,4:5,0,0,0,0,0,12:20,
17.2.2023,47.,Tipsport extraliga,PLZ – KLA,0:3,0,0,0,1,0,10:35,
15.2.2023,46.,Tipsport extraliga,KLA – MBL,2:1,0,0,0,0,2,09:06,
3.2.2023,44.,Tipsport extraliga,KLA – LIT,5:2,1,0,1,2,0,03:57,
20.1.2023,39.,Tipsport extraliga,KVA – KLA,4:2,0,0,0,0,0,03:15,
18.1.2023,27.,Tipsport extraliga,KLA – PCE,1:4,0,0,0,0,0,03:46,
6.1.2023,35.,Tipsport extraliga,OLO – KLA,6:2,0,0,0,-1,0,11:47,
3.1.2023,34.,Tipsport extraliga,KLA – PLZ,3:4,0,0,0,0,0,08:10,
30.12.2022,33.,Tipsport extraliga,MBL – KLA,1:2,0,0,0,0,2,10:54,
28.12.2022,32.,Tipsport extraliga,KLA – TRI,4:3,0,1,1,1,0,11:15,
26.12.2022,31.,Tipsport extraliga,LIT – KLA,2:3,0,0,0,0,0,06:55,
22.12.2022,30.,Tipsport extraliga,KLA – MHK,3:6,0,0,0,0,0,11:29,
20.12.2022,29.,Tipsport extraliga,KOM – KLA,3:2,0,0,0,0,0,13:51,
11.12.2022,28.,Tipsport extraliga,LIB – KLA,7:3,0,0,0,-2,0,15:16,
4.12.2022,26.,Tipsport extraliga,KLA – KVA,4:1,0,0,0,0,0,07:38,
2.12.2022,25.,Tipsport extraliga,KLA – CEB,1:6,0,0,0,-1,0,07:10,
29.11.2022,24.,Tipsport extraliga,KLA – VIT,2:3,0,0,0,0,0,06:36,
27.11.2022,23.,Tipsport extraliga,SPA – KLA,5:1,0,0,0,0,0,08:20,
25.11.2022,22.,Tipsport extraliga,KLA – OLO,5:2,0,0,0,0,0,10:29,
20.11.2022,21.,Tipsport extraliga,PLZ – KLA,1:2,0,0,0,-1,0,10:54,
18.11.2022,20.,Tipsport extraliga,KLA – MBL,1:2,0,0,0,-1,2,13:33,
6.11.2022,19.,Tipsport extraliga,TRI – KLA,8:0,0,0,0,-2,0,14:28,
4.11.2022,18.,Tipsport extraliga,KLA – LIT,3:2,0,0,0,0,0,16:44,
1.11.2022,17.,Tipsport extraliga,MHK – KLA,8:7,0,1,1,1,0,09:47,
30.10.2022,16.,Tipsport extraliga,KLA – KOM,3:5,0,0,0,0,0,15:33,
28.10.2022,15.,Tipsport extraliga,KLA – LIB,3:2,0,0,0,1,2,14:56,
27.9.2022,5.,Tipsport extraliga,LIT – KLA,1:2,0,0,0,0,0,09:04,
25.9.2022,4.,Tipsport extraliga,KLA – MHK,2:1,0,0,0,0,2,10:30,
23.9.2022,3.,Tipsport extraliga,KOM – KLA,1:3,0,1,1,1,0,12:40,
18.9.2022,2.,Tipsport extraliga,LIB – KLA,4:3,0,1,1,0,0,11:35,
16.9.2022,1.,Tipsport extraliga,KLA – PCE,4:5,1,0,1,1,4,13:28,
