datum,kolo,soutěž,zápas,skóre,G,A,B,+-,TM,TOI,
26.2.2023,50.,Tipsport extraliga,KOM – OLO,1:0,0,0,0,-1,0,06:10,
15.2.2023,46.,Tipsport extraliga,VIT – OLO,3:1,0,0,0,0,25,08:45,
5.2.2023,45.,Tipsport extraliga,OLO – CEB,3:2,0,0,0,1,0,21:26,
3.2.2023,44.,Tipsport extraliga,PCE – OLO,4:1,0,0,0,0,0,19:32,
29.1.2023,43.,Tipsport extraliga,OLO – KVA,3:4,1,1,2,-1,0,15:11,
22.1.2023,40.,Tipsport extraliga,OLO – PLZ,3:2,0,0,0,-1,0,15:22,
20.1.2023,39.,Tipsport extraliga,OLO – LIT,1:8,0,0,0,0,0,17:59,
17.1.2023,38.,Tipsport extraliga,TRI – OLO,1:3,1,1,2,1,0,17:59,
30.12.2022,33.,Tipsport extraliga,OLO – VIT,2:4,0,0,0,-1,0,19:45,
28.12.2022,32.,Tipsport extraliga,CEB – OLO,4:2,0,0,0,1,0,19:10,
26.12.2022,31.,Tipsport extraliga,OLO – PCE,3:2,0,0,0,0,2,18:36,
11.12.2022,28.,Tipsport extraliga,OLO – MBL,2:0,0,0,0,0,0,18:24,
9.12.2022,27.,Tipsport extraliga,PLZ – OLO,5:4,0,0,0,-1,0,17:56,
4.12.2022,26.,Tipsport extraliga,LIT – OLO,5:3,0,1,1,-2,2,16:05,
2.12.2022,25.,Tipsport extraliga,OLO – TRI,4:2,0,0,0,-1,0,12:26,
29.11.2022,24.,Tipsport extraliga,KOM – OLO,1:0,0,0,0,0,0,13:47,
25.11.2022,22.,Tipsport extraliga,KLA – OLO,5:2,0,0,0,0,0,16:51,
22.11.2022,12.,Tipsport extraliga,TRI – OLO,2:3,0,0,0,0,0,13:39,
20.11.2022,21.,Tipsport extraliga,OLO – LIB,4:1,0,0,0,-1,0,12:55,
15.11.2022,4.,Tipsport extraliga,KVA – OLO,3:2,0,0,0,-1,0,15:10,
6.11.2022,19.,Tipsport extraliga,OLO – CEB,3:1,0,0,0,1,0,09:36,
3.11.2022,18.,Tipsport extraliga,PCE – OLO,3:0,0,0,0,-1,0,14:33,
1.11.2022,17.,Tipsport extraliga,OLO – KVA,2:0,0,0,0,0,0,14:59,
30.10.2022,16.,Tipsport extraliga,SPA – OLO,2:5,0,0,0,0,0,20:19,
28.10.2022,15.,Tipsport extraliga,MBL – OLO,2:3,0,0,0,1,0,18:27,
21.10.2022,13.,Tipsport extraliga,OLO – LIT,5:3,0,0,0,0,0,11:54,
16.10.2022,11.,Tipsport extraliga,OLO – KOM,2:3,1,0,1,-1,0,17:33,
14.10.2022,10.,Tipsport extraliga,MHK – OLO,0:3,0,0,0,0,2,15:10,
9.10.2022,9.,Tipsport extraliga,OLO – KLA,3:0,0,0,0,1,2,15:14,
7.10.2022,8.,Tipsport extraliga,LIB – OLO,6:2,0,0,0,0,0,10:10,
2.10.2022,7.,Tipsport extraliga,OLO – VIT,5:4,0,0,0,0,0,16:17,
30.9.2022,6.,Tipsport extraliga,CEB – OLO,1:2,0,1,1,1,0,13:13,
27.9.2022,5.,Tipsport extraliga,OLO – PCE,1:2,0,0,0,0,0,14:54,
22.9.2022,3.,Tipsport extraliga,OLO – SPA,4:0,0,1,1,1,0,15:21,
18.9.2022,2.,Tipsport extraliga,OLO – MBL,2:1,0,0,0,1,0,11:44,
16.9.2022,1.,Tipsport extraliga,PLZ – OLO,1:2,0,0,0,1,0,12:18,
