datum,kolo,soutěž,zápas,skóre,G,A,B,+-,TM,TOI,
26.2.2023,50.,Tipsport extraliga,SPA – TRI,3:1,0,0,0,-1,0,11:45,
24.2.2023,49.,Tipsport extraliga,PLZ – TRI,4:5,0,4,4,2,2,21:13,
19.2.2023,48.,Tipsport extraliga,LIT – TRI,4:3,1,1,2,2,0,20:04,
17.2.2023,47.,Tipsport extraliga,TRI – MHK,1:2,0,0,0,0,0,19:28,
15.2.2023,46.,Tipsport extraliga,LIB – TRI,3:2,0,0,0,1,0,24:23,
13.2.2023,8.,Tipsport extraliga,MHK – TRI,4:3,0,1,1,0,2,19:11,
5.2.2023,45.,Tipsport extraliga,TRI – KLA,5:4,0,1,1,-2,0,20:55,
3.2.2023,44.,Tipsport extraliga,KOM – TRI,5:1,0,0,0,0,0,20:05,
31.1.2023,43.,Tipsport extraliga,VIT – TRI,1:2,1,1,2,1,0,23:48,
27.1.2023,42.,Tipsport extraliga,KVA – TRI,4:1,0,0,0,0,0,23:26,
24.1.2023,41.,Tipsport extraliga,TRI – PCE,0:4,0,0,0,0,0,21:39,
22.1.2023,40.,Tipsport extraliga,CEB – TRI,3:2,2,0,2,1,0,27:25,
20.1.2023,39.,Tipsport extraliga,MBL – TRI,1:0,0,0,0,-1,2,25:05,
17.1.2023,38.,Tipsport extraliga,TRI – OLO,1:3,0,0,0,-2,0,21:31,
13.1.2023,18.,Tipsport extraliga,TRI – KOM,6:1,1,1,2,2,0,17:45,
8.1.2023,36.,Tipsport extraliga,TRI – PLZ,6:1,1,2,3,1,0,15:57,
6.1.2023,35.,Tipsport extraliga,TRI – LIT,3:2,1,1,2,2,0,20:08,
3.1.2023,34.,Tipsport extraliga,MHK – TRI,2:3,0,1,1,0,0,23:51,
30.12.2022,33.,Tipsport extraliga,TRI – LIB,6:3,0,1,1,1,0,17:48,
28.12.2022,32.,Tipsport extraliga,KLA – TRI,4:3,0,0,0,-1,0,22:14,
26.12.2022,31.,Tipsport extraliga,TRI – KOM,7:2,1,2,3,-1,0,16:46,
22.12.2022,30.,Tipsport extraliga,VIT – TRI,1:2,0,1,1,2,0,17:34,
20.12.2022,29.,Tipsport extraliga,TRI – KVA,4:2,0,2,2,2,0,16:51,
20.11.2022,21.,Tipsport extraliga,TRI – MHK,4:1,0,0,0,0,0,17:45,
18.11.2022,20.,Tipsport extraliga,LIB – TRI,1:4,0,0,0,1,0,20:12,
16.11.2022,37.,Tipsport extraliga,TRI – SPA,2:1,0,1,1,-1,2,16:43,
6.11.2022,19.,Tipsport extraliga,TRI – KLA,8:0,0,4,4,4,0,16:41,
2.11.2022,17.,Tipsport extraliga,TRI – VIT,1:2,0,0,0,1,0,19:16,
30.10.2022,16.,Tipsport extraliga,KVA – TRI,2:6,0,2,2,1,0,18:30,
27.10.2022,15.,Tipsport extraliga,TRI – PCE,2:3,0,0,0,-1,0,19:24,
23.10.2022,14.,Tipsport extraliga,CEB – TRI,3:2,0,2,2,-1,0,24:09,
21.10.2022,13.,Tipsport extraliga,MBL – TRI,2:3,0,1,1,0,0,19:32,
16.10.2022,11.,Tipsport extraliga,TRI – SPA,4:2,0,2,2,1,0,20:12,
14.10.2022,10.,Tipsport extraliga,TRI – PLZ,3:2,1,0,1,0,0,20:15,
9.10.2022,9.,Tipsport extraliga,TRI – LIT,4:1,0,1,1,1,0,19:41,
2.10.2022,7.,Tipsport extraliga,TRI – LIB,3:4,0,2,2,0,0,21:48,
29.9.2022,6.,Tipsport extraliga,KLA – TRI,1:2,0,0,0,-1,0,18:32,
27.9.2022,5.,Tipsport extraliga,KOM – TRI,2:4,0,1,1,0,0,18:46,
25.9.2022,4.,Tipsport extraliga,TRI – VIT,3:5,0,0,0,-3,2,17:55,
23.9.2022,3.,Tipsport extraliga,TRI – KVA,1:2,0,0,0,0,0,22:09,
18.9.2022,2.,Tipsport extraliga,PCE – TRI,4:3,0,1,1,-1,0,20:43,
16.9.2022,1.,Tipsport extraliga,TRI – CEB,0:2,0,0,0,0,0,20:53,
