datum,kolo,soutěž,zápas,skóre,G,A,B,+-,TM,TOI,
26.2.2023,50.,Tipsport extraliga,MHK – MBL,3:2,1,0,1,2,0,11:42,
24.2.2023,49.,Tipsport extraliga,OLO – MHK,0:4,1,0,1,3,0,15:56,
19.2.2023,48.,Tipsport extraliga,MHK – PLZ,2:1,0,0,0,1,2,16:48,
17.2.2023,47.,Tipsport extraliga,TRI – MHK,1:2,0,0,0,1,4,18:04,
15.2.2023,46.,Tipsport extraliga,MHK – LIT,3:0,0,0,0,0,4,17:12,
13.2.2023,8.,Tipsport extraliga,MHK – TRI,4:3,0,0,0,1,0,18:38,
5.2.2023,45.,Tipsport extraliga,MHK – KOM,1:0,0,0,0,0,0,16:17,
2.2.2023,44.,Tipsport extraliga,CEB – MHK,2:3,0,0,0,1,0,21:36,
29.1.2023,43.,Tipsport extraliga,MHK – KLA,4:2,0,0,0,0,2,17:31,
27.1.2023,42.,Tipsport extraliga,VIT – MHK,2:5,0,0,0,1,2,18:22,
24.1.2023,41.,Tipsport extraliga,MHK – KVA,3:0,0,0,0,0,0,19:45,
22.1.2023,40.,Tipsport extraliga,LIB – MHK,3:1,0,0,0,0,2,14:06,
20.1.2023,39.,Tipsport extraliga,PCE – MHK,4:1,0,0,0,0,2,17:10,
15.1.2023,38.,Tipsport extraliga,MHK – SPA,3:4,0,0,0,-1,2,16:33,
13.1.2023,37.,Tipsport extraliga,MBL – MHK,3:2,0,0,0,0,0,17:53,
10.1.2023,27.,Tipsport extraliga,MHK – LIB,5:4,0,0,0,-1,5,19:23,
8.1.2023,36.,Tipsport extraliga,MHK – OLO,5:4,0,0,0,-1,0,18:33,
5.1.2023,35.,Tipsport extraliga,PLZ – MHK,0:4,0,0,0,2,0,20:36,
3.1.2023,34.,Tipsport extraliga,MHK – TRI,2:3,0,0,0,0,0,17:04,
30.12.2022,33.,Tipsport extraliga,LIT – MHK,2:3,0,0,0,1,2,18:37,
28.12.2022,32.,Tipsport extraliga,KOM – MHK,2:3,0,0,0,1,0,19:22,
26.12.2022,31.,Tipsport extraliga,MHK – CEB,1:4,0,0,0,0,2,17:02,
22.12.2022,30.,Tipsport extraliga,KLA – MHK,3:6,0,1,1,2,0,22:21,
20.12.2022,29.,Tipsport extraliga,MHK – VIT,4:3,0,0,0,0,0,17:23,
11.12.2022,28.,Tipsport extraliga,KVA – MHK,1:4,0,0,0,1,2,18:58,
4.12.2022,26.,Tipsport extraliga,MHK – PCE,4:0,0,0,0,1,2,16:38,
2.12.2022,25.,Tipsport extraliga,SPA – MHK,2:1,0,0,0,-1,2,17:32,
29.11.2022,24.,Tipsport extraliga,MHK – MBL,0:2,0,0,0,0,0,16:33,
27.11.2022,23.,Tipsport extraliga,OLO – MHK,5:0,0,0,0,-1,2,19:21,
25.11.2022,22.,Tipsport extraliga,MHK – PLZ,1:4,0,0,0,1,0,19:38,
20.11.2022,21.,Tipsport extraliga,TRI – MHK,4:1,0,0,0,-1,0,17:07,
18.11.2022,20.,Tipsport extraliga,MHK – LIT,3:0,0,1,1,2,2,20:20,
6.11.2022,19.,Tipsport extraliga,MHK – KOM,5:1,0,0,0,1,0,12:06,
30.10.2022,16.,Tipsport extraliga,VIT – MHK,5:2,0,0,0,0,0,05:43,
28.10.2022,15.,Tipsport extraliga,MHK – KVA,1:2,0,0,0,-1,2,16:46,
23.10.2022,14.,Tipsport extraliga,LIB – MHK,3:6,1,1,2,4,4,16:52,
21.10.2022,13.,Tipsport extraliga,PCE – MHK,5:2,0,0,0,-1,4,19:06,
18.10.2022,12.,Tipsport extraliga,MHK – SPA,3:2,0,0,0,1,2,21:32,
16.10.2022,11.,Tipsport extraliga,MBL – MHK,0:2,0,0,0,0,0,21:01,
14.10.2022,10.,Tipsport extraliga,MHK – OLO,0:3,0,0,0,0,0,18:31,
9.10.2022,9.,Tipsport extraliga,PLZ – MHK,2:5,0,0,0,1,2,19:39,
2.10.2022,7.,Tipsport extraliga,LIT – MHK,3:2,0,0,0,0,2,16:30,
30.9.2022,6.,Tipsport extraliga,KOM – MHK,4:0,0,0,0,-1,0,16:35,
27.9.2022,5.,Tipsport extraliga,MHK – CEB,3:1,0,0,0,0,4,19:03,
25.9.2022,4.,Tipsport extraliga,KLA – MHK,2:1,0,0,0,-1,2,20:07,
23.9.2022,3.,Tipsport extraliga,MHK – VIT,3:2,0,0,0,0,0,09:42,
18.9.2022,2.,Tipsport extraliga,KVA – MHK,2:3,0,0,0,0,0,13:50,
16.9.2022,1.,Tipsport extraliga,MHK – LIB,1:2,0,1,1,1,0,08:36,
