datum,kolo,soutěž,zápas,skóre,G,A,B,+-,TM,TOI,
26.2.2023,50.,Tipsport extraliga,KVA – CEB,5:1,0,0,0,1,0,10:11,
24.2.2023,49.,Tipsport extraliga,VIT – KVA,6:1,0,0,0,-1,0,17:34,
19.2.2023,48.,Tipsport extraliga,KVA – PCE,0:5,0,0,0,-1,0,14:17,
15.2.2023,46.,Tipsport extraliga,KVA – SPA,3:6,0,0,0,-2,0,18:06,
5.2.2023,45.,Tipsport extraliga,LIT – KVA,1:2,1,0,1,1,0,18:05,
3.2.2023,44.,Tipsport extraliga,KVA – PLZ,3:1,0,0,0,0,0,20:09,
31.1.2023,33.,Tipsport extraliga,SPA – KVA,6:3,0,1,1,1,0,20:08,
29.1.2023,43.,Tipsport extraliga,OLO – KVA,3:4,0,1,1,0,0,15:31,
27.1.2023,42.,Tipsport extraliga,KVA – TRI,4:1,0,0,0,1,0,18:40,
18.1.2023,39.,CHANCE LIGA,PRE – SOK,2:4,0,0,0,-1,0,05:34,
15.1.2023,38.,Tipsport extraliga,LIB – KVA,3:1,0,0,0,0,0,01:23,
14.1.2023,38.,CHANCE LIGA,SOK – KOL,3:2,0,0,0,1,0,22:57,
11.1.2023,37.,CHANCE LIGA,LTM – SOK,4:6,0,0,0,0,0,23:20,
9.1.2023,36.,CHANCE LIGA,SOK – TRE,3:2,0,0,0,1,0,20:54,
7.1.2023,35.,CHANCE LIGA,PRO – SOK,2:1,0,0,0,-1,0,29:12,
4.1.2023,34.,CHANCE LIGA,JIH – SOK,4:3,0,0,0,-1,0,17:33,
28.12.2022,33.,CHANCE LIGA,VSE – SOK,3:4,0,0,0,0,0,18:23,
27.12.2022,32.,CHANCE LIGA,POR – SOK,4:2,0,0,0,-1,0,13:53,
15.11.2022,4.,Tipsport extraliga,KVA – OLO,3:2,0,0,0,0,0,14:02,
6.11.2022,19.,Tipsport extraliga,LIT – KVA,5:3,0,0,0,-1,0,16:19,
4.11.2022,18.,Tipsport extraliga,KVA – PLZ,4:5,0,1,1,1,0,13:03,
1.11.2022,17.,Tipsport extraliga,OLO – KVA,2:0,0,0,0,-2,0,12:28,
30.10.2022,16.,Tipsport extraliga,KVA – TRI,2:6,0,0,0,0,0,15:27,
28.10.2022,15.,Tipsport extraliga,MHK – KVA,1:2,0,0,0,0,0,13:56,
14.10.2022,10.,Tipsport extraliga,KVA – VIT,4:5,0,1,1,1,0,12:25,
12.10.2022,11.,CHANCE LIGA,LTM – SOK,3:5,0,0,0,0,0,18:07,
10.10.2022,10.,CHANCE LIGA,PRO – LTM,0:5,0,0,0,1,0,19:38,
4.10.2022,6.,Tipsport extraliga,KVA – LIT,1:4,0,0,0,0,2,05:19,
1.10.2022,7.,CHANCE LIGA,LTM – JIH,5:3,0,0,0,1,0,20:58,
26.9.2022,5.,CHANCE LIGA,LTM – POR,3:6,0,0,0,-2,,17:51,
24.9.2022,4.,CHANCE LIGA,SLA – LTM,2:4,0,0,0,1,0,16:50,
21.9.2022,3.,CHANCE LIGA,LTM – KOL,5:6,0,0,0,-2,,18:01,
17.9.2022,2.,CHANCE LIGA,PCE – LTM,2:5,0,1,1,1,2,19:27,
14.9.2022,1.,CHANCE LIGA,LTM – PRE,3:4,0,0,0,-1,,18:55,
