datum,kolo,soutěž,zápas,skóre,G,A,B,+-,TM,TOI,
25.2.2023,50.,CHANCE LIGA,ZLN – PCE,1:0,0,0,0,0,0,19:58,
22.2.2023,49.,CHANCE LIGA,SLA – ZLN,3:5,0,2,2,-1,0,17:13,
18.2.2023,48.,CHANCE LIGA,ZLN – PRE,2:1,0,0,0,1,0,10:09,
12.2.2023,46.,CHANCE LIGA,ZLN – TRE,1:3,0,0,0,0,0,09:30,
4.2.2023,45.,CHANCE LIGA,PRO – ZLN,5:1,0,0,0,-1,0,20:34,
1.2.2023,44.,CHANCE LIGA,ZLN – SOK,5:0,0,1,1,4,0,24:09,
30.1.2023,43.,CHANCE LIGA,VSE – ZLN,2:3,0,0,0,1,0,20:19,
28.1.2023,42.,CHANCE LIGA,ZLN – JIH,4:1,0,0,0,1,0,20:11,
25.1.2023,41.,CHANCE LIGA,ZLN – SUM,6:2,0,2,2,1,0,21:35,
21.1.2023,40.,CHANCE LIGA,KOL – ZLN,1:3,0,0,0,1,2,21:55,
18.1.2023,39.,CHANCE LIGA,POR – ZLN,0:2,0,0,0,1,0,22:53,
14.1.2023,38.,CHANCE LIGA,ZLN – FRM,3:2,1,0,1,-1,0,22:17,
11.1.2023,37.,CHANCE LIGA,PCE – ZLN,5:2,0,1,1,-1,0,20:48,
9.1.2023,36.,CHANCE LIGA,ZLN – SLA,0:4,0,0,0,0,2,19:14,
7.1.2023,35.,CHANCE LIGA,PRE – ZLN,3:4,0,1,1,0,0,18:45,
4.1.2023,34.,CHANCE LIGA,ZLN – LTM,2:3,1,1,2,1,0,21:23,
29.12.2022,33.,CHANCE LIGA,TRE – ZLN,3:2,0,1,1,1,0,26:05,
27.12.2022,32.,CHANCE LIGA,ZLN – PRO,6:1,1,0,1,0,0,21:50,
22.12.2022,30.,Tipsport extraliga,CEB – LIT,2:5,0,0,0,-1,0,08:33,
20.12.2022,29.,Tipsport extraliga,MBL – CEB,2:1,0,0,0,0,2,13:58,
11.12.2022,28.,Tipsport extraliga,CEB – KOM,3:1,1,0,1,2,0,20:45,
9.12.2022,27.,Tipsport extraliga,TRI – CEB,2:3,0,0,0,1,0,19:15,
4.12.2022,26.,Tipsport extraliga,PLZ – CEB,4:1,0,0,0,0,0,21:12,
2.12.2022,25.,Tipsport extraliga,KLA – CEB,1:6,1,1,2,1,0,17:33,
29.11.2022,24.,Tipsport extraliga,CEB – KVA,0:3,0,0,0,-2,0,23:42,
27.11.2022,23.,Tipsport extraliga,CEB – LIB,4:1,1,0,1,0,0,22:29,
25.11.2022,22.,Tipsport extraliga,VIT – CEB,4:3,0,1,1,0,0,22:31,
23.11.2022,23.,CHANCE LIGA,SLA – ZLN,2:4,1,0,1,1,,22:50,
16.11.2022,21.,CHANCE LIGA,LTM – ZLN,5:2,0,1,1,0,2,24:56,
13.11.2022,20.,CHANCE LIGA,ZLN – TRE,4:1,1,1,2,3,,25:16,
11.11.2022,22.,CHANCE LIGA,ZLN – PRE,5:1,0,1,1,1,2,23:06,
5.11.2022,19.,CHANCE LIGA,PRO – ZLN,5:6,0,0,0,2,,24:58,
26.10.2022,16.,CHANCE LIGA,ZLN – JIH,1:3,0,0,0,0,2,22:48,
24.10.2022,15.,CHANCE LIGA,ZLN – SUM,7:1,0,1,1,3,0,22:44,
22.10.2022,14.,CHANCE LIGA,KOL – ZLN,4:3,0,1,1,-1,0,22:33,
19.10.2022,13.,CHANCE LIGA,POR – ZLN,5:3,1,0,1,-2,0,20:44,
15.10.2022,12.,CHANCE LIGA,ZLN – FRM,0:4,0,0,0,0,0,23:27,
12.10.2022,11.,CHANCE LIGA,PCE – ZLN,2:3,0,0,0,1,0,22:50,
10.10.2022,10.,CHANCE LIGA,ZLN – SLA,5:2,1,0,1,2,0,20:08,
8.10.2022,9.,CHANCE LIGA,PRE – ZLN,1:2,0,1,1,1,0,27:17,
5.10.2022,8.,CHANCE LIGA,ZLN – LTM,4:1,1,0,1,-1,0,19:53,
1.10.2022,7.,CHANCE LIGA,TRE – ZLN,2:1,0,0,0,0,0,20:57,
28.9.2022,6.,CHANCE LIGA,ZLN – PRO,1:2,0,0,0,-1,0,23:59,
26.9.2022,5.,CHANCE LIGA,SOK – ZLN,2:1,0,0,0,1,2,19:20,
24.9.2022,4.,CHANCE LIGA,ZLN – VSE,0:2,0,0,0,-2,0,22:14,
21.9.2022,3.,CHANCE LIGA,JIH – ZLN,1:2,0,1,1,0,2,25:16,
17.9.2022,2.,CHANCE LIGA,SUM – ZLN,2:4,1,0,1,1,,20:04,
14.9.2022,1.,CHANCE LIGA,ZLN – KOL,1:4,0,1,1,-1,0,20:31,
