datum,kolo,soutěž,zápas,skóre,G,A,B,+-,TM,TOI,
25.2.2023,50.,CHANCE LIGA,ZLN – PCE,1:0,0,0,0,0,2,19:54,
22.2.2023,49.,CHANCE LIGA,PCE – POR,5:4,1,1,2,0,2,19:46,
18.2.2023,48.,CHANCE LIGA,PCE – FRM,4:3,0,1,1,0,2,23:27,
15.2.2023,47.,CHANCE LIGA,KOL – PCE,4:2,0,0,0,-1,0,24:02,
13.2.2023,46.,CHANCE LIGA,PCE – PRE,6:4,0,1,1,1,0,17:33,
4.2.2023,45.,CHANCE LIGA,TRE – PCE,3:1,0,0,0,0,0,18:38,
1.2.2023,44.,CHANCE LIGA,PCE – SLA,1:0,0,0,0,0,2,22:25,
21.1.2023,40.,CHANCE LIGA,PCE – SOK,2:4,0,0,0,0,0,19:36,
18.1.2023,39.,CHANCE LIGA,PCE – SUM,5:1,0,0,0,0,25,16:01,
14.1.2023,38.,CHANCE LIGA,JIH – PCE,1:4,1,2,3,3,0,20:51,
11.1.2023,37.,CHANCE LIGA,PCE – ZLN,5:2,0,1,1,0,12,20:03,
9.1.2023,36.,CHANCE LIGA,POR – PCE,4:2,0,1,1,0,0,18:46,
7.1.2023,35.,CHANCE LIGA,FRM – PCE,2:4,1,1,2,1,0,18:16,
4.1.2023,34.,CHANCE LIGA,PCE – KOL,3:5,0,1,1,0,2,20:37,
27.12.2022,32.,CHANCE LIGA,PCE – TRE,2:5,0,0,0,0,0,20:42,
21.12.2022,31.,CHANCE LIGA,SLA – PCE,5:3,1,0,1,0,2,21:11,
19.12.2022,30.,CHANCE LIGA,PCE – PRO,4:1,0,1,1,1,0,19:28,
17.12.2022,33.,CHANCE LIGA,PRE – PCE,2:1,0,0,0,0,0,20:16,
10.12.2022,29.,CHANCE LIGA,VSE – PCE,3:2,0,0,0,-1,2,17:01,
7.12.2022,28.,CHANCE LIGA,PCE – LTM,4:1,1,0,1,0,0,20:48,
6.12.2022,25.,Tipsport extraliga,PCE – LIT,1:0,0,0,0,0,0,08:14,
4.12.2022,26.,Tipsport extraliga,MHK – PCE,4:0,0,0,0,0,0,10:01,
3.12.2022,26.,CHANCE LIGA,SUM – PCE,4:3,0,0,0,0,2,21:13,
30.11.2022,25.,CHANCE LIGA,PCE – JIH,2:4,0,0,0,0,2,16:21,
29.11.2022,24.,Tipsport extraliga,PCE – LIB,1:3,0,0,0,0,2,05:49,
27.11.2022,23.,Tipsport extraliga,PCE – KOM,4:3,0,0,0,-1,4,10:12,
25.11.2022,22.,Tipsport extraliga,KVA – PCE,1:3,0,0,0,0,0,07:00,
23.11.2022,23.,CHANCE LIGA,PCE – POR,2:3,0,0,0,0,,22:21,
22.11.2022,21.,Tipsport extraliga,VIT – PCE,4:5,0,0,0,0,0,06:32,
19.11.2022,22.,CHANCE LIGA,PCE – FRM,2:4,0,1,1,-1,,20:27,
17.11.2022,20.,Tipsport extraliga,CEB – PCE,2:4,0,0,0,0,2,10:15,
14.11.2022,20.,CHANCE LIGA,PCE – PRE,1:3,0,1,1,0,,20:21,
6.11.2022,19.,Tipsport extraliga,SPA – PCE,2:3,0,0,0,0,0,08:37,
3.11.2022,18.,Tipsport extraliga,PCE – OLO,3:0,0,0,0,0,0,08:51,
2.11.2022,18.,CHANCE LIGA,PCE – SLA,2:1,0,0,0,0,0,24:01,
1.11.2022,17.,Tipsport extraliga,MBL – PCE,0:1,0,0,0,0,2,05:03,
30.10.2022,16.,Tipsport extraliga,PCE – PLZ,7:2,0,1,1,1,2,09:11,
27.10.2022,15.,Tipsport extraliga,TRI – PCE,2:3,0,0,0,0,0,07:49,
24.10.2022,15.,CHANCE LIGA,LTM – PCE,5:0,0,0,0,0,6,17:58,
23.10.2022,14.,Tipsport extraliga,PCE – KLA,6:2,0,1,1,1,0,10:26,
21.10.2022,13.,Tipsport extraliga,PCE – MHK,5:2,0,0,0,0,0,09:31,
18.10.2022,12.,Tipsport extraliga,LIT – PCE,0:1,0,0,0,0,0,10:10,
16.10.2022,11.,Tipsport extraliga,PCE – LIB,1:0,0,0,0,0,0,10:24,
13.10.2022,10.,Tipsport extraliga,KOM – PCE,4:3,0,0,0,0,0,06:56,
9.10.2022,9.,Tipsport extraliga,PCE – KVA,2:4,0,0,0,0,0,07:50,
6.10.2022,8.,Tipsport extraliga,PCE – VIT,2:1,0,0,0,0,0,11:03,
2.10.2022,7.,Tipsport extraliga,PCE – CEB,6:1,0,0,0,0,2,11:06,
30.9.2022,6.,Tipsport extraliga,PCE – SPA,2:3,0,0,0,-1,0,11:56,
27.9.2022,5.,Tipsport extraliga,OLO – PCE,1:2,0,0,0,0,2,07:05,
24.9.2022,4.,CHANCE LIGA,PCE – PRO,4:0,0,0,0,1,,19:38,
21.9.2022,3.,CHANCE LIGA,VSE – PCE,3:1,1,0,1,-2,0,19:41,
18.9.2022,2.,Tipsport extraliga,PCE – TRI,4:3,0,0,0,0,0,06:35,
16.9.2022,1.,Tipsport extraliga,KLA – PCE,4:5,0,0,0,-1,0,04:20,
14.9.2022,1.,CHANCE LIGA,SOK – PCE,2:5,0,0,0,0,2,17:40,
