datum,kolo,soutěž,zápas,skóre,G,A,B,+-,TM,TOI,
26.2.2023,50.,Tipsport extraliga,KVA – CEB,5:1,0,0,0,-1,0,04:20,
24.2.2023,49.,Tipsport extraliga,VIT – KVA,6:1,0,0,0,0,2,16:18,
19.2.2023,48.,Tipsport extraliga,KVA – PCE,0:5,0,0,0,-1,2,12:52,
17.2.2023,47.,Tipsport extraliga,MBL – KVA,0:2,1,0,1,1,0,12:35,
15.2.2023,46.,Tipsport extraliga,KVA – SPA,3:6,0,0,0,-2,0,12:53,
5.2.2023,45.,Tipsport extraliga,LIT – KVA,1:2,0,0,0,0,2,05:07,
3.2.2023,44.,Tipsport extraliga,KVA – PLZ,3:1,0,1,1,0,0,08:35,
24.1.2023,41.,Tipsport extraliga,MHK – KVA,3:0,0,0,0,0,0,12:11,
15.1.2023,38.,Tipsport extraliga,LIB – KVA,3:1,0,0,0,0,0,07:22,
8.1.2023,36.,Tipsport extraliga,KVA – VIT,1:3,0,0,0,-1,0,07:54,
26.12.2022,31.,Tipsport extraliga,PLZ – KVA,1:0,0,0,0,0,0,07:23,
22.12.2022,30.,Tipsport extraliga,KVA – OLO,0:3,0,0,0,0,0,07:28,
20.12.2022,29.,Tipsport extraliga,TRI – KVA,4:2,0,0,0,0,0,07:57,
12.12.2022,12.,CHANCE LIGA,SOK – KOL,0:5,1,0,1,2,0,17:35,
11.12.2022,28.,Tipsport extraliga,KVA – MHK,1:4,0,0,0,-1,0,05:56,
9.12.2022,27.,Tipsport extraliga,KOM – KVA,2:3,0,0,0,0,0,06:56,
7.12.2022,28.,CHANCE LIGA,SLA – SOK,3:1,1,0,1,0,0,20:42,
4.12.2022,26.,Tipsport extraliga,KLA – KVA,4:1,1,0,1,1,0,18:54,
2.12.2022,25.,Tipsport extraliga,KVA – LIB,0:2,0,0,0,-1,0,19:40,
30.11.2022,25.,CHANCE LIGA,KOL – SOK,4:0,0,0,0,-1,,16:38,
29.11.2022,24.,Tipsport extraliga,CEB – KVA,0:3,0,0,0,0,0,16:34,
27.11.2022,23.,Tipsport extraliga,VIT – KVA,4:2,0,0,0,0,0,08:31,
25.11.2022,22.,Tipsport extraliga,KVA – PCE,1:3,0,0,0,0,0,09:02,
23.11.2022,23.,CHANCE LIGA,TRE – SOK,3:2,0,2,2,2,,22:06,
20.11.2022,21.,Tipsport extraliga,KVA – MBL,4:3,1,0,1,1,0,08:18,
18.11.2022,20.,Tipsport extraliga,KVA – SPA,1:5,0,0,0,0,0,07:25,
15.11.2022,4.,Tipsport extraliga,KVA – OLO,3:2,0,0,0,-2,0,07:54,
6.11.2022,19.,Tipsport extraliga,LIT – KVA,5:3,0,0,0,0,0,12:22,
4.11.2022,18.,Tipsport extraliga,KVA – PLZ,4:5,0,0,0,-3,0,16:15,
1.11.2022,17.,Tipsport extraliga,OLO – KVA,2:0,0,0,0,0,0,12:15,
30.10.2022,16.,Tipsport extraliga,KVA – TRI,2:6,0,0,0,-3,0,16:10,
28.10.2022,15.,Tipsport extraliga,MHK – KVA,1:2,0,1,1,1,0,12:00,
24.10.2022,15.,CHANCE LIGA,SOK – SLA,2:3,1,1,2,0,0,17:15,
23.10.2022,14.,Tipsport extraliga,KVA – KOM,2:3,0,0,0,1,2,17:20,
21.10.2022,13.,Tipsport extraliga,KVA – KLA,4:3,1,0,1,1,0,16:27,
18.10.2022,12.,Tipsport extraliga,LIB – KVA,3:4,0,0,0,0,2,13:13,
16.10.2022,11.,Tipsport extraliga,KVA – CEB,4:3,0,0,0,0,0,08:38,
14.10.2022,10.,Tipsport extraliga,KVA – VIT,4:5,0,1,1,1,0,08:06,
10.10.2022,10.,CHANCE LIGA,SOK – TRE,4:1,2,0,2,1,0,17:34,
9.10.2022,9.,Tipsport extraliga,PCE – KVA,2:4,0,0,0,0,0,06:53,
6.10.2022,8.,Tipsport extraliga,MBL – KVA,0:1,0,0,0,0,0,03:47,
4.10.2022,6.,Tipsport extraliga,KVA – LIT,1:4,0,0,0,0,0,06:03,
2.10.2022,7.,Tipsport extraliga,SPA – KVA,4:5,0,0,0,1,0,10:04,
26.9.2022,5.,CHANCE LIGA,SOK – ZLN,2:1,0,1,1,-1,,22:01,
24.9.2022,4.,CHANCE LIGA,FRM – SOK,1:2,0,1,1,1,0,16:59,
21.9.2022,3.,CHANCE LIGA,SOK – SUM,4:5,0,0,0,-1,4,18:59,
17.9.2022,2.,CHANCE LIGA,SLA – SOK,4:3,1,0,1,-1,0,19:58,
