datum,kolo,soutěž,zápas,skóre,G,A,B,+-,TM,TOI,
26.2.2023,50.,Tipsport extraliga,SPA – TRI,3:1,0,0,0,0,0,03:17,
19.2.2023,48.,Tipsport extraliga,LIT – TRI,4:3,0,0,0,-1,0,03:41,
17.2.2023,47.,Tipsport extraliga,TRI – MHK,1:2,0,0,0,-1,2,09:32,
15.2.2023,46.,Tipsport extraliga,LIB – TRI,3:2,0,0,0,0,2,07:03,
3.2.2023,44.,Tipsport extraliga,KOM – TRI,5:1,0,0,0,-1,0,04:38,
31.1.2023,43.,Tipsport extraliga,VIT – TRI,1:2,0,0,0,0,4,03:03,
27.1.2023,42.,Tipsport extraliga,KVA – TRI,4:1,0,0,0,0,0,11:30,
24.1.2023,41.,Tipsport extraliga,TRI – PCE,0:4,0,0,0,0,0,09:45,
22.1.2023,40.,Tipsport extraliga,CEB – TRI,3:2,0,0,0,-1,0,11:09,
20.1.2023,39.,Tipsport extraliga,MBL – TRI,1:0,0,0,0,0,0,13:54,
17.1.2023,38.,Tipsport extraliga,TRI – OLO,1:3,1,0,1,1,0,11:45,
13.1.2023,18.,Tipsport extraliga,TRI – KOM,6:1,0,0,0,0,0,10:14,
8.1.2023,36.,Tipsport extraliga,TRI – PLZ,6:1,0,0,0,0,0,08:25,
6.1.2023,35.,Tipsport extraliga,TRI – LIT,3:2,0,0,0,-1,0,06:47,
3.1.2023,34.,Tipsport extraliga,MHK – TRI,2:3,0,0,0,0,2,07:23,
30.12.2022,33.,Tipsport extraliga,TRI – LIB,6:3,1,0,1,1,2,09:55,
28.12.2022,32.,Tipsport extraliga,KLA – TRI,4:3,0,0,0,0,2,07:15,
26.12.2022,31.,Tipsport extraliga,TRI – KOM,7:2,0,1,1,1,0,11:55,
22.12.2022,30.,Tipsport extraliga,VIT – TRI,1:2,0,0,0,0,0,08:26,
20.12.2022,29.,Tipsport extraliga,TRI – KVA,4:2,0,0,0,0,2,11:53,
11.12.2022,28.,Tipsport extraliga,PCE – TRI,0:3,0,0,0,0,0,18:39,
9.12.2022,27.,Tipsport extraliga,TRI – CEB,2:3,0,0,0,0,0,17:36,
4.12.2022,26.,Tipsport extraliga,TRI – MBL,3:0,0,0,0,0,0,17:32,
2.12.2022,25.,Tipsport extraliga,OLO – TRI,4:2,1,0,1,0,2,15:50,
29.11.2022,24.,Tipsport extraliga,SPA – TRI,1:0,0,0,0,-1,0,17:45,
27.11.2022,23.,Tipsport extraliga,PLZ – TRI,2:1,0,0,0,0,0,13:30,
25.11.2022,22.,Tipsport extraliga,LIT – TRI,1:2,0,0,0,0,0,10:37,
22.11.2022,12.,Tipsport extraliga,TRI – OLO,2:3,0,0,0,-1,0,06:38,
20.11.2022,21.,Tipsport extraliga,TRI – MHK,4:1,0,0,0,0,0,06:30,
18.11.2022,20.,Tipsport extraliga,LIB – TRI,1:4,0,0,0,0,0,06:46,
16.11.2022,37.,Tipsport extraliga,TRI – SPA,2:1,0,0,0,-1,2,09:00,
6.11.2022,19.,Tipsport extraliga,TRI – KLA,8:0,1,0,1,1,0,11:49,
2.11.2022,17.,Tipsport extraliga,TRI – VIT,1:2,0,0,0,0,0,12:26,
30.10.2022,16.,Tipsport extraliga,KVA – TRI,2:6,0,0,0,1,0,10:18,
27.10.2022,15.,Tipsport extraliga,TRI – PCE,2:3,0,0,0,0,0,08:37,
23.10.2022,14.,Tipsport extraliga,CEB – TRI,3:2,0,0,0,0,0,09:14,
21.10.2022,13.,Tipsport extraliga,MBL – TRI,2:3,0,0,0,0,2,09:33,
16.10.2022,11.,Tipsport extraliga,TRI – SPA,4:2,0,0,0,0,0,10:28,
14.10.2022,10.,Tipsport extraliga,TRI – PLZ,3:2,0,0,0,0,2,11:30,
9.10.2022,9.,Tipsport extraliga,TRI – LIT,4:1,0,0,0,-1,0,11:00,
2.10.2022,7.,Tipsport extraliga,TRI – LIB,3:4,0,0,0,0,2,06:36,
25.9.2022,4.,Tipsport extraliga,TRI – VIT,3:5,0,1,1,1,0,05:38,
23.9.2022,3.,Tipsport extraliga,TRI – KVA,1:2,0,0,0,0,0,04:42,
