datum,kolo,soutěž,zápas,skóre,G,A,B,+-,TM,TOI,
26.2.2023,50.,Tipsport extraliga,MHK – MBL,3:2,0,0,0,0,0,00:04,
24.2.2023,49.,Tipsport extraliga,MBL – LIT,1:2,0,0,0,0,0,00:05,
19.2.2023,48.,Tipsport extraliga,KOM – MBL,1:4,0,0,0,0,0,00:03,
17.2.2023,47.,Tipsport extraliga,MBL – KVA,0:2,0,0,0,-1,0,09:01,
15.2.2023,46.,Tipsport extraliga,KLA – MBL,2:1,0,0,0,0,0,00:05,
5.2.2023,45.,Tipsport extraliga,MBL – VIT,2:3,0,0,0,-1,0,16:20,
3.2.2023,44.,Tipsport extraliga,LIB – MBL,4:3,0,2,2,1,2,11:47,
29.1.2023,43.,Tipsport extraliga,MBL – PCE,3:5,0,0,0,0,0,14:32,
27.1.2023,42.,Tipsport extraliga,CEB – MBL,5:4,0,1,1,0,0,09:35,
15.1.2023,38.,Tipsport extraliga,PLZ – MBL,3:2,0,0,0,0,0,16:12,
13.1.2023,37.,Tipsport extraliga,MBL – MHK,3:2,0,0,0,0,2,19:16,
8.1.2023,36.,Tipsport extraliga,LIT – MBL,4:3,0,1,1,0,0,15:58,
6.1.2023,35.,Tipsport extraliga,MBL – KOM,7:3,1,0,1,0,0,16:33,
21.10.2022,13.,Tipsport extraliga,SPA – KOM,2:3,0,0,0,0,0,04:41,
18.10.2022,12.,Tipsport extraliga,MHK – SPA,3:2,0,1,1,0,0,14:01,
16.10.2022,11.,Tipsport extraliga,TRI – SPA,4:2,0,0,0,0,2,09:10,
14.10.2022,10.,Tipsport extraliga,KLA – SPA,2:5,0,0,0,1,0,13:42,
7.10.2022,8.,Tipsport extraliga,CEB – SPA,2:3,0,0,0,0,0,07:43,
2.10.2022,7.,Tipsport extraliga,SPA – KVA,4:5,0,0,0,-1,0,11:57,
30.9.2022,6.,Tipsport extraliga,PCE – SPA,2:3,0,0,0,1,0,11:36,
27.9.2022,5.,Tipsport extraliga,SPA – VIT,5:3,1,0,1,-1,0,09:24,
25.9.2022,4.,Tipsport extraliga,SPA – PLZ,3:2,0,0,0,-1,0,10:18,
22.9.2022,3.,Tipsport extraliga,OLO – SPA,4:0,0,0,0,-1,0,13:12,
18.9.2022,2.,Tipsport extraliga,SPA – LIT,3:0,1,2,3,2,0,08:54,
16.9.2022,1.,Tipsport extraliga,MBL – SPA,4:2,0,1,1,1,0,09:21,
