datum,kolo,soutěž,zápas,skóre,G,A,B,+-,TM,TOI,
25.2.2023,50.,CHANCE LIGA,SUM – KOL,0:3,0,0,0,0,2,21:53,
22.2.2023,49.,CHANCE LIGA,KOL – JIH,3:4,0,1,1,-1,0,21:13,
18.2.2023,48.,CHANCE LIGA,POR – KOL,5:2,0,1,1,-1,2,19:01,
15.2.2023,47.,CHANCE LIGA,KOL – PCE,4:2,0,0,0,0,4,20:05,
13.2.2023,46.,CHANCE LIGA,FRM – KOL,5:1,0,0,0,-1,0,18:24,
4.2.2023,45.,CHANCE LIGA,SLA – KOL,6:3,1,0,1,0,0,18:58,
1.2.2023,44.,CHANCE LIGA,KOL – PRE,1:3,0,0,0,-2,2,13:56,
30.1.2023,43.,CHANCE LIGA,TRE – KOL,5:6,0,0,0,0,0,25:30,
28.1.2023,42.,CHANCE LIGA,KOL – LTM,5:2,0,1,1,2,0,17:32,
25.1.2023,41.,CHANCE LIGA,PRO – KOL,3:1,0,0,0,-2,0,18:51,
21.1.2023,40.,CHANCE LIGA,KOL – ZLN,1:3,0,0,0,-1,0,18:55,
14.1.2023,38.,CHANCE LIGA,SOK – KOL,3:2,0,1,1,1,0,20:27,
13.1.2023,37.,Tipsport extraliga,LIB – PCE,3:4,0,0,0,0,0,05:49,
11.1.2023,37.,CHANCE LIGA,KOL – SUM,3:2,0,0,0,1,0,19:06,
10.1.2023,27.,Tipsport extraliga,MHK – LIB,5:4,0,0,0,0,0,10:27,
9.1.2023,36.,CHANCE LIGA,JIH – KOL,0:5,0,0,0,1,2,18:30,
7.1.2023,35.,CHANCE LIGA,KOL – POR,4:3,0,0,0,0,27,08:52,
4.1.2023,34.,CHANCE LIGA,PCE – KOL,3:5,0,0,0,-2,0,19:26,
21.12.2022,31.,CHANCE LIGA,PRE – KOL,5:1,0,0,0,-2,2,21:48,
19.12.2022,30.,CHANCE LIGA,KOL – TRE,2:1,0,0,0,1,0,24:24,
12.12.2022,12.,CHANCE LIGA,SOK – KOL,0:5,0,0,0,-1,0,21:48,
10.12.2022,29.,CHANCE LIGA,LTM – KOL,2:1,0,0,0,0,0,20:35,
7.12.2022,28.,CHANCE LIGA,KOL – PRO,2:6,0,0,0,0,0,20:02,
2.12.2022,25.,Tipsport extraliga,KVA – LIB,0:2,0,0,0,0,0,07:25,
29.11.2022,24.,Tipsport extraliga,PCE – LIB,1:3,0,0,0,0,0,13:19,
23.11.2022,23.,CHANCE LIGA,LTM – PRO,1:3,0,0,0,1,2,19:24,
19.11.2022,22.,CHANCE LIGA,VSE – LTM,3:4,0,0,0,0,,07:05,
16.11.2022,21.,CHANCE LIGA,LTM – ZLN,5:2,1,0,1,0,2,19:52,
14.11.2022,20.,CHANCE LIGA,JIH – LTM,2:5,0,0,0,0,,17:22,
6.11.2022,19.,Tipsport extraliga,PLZ – LIB,3:4,0,0,0,0,0,00:47,
5.11.2022,19.,CHANCE LIGA,LTM – SUM,6:3,0,0,0,1,0,16:11,
30.10.2022,16.,Tipsport extraliga,LIB – LIT,2:3,0,0,0,-1,0,02:51,
26.10.2022,16.,CHANCE LIGA,KOL – LTM,2:1,0,0,0,0,0,14:10,
24.10.2022,15.,CHANCE LIGA,PRO – KOL,2:0,0,0,0,0,2,15:10,
22.10.2022,14.,CHANCE LIGA,KOL – ZLN,4:3,0,0,0,1,0,14:15,
19.10.2022,13.,CHANCE LIGA,KOL – VSE,3:1,0,0,0,0,0,16:00,
12.10.2022,11.,CHANCE LIGA,KOL – SUM,3:5,0,0,0,0,0,15:56,
10.10.2022,10.,CHANCE LIGA,JIH – KOL,3:2,0,0,0,-1,4,19:20,
8.10.2022,9.,CHANCE LIGA,KOL – POR,4:6,0,1,1,0,2,21:35,
5.10.2022,8.,CHANCE LIGA,PCE – KOL,3:2,0,0,0,-2,0,25:33,
1.10.2022,7.,CHANCE LIGA,KOL – FRM,2:5,1,0,1,0,0,19:34,
28.9.2022,6.,CHANCE LIGA,KOL – SLA,3:1,0,1,1,2,2,16:36,
26.9.2022,5.,CHANCE LIGA,PRE – KOL,4:2,0,0,0,0,0,19:55,
24.9.2022,4.,CHANCE LIGA,KOL – TRE,3:2,0,0,0,0,0,17:23,
23.9.2022,3.,Tipsport extraliga,LIT – LIB,2:3,0,0,0,-1,0,11:13,
18.9.2022,2.,Tipsport extraliga,LIB – KLA,4:3,0,0,0,1,0,09:50,
16.9.2022,1.,Tipsport extraliga,MHK – LIB,1:2,0,0,0,0,0,07:18,
