datum,kolo,soutěž,zápas,skóre,G,A,B,+-,TM,TOI,
26.2.2023,50.,Tipsport extraliga,MHK – MBL,3:2,0,0,0,0,0,09:49,
24.2.2023,49.,Tipsport extraliga,MBL – LIT,1:2,0,0,0,-1,0,12:58,
15.2.2023,46.,Tipsport extraliga,KLA – MBL,2:1,0,0,0,1,0,14:23,
5.2.2023,45.,Tipsport extraliga,MBL – VIT,2:3,1,0,1,0,0,12:53,
3.2.2023,44.,Tipsport extraliga,LIB – MBL,4:3,0,0,0,-2,0,12:06,
29.1.2023,43.,Tipsport extraliga,MBL – PCE,3:5,0,0,0,-1,0,15:42,
27.1.2023,42.,Tipsport extraliga,CEB – MBL,5:4,0,2,2,0,0,14:04,
24.1.2023,41.,Tipsport extraliga,MBL – OLO,4:0,0,1,1,1,0,16:16,
22.1.2023,40.,Tipsport extraliga,SPA – MBL,4:1,0,0,0,-1,0,14:34,
20.1.2023,39.,Tipsport extraliga,MBL – TRI,1:0,0,0,0,0,0,15:26,
17.1.2023,19.,Tipsport extraliga,MBL – VIT,3:2,0,0,0,0,0,18:09,
15.1.2023,38.,Tipsport extraliga,PLZ – MBL,3:2,1,0,1,1,0,13:12,
13.1.2023,37.,Tipsport extraliga,MBL – MHK,3:2,0,0,0,-1,0,09:38,
8.1.2023,36.,Tipsport extraliga,LIT – MBL,4:3,1,0,1,1,0,14:16,
6.1.2023,35.,Tipsport extraliga,MBL – KOM,7:3,0,0,0,0,0,14:26,
3.1.2023,34.,Tipsport extraliga,SPA – CEB,5:3,0,0,0,1,0,10:16,
22.12.2022,30.,Tipsport extraliga,SPA – PLZ,3:0,0,0,0,0,0,09:54,
20.12.2022,29.,Tipsport extraliga,OLO – SPA,0:1,0,0,0,0,0,08:21,
11.12.2022,28.,Tipsport extraliga,LIT – SPA,5:2,0,0,0,-2,0,11:31,
9.12.2022,27.,Tipsport extraliga,MBL – SPA,1:2,0,0,0,0,2,12:27,
6.12.2022,9.,Tipsport extraliga,LIB – SPA,0:1,1,0,1,1,0,10:26,
4.12.2022,26.,Tipsport extraliga,KOM – SPA,2:6,1,0,1,1,0,11:52,
2.12.2022,25.,Tipsport extraliga,SPA – MHK,2:1,0,0,0,0,4,09:30,
29.11.2022,24.,Tipsport extraliga,SPA – TRI,1:0,0,0,0,0,0,12:32,
27.9.2022,5.,Tipsport extraliga,SPA – VIT,5:3,0,0,0,-1,2,07:09,
25.9.2022,4.,Tipsport extraliga,SPA – PLZ,3:2,0,0,0,0,0,09:52,
22.9.2022,3.,Tipsport extraliga,OLO – SPA,4:0,0,0,0,-1,0,11:13,
18.9.2022,2.,Tipsport extraliga,SPA – LIT,3:0,0,1,1,2,0,08:06,
16.9.2022,1.,Tipsport extraliga,MBL – SPA,4:2,0,0,0,1,4,08:32,
