datum,kolo,soutěž,zápas,skóre,G,A,B,+-,TM,TOI,
24.2.2023,49.,Tipsport extraliga,PLZ – TRI,4:5,0,0,0,0,0,06:33,
19.2.2023,48.,Tipsport extraliga,MHK – PLZ,2:1,0,0,0,0,4,17:28,
17.2.2023,47.,Tipsport extraliga,PLZ – KLA,0:3,0,0,0,-2,0,14:17,
15.2.2023,46.,Tipsport extraliga,KOM – PLZ,3:0,0,0,0,-1,0,15:11,
5.2.2023,45.,Tipsport extraliga,PLZ – LIB,2:4,0,0,0,0,0,12:11,
3.2.2023,44.,Tipsport extraliga,KVA – PLZ,3:1,0,0,0,0,0,11:25,
22.1.2023,40.,Tipsport extraliga,OLO – PLZ,3:2,1,0,1,1,0,14:27,
20.1.2023,39.,Tipsport extraliga,CEB – PLZ,3:4,0,1,1,-1,0,15:14,
15.1.2023,38.,Tipsport extraliga,PLZ – MBL,3:2,0,0,0,0,2,14:25,
13.1.2023,37.,Tipsport extraliga,PLZ – LIT,4:1,0,0,0,1,0,10:31,
10.1.2023,41.,Tipsport extraliga,PLZ – VIT,2:3,0,0,0,0,0,08:33,
8.1.2023,36.,Tipsport extraliga,TRI – PLZ,6:1,0,0,0,-2,0,13:07,
5.1.2023,35.,Tipsport extraliga,PLZ – MHK,0:4,0,0,0,-1,0,18:05,
3.1.2023,34.,Tipsport extraliga,KLA – PLZ,3:4,0,0,0,0,0,22:22,
30.12.2022,33.,Tipsport extraliga,PLZ – KOM,5:2,0,0,0,1,0,18:23,
26.12.2022,31.,Tipsport extraliga,PLZ – KVA,1:0,0,0,0,0,0,17:33,
22.12.2022,30.,Tipsport extraliga,SPA – PLZ,3:0,0,0,0,0,2,15:52,
20.12.2022,29.,Tipsport extraliga,PLZ – PCE,0:2,0,0,0,0,0,14:37,
4.12.2022,26.,Tipsport extraliga,PLZ – CEB,4:1,0,1,1,0,0,12:41,
1.12.2022,25.,Tipsport extraliga,MBL – PLZ,0:1,0,0,0,0,0,11:37,
29.11.2022,24.,Tipsport extraliga,LIT – PLZ,2:4,0,0,0,1,0,06:45,
27.11.2022,23.,Tipsport extraliga,PLZ – TRI,2:1,0,0,0,0,0,05:34,
25.11.2022,22.,Tipsport extraliga,MHK – PLZ,1:4,0,0,0,2,0,07:38,
20.11.2022,21.,Tipsport extraliga,PLZ – KLA,1:2,0,0,0,0,0,08:04,
18.11.2022,20.,Tipsport extraliga,KOM – PLZ,3:1,0,0,0,0,2,16:26,
12.11.2022,16.,2. liga – Západ – z. č.,KLT – BNJ,3:4,0,0,0,0,0,-,
9.11.2022,15.,2. liga – Západ – z. č.,CHB – KLT,4:2,0,0,0,0,0,-,
6.11.2022,19.,Tipsport extraliga,PLZ – LIB,3:4,0,0,0,0,0,13:52,
4.11.2022,18.,Tipsport extraliga,KVA – PLZ,4:5,0,0,0,-1,0,11:42,
2.11.2022,17.,Tipsport extraliga,PLZ – SPA,4:0,0,0,0,0,0,14:20,
30.10.2022,16.,Tipsport extraliga,PCE – PLZ,7:2,0,0,0,-1,0,13:40,
28.10.2022,15.,Tipsport extraliga,PLZ – VIT,4:3,0,0,0,-1,0,11:32,
23.10.2022,14.,Tipsport extraliga,OLO – PLZ,1:4,0,0,0,0,2,08:51,
16.10.2022,11.,Tipsport extraliga,PLZ – LIT,4:3,0,0,0,-1,0,02:25,
14.10.2022,10.,Tipsport extraliga,TRI – PLZ,3:2,0,0,0,-1,2,12:15,
9.10.2022,9.,Tipsport extraliga,PLZ – MHK,2:5,0,0,0,-1,0,13:09,
7.10.2022,8.,Tipsport extraliga,KLA – PLZ,0:4,0,0,0,0,0,13:22,
2.10.2022,7.,Tipsport extraliga,PLZ – KOM,3:4,0,0,0,1,0,14:28,
29.9.2022,6.,Tipsport extraliga,LIB – PLZ,2:3,0,0,0,-1,0,11:27,
24.9.2022,2.,2. liga – Západ – z. č.,BNJ – KLT,2:1,0,1,1,-2,2,-,
21.9.2022,1.,2. liga – Západ – z. č.,CHM – KLT,6:2,0,0,0,0,0,-,
18.9.2022,2.,Tipsport extraliga,VIT – PLZ,4:2,0,0,0,0,0,07:01,
