datum,kolo,soutěž,zápas,skóre,G,A,B,+-,TM,TOI,
26.2.2023,50.,Tipsport extraliga,MHK – MBL,3:2,0,0,0,-1,2,09:23,
24.2.2023,49.,Tipsport extraliga,MBL – LIT,1:2,0,1,1,1,0,15:55,
19.2.2023,48.,Tipsport extraliga,KOM – MBL,1:4,1,0,1,1,0,15:44,
17.2.2023,47.,Tipsport extraliga,MBL – KVA,0:2,0,0,0,0,2,18:08,
15.2.2023,46.,Tipsport extraliga,KLA – MBL,2:1,0,0,0,0,0,12:48,
5.2.2023,45.,Tipsport extraliga,MBL – VIT,2:3,0,0,0,0,0,16:56,
3.2.2023,44.,Tipsport extraliga,LIB – MBL,4:3,1,1,2,1,2,15:45,
29.1.2023,43.,Tipsport extraliga,MBL – PCE,3:5,0,1,1,1,0,15:35,
27.1.2023,42.,Tipsport extraliga,CEB – MBL,5:4,1,1,2,2,0,16:01,
24.1.2023,41.,Tipsport extraliga,MBL – OLO,4:0,0,0,0,0,0,13:30,
22.1.2023,40.,Tipsport extraliga,SPA – MBL,4:1,0,0,0,-1,0,16:06,
20.1.2023,39.,Tipsport extraliga,MBL – TRI,1:0,0,0,0,0,0,15:19,
17.1.2023,19.,Tipsport extraliga,MBL – VIT,3:2,0,0,0,0,0,15:12,
15.1.2023,38.,Tipsport extraliga,PLZ – MBL,3:2,0,0,0,-1,2,16:58,
13.1.2023,37.,Tipsport extraliga,MBL – MHK,3:2,0,0,0,0,0,18:10,
8.1.2023,36.,Tipsport extraliga,LIT – MBL,4:3,0,1,1,1,2,15:17,
6.1.2023,35.,Tipsport extraliga,MBL – KOM,7:3,2,1,3,3,0,14:10,
3.1.2023,34.,Tipsport extraliga,KVA – MBL,4:1,0,0,0,-1,0,19:33,
30.12.2022,33.,Tipsport extraliga,MBL – KLA,1:2,0,0,0,0,0,18:19,
28.12.2022,32.,Tipsport extraliga,VIT – MBL,5:2,0,0,0,0,0,16:52,
11.12.2022,28.,Tipsport extraliga,OLO – MBL,2:0,0,0,0,-1,0,17:32,
9.12.2022,27.,Tipsport extraliga,MBL – SPA,1:2,0,0,0,-1,0,20:11,
4.12.2022,26.,Tipsport extraliga,TRI – MBL,3:0,0,0,0,-1,0,13:35,
1.12.2022,25.,Tipsport extraliga,MBL – PLZ,0:1,0,0,0,-1,0,17:04,
29.11.2022,24.,Tipsport extraliga,MHK – MBL,0:2,0,0,0,0,0,15:01,
27.11.2022,23.,Tipsport extraliga,MBL – LIT,6:4,0,1,1,1,2,15:51,
25.11.2022,22.,Tipsport extraliga,KOM – MBL,1:3,0,0,0,0,0,14:55,
20.11.2022,21.,Tipsport extraliga,KVA – MBL,4:3,1,0,1,-1,0,12:37,
18.11.2022,20.,Tipsport extraliga,KLA – MBL,1:2,0,0,0,-1,0,15:34,
4.11.2022,18.,Tipsport extraliga,LIB – MBL,6:2,0,0,0,-1,0,21:14,
1.11.2022,17.,Tipsport extraliga,MBL – PCE,0:1,0,0,0,0,2,20:31,
30.10.2022,16.,Tipsport extraliga,CEB – MBL,3:0,0,0,0,0,0,16:28,
28.10.2022,15.,Tipsport extraliga,MBL – OLO,2:3,0,1,1,0,0,19:02,
23.10.2022,14.,Tipsport extraliga,SPA – MBL,3:2,0,1,1,1,0,15:11,
21.10.2022,13.,Tipsport extraliga,MBL – TRI,2:3,0,0,0,0,0,17:29,
18.10.2022,12.,Tipsport extraliga,PLZ – MBL,1:2,0,0,0,0,0,19:28,
14.10.2022,10.,Tipsport extraliga,LIT – MBL,3:4,0,1,1,-1,0,11:37,
9.10.2022,9.,Tipsport extraliga,MBL – KOM,3:2,0,1,1,1,0,17:54,
6.10.2022,8.,Tipsport extraliga,MBL – KVA,0:1,0,0,0,0,0,19:37,
2.10.2022,7.,Tipsport extraliga,MBL – KLA,4:0,0,0,0,0,0,17:08,
29.9.2022,6.,Tipsport extraliga,VIT – MBL,4:0,0,0,0,-1,0,19:38,
27.9.2022,5.,Tipsport extraliga,MBL – LIB,2:1,1,0,1,0,0,18:27,
25.9.2022,4.,Tipsport extraliga,PCE – MBL,2:3,1,1,2,2,0,16:34,
23.9.2022,3.,Tipsport extraliga,MBL – CEB,5:1,1,0,1,1,0,15:38,
18.9.2022,2.,Tipsport extraliga,OLO – MBL,2:1,0,0,0,-1,0,20:25,
16.9.2022,1.,Tipsport extraliga,MBL – SPA,4:2,0,0,0,2,0,17:29,
