datum,kolo,soutěž,zápas,skóre,G,A,B,+-,TM,TOI,
24.2.2023,49.,Tipsport extraliga,PCE – KOM,1:3,0,0,0,0,0,16:11,
19.2.2023,48.,Tipsport extraliga,KVA – PCE,0:5,0,1,1,2,0,16:32,
17.2.2023,47.,Tipsport extraliga,PCE – VIT,1:4,0,0,0,0,0,15:37,
15.2.2023,46.,Tipsport extraliga,CEB – PCE,3:7,0,0,0,1,2,16:59,
5.2.2023,45.,Tipsport extraliga,SPA – PCE,4:2,0,1,1,0,0,17:29,
3.2.2023,44.,Tipsport extraliga,PCE – OLO,4:1,1,0,1,2,0,15:56,
29.1.2023,43.,Tipsport extraliga,MBL – PCE,3:5,0,0,0,1,2,16:01,
26.1.2023,42.,Tipsport extraliga,PCE – PLZ,4:3,1,0,1,-1,0,15:57,
24.1.2023,41.,Tipsport extraliga,TRI – PCE,0:4,0,0,0,3,2,17:35,
22.1.2023,40.,Tipsport extraliga,PCE – KLA,4:2,0,2,2,1,2,18:18,
20.1.2023,39.,Tipsport extraliga,PCE – MHK,4:1,0,0,0,-1,2,18:22,
18.1.2023,27.,Tipsport extraliga,KLA – PCE,1:4,0,1,1,0,0,14:50,
15.1.2023,38.,Tipsport extraliga,LIT – PCE,1:2,1,0,1,1,0,16:56,
13.1.2023,37.,Tipsport extraliga,LIB – PCE,3:4,0,1,1,1,0,14:23,
10.1.2023,32.,Tipsport extraliga,PCE – SPA,0:3,0,0,0,-1,0,15:07,
8.1.2023,36.,Tipsport extraliga,KOM – PCE,1:4,0,1,1,1,2,15:53,
6.1.2023,35.,Tipsport extraliga,PCE – KVA,7:4,0,0,0,-2,0,12:21,
3.1.2023,34.,Tipsport extraliga,VIT – PCE,2:3,0,0,0,-1,0,16:46,
30.12.2022,33.,Tipsport extraliga,PCE – CEB,4:1,1,1,2,0,0,15:35,
26.12.2022,31.,Tipsport extraliga,OLO – PCE,3:2,0,0,0,0,0,17:37,
22.12.2022,30.,Tipsport extraliga,PCE – MBL,2:1,0,1,1,0,0,17:45,
20.12.2022,29.,Tipsport extraliga,PLZ – PCE,0:2,0,2,2,2,0,13:43,
11.12.2022,28.,Tipsport extraliga,PCE – TRI,0:3,0,0,0,-1,0,15:39,
6.12.2022,25.,Tipsport extraliga,PCE – LIT,1:0,1,0,1,0,0,13:30,
4.12.2022,26.,Tipsport extraliga,MHK – PCE,4:0,0,0,0,-1,0,17:48,
29.11.2022,24.,Tipsport extraliga,PCE – LIB,1:3,0,0,0,-1,0,14:29,
27.11.2022,23.,Tipsport extraliga,PCE – KOM,4:3,0,0,0,-2,0,15:37,
25.11.2022,22.,Tipsport extraliga,KVA – PCE,1:3,0,0,0,1,0,15:46,
22.11.2022,21.,Tipsport extraliga,VIT – PCE,4:5,0,0,0,-2,0,15:06,
17.11.2022,20.,Tipsport extraliga,CEB – PCE,2:4,0,0,0,0,0,15:08,
6.11.2022,19.,Tipsport extraliga,SPA – PCE,2:3,0,0,0,-1,0,14:22,
3.11.2022,18.,Tipsport extraliga,PCE – OLO,3:0,0,0,0,0,0,15:30,
1.11.2022,17.,Tipsport extraliga,MBL – PCE,0:1,0,0,0,0,0,14:18,
30.10.2022,16.,Tipsport extraliga,PCE – PLZ,7:2,1,0,1,2,0,17:48,
27.10.2022,15.,Tipsport extraliga,TRI – PCE,2:3,2,0,2,0,0,18:50,
23.10.2022,14.,Tipsport extraliga,PCE – KLA,6:2,0,1,1,0,0,17:01,
21.10.2022,13.,Tipsport extraliga,PCE – MHK,5:2,0,0,0,0,0,15:10,
18.10.2022,12.,Tipsport extraliga,LIT – PCE,0:1,0,0,0,0,0,16:09,
16.10.2022,11.,Tipsport extraliga,PCE – LIB,1:0,0,0,0,0,0,14:30,
13.10.2022,10.,Tipsport extraliga,KOM – PCE,4:3,0,1,1,0,0,15:17,
9.10.2022,9.,Tipsport extraliga,PCE – KVA,2:4,1,0,1,-1,0,16:38,
6.10.2022,8.,Tipsport extraliga,PCE – VIT,2:1,0,0,0,0,0,14:29,
2.10.2022,7.,Tipsport extraliga,PCE – CEB,6:1,0,0,0,0,0,16:19,
30.9.2022,6.,Tipsport extraliga,PCE – SPA,2:3,0,1,1,1,2,20:06,
27.9.2022,5.,Tipsport extraliga,OLO – PCE,1:2,0,0,0,0,0,16:29,
25.9.2022,4.,Tipsport extraliga,PCE – MBL,2:3,0,1,1,0,0,15:58,
23.9.2022,3.,Tipsport extraliga,PLZ – PCE,1:4,0,0,0,1,0,14:54,
