datum,kolo,soutěž,zápas,skóre,G,A,B,+-,TM,TOI,
26.2.2023,50.,Tipsport extraliga,SPA – TRI,3:1,0,0,0,0,0,09:47,
24.2.2023,49.,Tipsport extraliga,KLA – SPA,3:4,0,0,0,0,0,19:20,
19.2.2023,48.,Tipsport extraliga,LIB – SPA,2:1,0,0,0,0,0,11:57,
17.2.2023,47.,Tipsport extraliga,CEB – SPA,3:4,0,0,0,0,0,13:14,
15.2.2023,46.,Tipsport extraliga,KVA – SPA,3:6,0,2,2,2,0,12:18,
5.2.2023,45.,Tipsport extraliga,SPA – PCE,4:2,0,0,0,0,0,14:12,
3.2.2023,44.,Tipsport extraliga,VIT – SPA,3:4,0,0,0,-1,2,12:16,
31.1.2023,33.,Tipsport extraliga,SPA – KVA,6:3,0,1,1,0,0,15:42,
29.1.2023,43.,Tipsport extraliga,PLZ – SPA,4:3,1,0,1,2,0,11:40,
25.1.2023,41.,Tipsport extraliga,SPA – LIT,3:2,0,0,0,0,0,16:39,
22.1.2023,40.,Tipsport extraliga,SPA – MBL,4:1,0,0,0,-1,0,14:03,
20.1.2023,39.,Tipsport extraliga,SPA – KOM,5:3,0,1,1,2,0,14:26,
17.1.2023,21.,Tipsport extraliga,SPA – CEB,5:0,1,0,1,2,0,12:55,
15.1.2023,38.,Tipsport extraliga,MHK – SPA,3:4,0,0,0,0,0,17:16,
10.1.2023,32.,Tipsport extraliga,PCE – SPA,0:3,0,1,1,0,2,11:57,
8.1.2023,36.,Tipsport extraliga,SPA – KLA,4:0,0,0,0,1,0,12:56,
6.1.2023,35.,Tipsport extraliga,SPA – LIB,2:5,0,0,0,-1,0,13:39,
3.1.2023,34.,Tipsport extraliga,SPA – CEB,5:3,0,0,0,-1,0,11:16,
22.12.2022,30.,Tipsport extraliga,SPA – PLZ,3:0,0,0,0,0,0,13:06,
20.12.2022,29.,Tipsport extraliga,OLO – SPA,0:1,0,0,0,0,0,13:00,
11.12.2022,28.,Tipsport extraliga,LIT – SPA,5:2,0,0,0,-2,0,12:47,
9.12.2022,27.,Tipsport extraliga,MBL – SPA,1:2,0,0,0,0,0,16:08,
6.12.2022,9.,Tipsport extraliga,LIB – SPA,0:1,0,0,0,1,0,13:45,
4.12.2022,26.,Tipsport extraliga,KOM – SPA,2:6,0,1,1,1,0,15:30,
2.12.2022,25.,Tipsport extraliga,SPA – MHK,2:1,0,0,0,0,0,11:48,
29.11.2022,24.,Tipsport extraliga,SPA – TRI,1:0,0,0,0,0,0,13:55,
27.11.2022,23.,Tipsport extraliga,SPA – KLA,5:1,0,0,0,0,0,16:22,
25.11.2022,22.,Tipsport extraliga,SPA – LIB,3:1,0,0,0,0,0,09:49,
18.11.2022,20.,Tipsport extraliga,KVA – SPA,1:5,0,0,0,0,0,14:35,
16.11.2022,37.,Tipsport extraliga,TRI – SPA,2:1,0,0,0,0,0,13:59,
13.11.2022,,Karjala Cup 2022,CZE – SUI,2:3,0,0,0,-1,0,-,
12.11.2022,,Karjala Cup 2022,FIN – CZE,2:5,0,0,0,0,2,-,
6.11.2022,19.,Tipsport extraliga,SPA – PCE,2:3,0,0,0,-1,0,12:32,
4.11.2022,18.,Tipsport extraliga,VIT – SPA,3:2,0,0,0,1,2,17:24,
2.11.2022,17.,Tipsport extraliga,PLZ – SPA,4:0,0,0,0,0,0,18:32,
30.10.2022,16.,Tipsport extraliga,SPA – OLO,2:5,0,0,0,-1,0,14:28,
28.10.2022,15.,Tipsport extraliga,LIT – SPA,4:0,0,0,0,0,0,17:51,
26.10.2022,31.,Tipsport extraliga,SPA – VIT,3:2,0,0,0,-1,0,18:31,
23.10.2022,14.,Tipsport extraliga,SPA – MBL,3:2,0,0,0,0,0,17:07,
21.10.2022,13.,Tipsport extraliga,SPA – KOM,2:3,0,1,1,1,0,11:43,
18.10.2022,12.,Tipsport extraliga,MHK – SPA,3:2,0,1,1,1,0,09:39,
16.10.2022,11.,Tipsport extraliga,TRI – SPA,4:2,0,0,0,0,0,15:33,
14.10.2022,10.,Tipsport extraliga,KLA – SPA,2:5,0,0,0,0,0,01:55,
7.10.2022,8.,Tipsport extraliga,CEB – SPA,2:3,0,0,0,0,2,12:36,
2.10.2022,7.,Tipsport extraliga,SPA – KVA,4:5,0,0,0,-1,0,15:13,
30.9.2022,6.,Tipsport extraliga,PCE – SPA,2:3,0,0,0,1,0,14:35,
27.9.2022,5.,Tipsport extraliga,SPA – VIT,5:3,0,0,0,-1,0,14:42,
25.9.2022,4.,Tipsport extraliga,SPA – PLZ,3:2,0,0,0,-1,0,12:06,
22.9.2022,3.,Tipsport extraliga,OLO – SPA,4:0,0,0,0,-1,0,12:13,
18.9.2022,2.,Tipsport extraliga,SPA – LIT,3:0,1,0,1,2,0,13:34,
16.9.2022,1.,Tipsport extraliga,MBL – SPA,4:2,1,0,1,1,0,10:55,
