datum,kolo,soutěž,zápas,skóre,G,A,B,+-,TM,TOI,
26.2.2023,50.,Tipsport extraliga,SPA – TRI,3:1,1,0,1,1,0,11:40,
24.2.2023,49.,Tipsport extraliga,KLA – SPA,3:4,0,2,2,0,0,16:30,
19.2.2023,48.,Tipsport extraliga,LIB – SPA,2:1,0,1,1,0,2,18:15,
17.2.2023,47.,Tipsport extraliga,CEB – SPA,3:4,1,0,1,0,0,18:47,
15.2.2023,46.,Tipsport extraliga,KVA – SPA,3:6,1,0,1,0,0,16:50,
5.2.2023,45.,Tipsport extraliga,SPA – PCE,4:2,1,1,2,0,0,18:17,
3.2.2023,44.,Tipsport extraliga,VIT – SPA,3:4,0,1,1,-1,0,17:00,
31.1.2023,33.,Tipsport extraliga,SPA – KVA,6:3,1,0,1,1,0,16:42,
29.1.2023,43.,Tipsport extraliga,PLZ – SPA,4:3,0,0,0,-1,2,21:39,
25.1.2023,41.,Tipsport extraliga,SPA – LIT,3:2,1,0,1,0,0,19:21,
22.1.2023,40.,Tipsport extraliga,SPA – MBL,4:1,0,1,1,2,0,16:38,
6.1.2023,35.,Tipsport extraliga,SPA – LIB,2:5,0,0,0,0,0,05:47,
3.1.2023,34.,Tipsport extraliga,SPA – CEB,5:3,0,1,1,2,0,18:46,
22.12.2022,30.,Tipsport extraliga,SPA – PLZ,3:0,0,0,0,0,0,17:14,
20.12.2022,29.,Tipsport extraliga,OLO – SPA,0:1,1,0,1,0,4,18:21,
18.12.2022,,Swiss Ice Hockey Games 2022,CZE – SWE,0:4,0,0,0,0,0,-,
17.12.2022,,Swiss Ice Hockey Games 2022,SUI – CZE,1:2,0,0,0,0,0,-,
15.12.2022,,Swiss Ice Hockey Games 2022,FIN – CZE,2:3,1,0,1,1,0,-,
11.12.2022,28.,Tipsport extraliga,LIT – SPA,5:2,1,0,1,-1,4,21:33,
9.12.2022,27.,Tipsport extraliga,MBL – SPA,1:2,0,1,1,1,0,19:33,
6.12.2022,9.,Tipsport extraliga,LIB – SPA,0:1,0,0,0,0,0,17:51,
4.12.2022,26.,Tipsport extraliga,KOM – SPA,2:6,1,2,3,1,0,17:20,
2.12.2022,25.,Tipsport extraliga,SPA – MHK,2:1,0,0,0,0,4,15:37,
29.11.2022,24.,Tipsport extraliga,SPA – TRI,1:0,0,1,1,1,0,18:16,
27.11.2022,23.,Tipsport extraliga,SPA – KLA,5:1,0,0,0,2,0,16:07,
25.11.2022,22.,Tipsport extraliga,SPA – LIB,3:1,1,1,2,1,0,19:06,
18.11.2022,20.,Tipsport extraliga,KVA – SPA,1:5,1,1,2,0,0,19:11,
16.11.2022,37.,Tipsport extraliga,TRI – SPA,2:1,0,0,0,0,0,20:19,
6.11.2022,19.,Tipsport extraliga,SPA – PCE,2:3,0,0,0,0,2,19:30,
4.11.2022,18.,Tipsport extraliga,VIT – SPA,3:2,0,0,0,1,0,17:25,
2.11.2022,17.,Tipsport extraliga,PLZ – SPA,4:0,0,0,0,-1,6,15:52,
30.10.2022,16.,Tipsport extraliga,SPA – OLO,2:5,0,0,0,-1,0,15:38,
28.10.2022,15.,Tipsport extraliga,LIT – SPA,4:0,0,0,0,-1,4,16:58,
26.10.2022,31.,Tipsport extraliga,SPA – VIT,3:2,0,1,1,1,2,18:05,
23.10.2022,14.,Tipsport extraliga,SPA – MBL,3:2,1,0,1,0,0,19:35,
21.10.2022,13.,Tipsport extraliga,SPA – KOM,2:3,0,0,0,-1,0,21:36,
18.10.2022,12.,Tipsport extraliga,MHK – SPA,3:2,0,0,0,-1,0,18:16,
16.10.2022,11.,Tipsport extraliga,TRI – SPA,4:2,0,2,2,0,2,16:36,
14.10.2022,10.,Tipsport extraliga,KLA – SPA,2:5,1,1,2,-1,0,19:34,
7.10.2022,8.,Tipsport extraliga,CEB – SPA,2:3,0,1,1,1,0,14:49,
2.10.2022,7.,Tipsport extraliga,SPA – KVA,4:5,0,1,1,0,0,16:11,
30.9.2022,6.,Tipsport extraliga,PCE – SPA,2:3,1,0,1,1,2,20:54,
27.9.2022,5.,Tipsport extraliga,SPA – VIT,5:3,0,2,2,2,0,15:36,
25.9.2022,4.,Tipsport extraliga,SPA – PLZ,3:2,0,0,0,2,0,17:43,
22.9.2022,3.,Tipsport extraliga,OLO – SPA,4:0,0,0,0,0,0,16:20,
18.9.2022,2.,Tipsport extraliga,SPA – LIT,3:0,0,0,0,0,2,15:52,
16.9.2022,1.,Tipsport extraliga,MBL – SPA,4:2,0,1,1,-1,0,13:31,
