datum,kolo,soutěž,zápas,skóre,G,A,B,+-,TM,TOI,
19.2.2023,48.,Tipsport extraliga,KOM – MBL,1:4,0,0,0,0,0,16:41,
17.2.2023,47.,Tipsport extraliga,MBL – KVA,0:2,0,0,0,0,0,15:11,
15.2.2023,46.,Tipsport extraliga,KLA – MBL,2:1,0,0,0,0,0,10:17,
5.2.2023,45.,Tipsport extraliga,MBL – VIT,2:3,0,0,0,-1,0,12:33,
29.1.2023,43.,Tipsport extraliga,MBL – PCE,3:5,0,0,0,0,0,06:08,
24.1.2023,41.,Tipsport extraliga,MBL – OLO,4:0,0,0,0,2,0,14:58,
22.1.2023,40.,Tipsport extraliga,SPA – MBL,4:1,0,0,0,1,0,15:28,
20.1.2023,39.,Tipsport extraliga,MBL – TRI,1:0,0,0,0,0,0,14:24,
17.1.2023,19.,Tipsport extraliga,MBL – VIT,3:2,0,0,0,1,0,15:42,
15.1.2023,38.,Tipsport extraliga,PLZ – MBL,3:2,0,0,0,-2,0,13:37,
13.1.2023,37.,Tipsport extraliga,MBL – MHK,3:2,0,0,0,0,0,16:12,
8.1.2023,36.,Tipsport extraliga,LIT – MBL,4:3,1,0,1,1,2,12:50,
6.1.2023,35.,Tipsport extraliga,MBL – KOM,7:3,0,1,1,2,4,11:53,
3.1.2023,34.,Tipsport extraliga,KVA – MBL,4:1,0,0,0,-1,0,17:39,
28.12.2022,32.,Tipsport extraliga,VIT – MBL,5:2,0,0,0,-1,0,14:08,
26.12.2022,31.,Tipsport extraliga,MBL – LIB,3:7,0,0,0,-1,0,12:43,
22.12.2022,30.,Tipsport extraliga,PCE – MBL,2:1,0,0,0,0,0,14:06,
20.12.2022,29.,Tipsport extraliga,MBL – CEB,2:1,0,0,0,0,0,14:12,
11.12.2022,28.,Tipsport extraliga,OLO – MBL,2:0,0,0,0,-1,0,14:14,
9.12.2022,27.,Tipsport extraliga,MBL – SPA,1:2,0,0,0,0,0,15:16,
4.12.2022,26.,Tipsport extraliga,TRI – MBL,3:0,0,0,0,0,0,15:46,
1.12.2022,25.,Tipsport extraliga,MBL – PLZ,0:1,0,0,0,0,0,14:48,
29.11.2022,24.,Tipsport extraliga,CEB – KVA,0:3,1,0,1,1,2,13:35,
27.11.2022,23.,Tipsport extraliga,VIT – KVA,4:2,0,0,0,-1,0,15:24,
25.11.2022,22.,Tipsport extraliga,KVA – PCE,1:3,0,0,0,0,0,19:00,
20.11.2022,21.,Tipsport extraliga,KVA – MBL,4:3,0,0,0,0,0,14:56,
18.11.2022,20.,Tipsport extraliga,KVA – SPA,1:5,0,0,0,0,0,13:32,
15.11.2022,4.,Tipsport extraliga,KVA – OLO,3:2,0,0,0,-2,0,09:31,
6.11.2022,19.,Tipsport extraliga,LIT – KVA,5:3,0,0,0,0,0,17:15,
4.11.2022,18.,Tipsport extraliga,KVA – PLZ,4:5,0,0,0,1,0,15:04,
1.11.2022,17.,Tipsport extraliga,OLO – KVA,2:0,0,0,0,0,0,15:23,
30.10.2022,16.,Tipsport extraliga,KVA – TRI,2:6,0,0,0,-2,0,15:49,
28.10.2022,15.,Tipsport extraliga,MHK – KVA,1:2,0,0,0,1,0,15:05,
23.10.2022,14.,Tipsport extraliga,KVA – KOM,2:3,0,0,0,2,0,20:16,
21.10.2022,13.,Tipsport extraliga,KVA – KLA,4:3,0,0,0,0,0,15:51,
18.10.2022,12.,Tipsport extraliga,LIB – KVA,3:4,0,0,0,-1,0,17:03,
16.10.2022,11.,Tipsport extraliga,KVA – CEB,4:3,0,0,0,1,0,15:16,
14.10.2022,10.,Tipsport extraliga,KVA – VIT,4:5,0,1,1,-2,0,20:07,
9.10.2022,9.,Tipsport extraliga,PCE – KVA,2:4,0,0,0,-1,0,16:23,
6.10.2022,8.,Tipsport extraliga,MBL – KVA,0:1,0,0,0,0,2,13:46,
4.10.2022,6.,Tipsport extraliga,KVA – LIT,1:4,0,0,0,0,0,18:47,
2.10.2022,7.,Tipsport extraliga,SPA – KVA,4:5,0,1,1,-1,2,18:29,
27.9.2022,5.,Tipsport extraliga,PLZ – KVA,6:3,1,1,2,-1,0,18:01,
23.9.2022,3.,Tipsport extraliga,TRI – KVA,1:2,0,0,0,0,0,15:28,
18.9.2022,2.,Tipsport extraliga,KVA – MHK,2:3,0,0,0,1,0,19:34,
15.9.2022,1.,Tipsport extraliga,KOM – KVA,6:1,0,0,0,0,0,20:14,
