datum,kolo,soutěž,zápas,skóre,G,A,B,+-,TM,TOI,
26.2.2023,50.,Tipsport extraliga,KVA – CEB,5:1,1,0,1,0,0,05:01,
24.2.2023,49.,Tipsport extraliga,VIT – KVA,6:1,0,0,0,-3,0,10:15,
19.2.2023,48.,Tipsport extraliga,KVA – PCE,0:5,0,0,0,-2,0,14:36,
17.2.2023,47.,Tipsport extraliga,MBL – KVA,0:2,0,0,0,0,2,15:13,
15.2.2023,46.,Tipsport extraliga,KVA – SPA,3:6,0,0,0,-2,2,13:15,
11.2.2023,24.,CHANCE LIGA,SOK – LTM,6:4,0,0,0,1,0,19:14,
5.2.2023,45.,Tipsport extraliga,LIT – KVA,1:2,0,0,0,0,0,08:09,
3.2.2023,44.,Tipsport extraliga,KVA – PLZ,3:1,0,0,0,1,0,11:31,
31.1.2023,33.,Tipsport extraliga,SPA – KVA,6:3,0,0,0,-1,0,11:52,
29.1.2023,43.,Tipsport extraliga,OLO – KVA,3:4,0,0,0,1,0,09:38,
28.1.2023,42.,CHANCE LIGA,SUM – SOK,4:0,0,0,0,-2,0,23:46,
27.1.2023,42.,Tipsport extraliga,KVA – TRI,4:1,0,0,0,-1,2,07:44,
24.1.2023,41.,Tipsport extraliga,MHK – KVA,3:0,0,0,0,0,0,10:33,
22.1.2023,40.,Tipsport extraliga,KVA – KOM,5:4,0,0,0,0,0,06:35,
21.1.2023,40.,CHANCE LIGA,PCE – SOK,2:4,2,2,4,3,0,21:55,
20.1.2023,39.,Tipsport extraliga,KVA – KLA,4:2,0,0,0,0,0,05:53,
15.1.2023,38.,Tipsport extraliga,LIB – KVA,3:1,0,0,0,-1,0,10:13,
13.1.2023,37.,Tipsport extraliga,CEB – KVA,2:4,0,0,0,0,0,12:47,
11.1.2023,37.,CHANCE LIGA,LTM – SOK,4:6,0,0,0,3,0,16:20,
9.1.2023,36.,CHANCE LIGA,SOK – TRE,3:2,0,2,2,2,0,18:00,
6.1.2023,35.,Tipsport extraliga,PCE – KVA,7:4,0,1,1,1,0,09:44,
3.1.2023,34.,Tipsport extraliga,KVA – MBL,4:1,0,1,1,0,0,12:04,
28.12.2022,32.,Tipsport extraliga,KVA – LIT,3:0,0,0,0,0,0,10:14,
26.12.2022,31.,Tipsport extraliga,PLZ – KVA,1:0,0,0,0,0,0,05:09,
22.12.2022,30.,Tipsport extraliga,KVA – OLO,0:3,0,0,0,-2,0,06:24,
20.12.2022,29.,Tipsport extraliga,TRI – KVA,4:2,0,0,0,0,0,07:58,
12.12.2022,12.,CHANCE LIGA,SOK – KOL,0:5,1,1,2,2,0,16:40,
11.12.2022,28.,Tipsport extraliga,KVA – MHK,1:4,0,0,0,-1,0,06:15,
9.12.2022,27.,Tipsport extraliga,KOM – KVA,2:3,0,0,0,0,0,06:49,
5.12.2022,27.,CHANCE LIGA,SOK – PCE,5:3,1,1,2,-1,4,17:36,
27.9.2022,5.,Tipsport extraliga,PLZ – KVA,6:3,0,0,0,0,0,01:16,
23.9.2022,3.,Tipsport extraliga,TRI – KVA,1:2,0,0,0,0,0,12:39,
18.9.2022,2.,Tipsport extraliga,KVA – MHK,2:3,0,0,0,-1,0,13:31,
15.9.2022,1.,Tipsport extraliga,KOM – KVA,6:1,0,0,0,0,0,10:23,
