datum,kolo,soutěž,zápas,skóre,G,A,B,+-,TM,TOI,
19.2.2023,48.,Tipsport extraliga,KLA – OLO,4:5,0,0,0,0,0,02:09,
17.2.2023,47.,Tipsport extraliga,OLO – LIB,2:3,1,0,1,1,0,17:16,
15.2.2023,46.,Tipsport extraliga,VIT – OLO,3:1,0,0,0,0,2,18:26,
5.2.2023,45.,Tipsport extraliga,OLO – CEB,3:2,0,0,0,0,0,10:24,
3.2.2023,44.,Tipsport extraliga,PCE – OLO,4:1,0,0,0,0,2,18:48,
29.1.2023,43.,Tipsport extraliga,OLO – KVA,3:4,0,0,0,-1,0,16:02,
24.1.2023,41.,Tipsport extraliga,MBL – OLO,4:0,0,0,0,0,0,14:47,
22.1.2023,40.,Tipsport extraliga,OLO – PLZ,3:2,0,0,0,0,5,13:57,
17.1.2023,38.,Tipsport extraliga,TRI – OLO,1:3,0,0,0,-1,0,11:35,
3.1.2023,34.,Tipsport extraliga,LIB – OLO,6:1,0,0,0,-2,0,12:39,
30.12.2022,33.,Tipsport extraliga,OLO – VIT,2:4,0,0,0,-1,0,12:32,
20.12.2022,29.,Tipsport extraliga,OLO – SPA,0:1,0,0,0,0,0,08:55,
9.12.2022,27.,Tipsport extraliga,PLZ – OLO,5:4,0,0,0,-1,0,15:23,
4.12.2022,26.,Tipsport extraliga,LIT – OLO,5:3,0,0,0,-1,0,16:44,
2.12.2022,25.,Tipsport extraliga,OLO – TRI,4:2,0,2,2,2,2,16:20,
29.11.2022,24.,Tipsport extraliga,KOM – OLO,1:0,0,0,0,0,0,21:48,
27.11.2022,23.,Tipsport extraliga,OLO – MHK,5:0,0,0,0,0,5,15:40,
25.11.2022,22.,Tipsport extraliga,KLA – OLO,5:2,0,1,1,-1,4,15:08,
22.11.2022,12.,Tipsport extraliga,TRI – OLO,2:3,0,0,0,1,2,17:28,
20.11.2022,21.,Tipsport extraliga,OLO – LIB,4:1,0,0,0,-1,0,15:52,
18.11.2022,20.,Tipsport extraliga,VIT – OLO,3:0,0,0,0,-2,0,15:06,
15.11.2022,4.,Tipsport extraliga,KVA – OLO,3:2,0,0,0,1,2,18:37,
6.11.2022,19.,Tipsport extraliga,OLO – CEB,3:1,0,0,0,2,0,14:49,
3.11.2022,18.,Tipsport extraliga,PCE – OLO,3:0,0,0,0,0,0,15:50,
1.11.2022,17.,Tipsport extraliga,OLO – KVA,2:0,0,0,0,0,0,17:35,
30.10.2022,16.,Tipsport extraliga,SPA – OLO,2:5,0,0,0,1,0,14:39,
28.10.2022,15.,Tipsport extraliga,MBL – OLO,2:3,0,1,1,1,0,16:53,
23.10.2022,14.,Tipsport extraliga,OLO – PLZ,1:4,0,0,0,0,0,17:10,
21.10.2022,13.,Tipsport extraliga,OLO – LIT,5:3,0,0,0,1,0,18:56,
16.10.2022,11.,Tipsport extraliga,OLO – KOM,2:3,0,1,1,0,2,16:32,
14.10.2022,10.,Tipsport extraliga,MHK – OLO,0:3,0,0,0,1,0,17:23,
9.10.2022,9.,Tipsport extraliga,OLO – KLA,3:0,0,0,0,1,4,15:03,
7.10.2022,8.,Tipsport extraliga,LIB – OLO,6:2,0,1,1,-3,0,15:48,
2.10.2022,7.,Tipsport extraliga,OLO – VIT,5:4,0,0,0,0,0,19:18,
30.9.2022,6.,Tipsport extraliga,CEB – OLO,1:2,1,0,1,1,0,18:34,
27.9.2022,5.,Tipsport extraliga,OLO – PCE,1:2,0,0,0,-1,2,12:34,
22.9.2022,3.,Tipsport extraliga,OLO – SPA,4:0,0,0,0,2,0,15:01,
18.9.2022,2.,Tipsport extraliga,OLO – MBL,2:1,0,0,0,1,2,11:00,
16.9.2022,1.,Tipsport extraliga,PLZ – OLO,1:2,0,1,1,1,0,16:45,
