datum,kolo,soutěž,zápas,skóre,G,A,B,+-,TM,TOI,
26.2.2023,50.,Tipsport extraliga,SPA – TRI,3:1,1,1,2,2,2,10:01,
24.2.2023,49.,Tipsport extraliga,KLA – SPA,3:4,1,0,1,0,2,14:24,
19.2.2023,48.,Tipsport extraliga,LIB – SPA,2:1,0,0,0,0,0,13:22,
17.2.2023,47.,Tipsport extraliga,CEB – SPA,3:4,0,0,0,-2,2,09:45,
15.2.2023,46.,Tipsport extraliga,KVA – SPA,3:6,0,0,0,0,0,15:30,
5.2.2023,45.,Tipsport extraliga,SPA – PCE,4:2,0,1,1,0,0,11:11,
3.2.2023,44.,Tipsport extraliga,VIT – SPA,3:4,1,1,2,1,0,12:40,
31.1.2023,33.,Tipsport extraliga,SPA – KVA,6:3,0,0,0,-1,0,10:56,
29.1.2023,43.,Tipsport extraliga,PLZ – SPA,4:3,0,0,0,-1,0,10:35,
25.1.2023,41.,Tipsport extraliga,SPA – LIT,3:2,0,1,1,0,0,12:45,
22.1.2023,40.,Tipsport extraliga,SPA – MBL,4:1,0,0,0,0,0,09:59,
20.1.2023,39.,Tipsport extraliga,SPA – KOM,5:3,0,1,1,1,0,18:56,
17.1.2023,21.,Tipsport extraliga,SPA – CEB,5:0,0,1,1,0,0,18:26,
15.1.2023,38.,Tipsport extraliga,MHK – SPA,3:4,0,0,0,-1,0,18:31,
10.1.2023,32.,Tipsport extraliga,PCE – SPA,0:3,0,1,1,1,0,09:35,
8.1.2023,36.,Tipsport extraliga,SPA – KLA,4:0,0,0,0,0,0,10:23,
2.10.2022,7.,Tipsport extraliga,SPA – KVA,4:5,0,1,1,0,0,16:20,
30.9.2022,6.,Tipsport extraliga,PCE – SPA,2:3,0,0,0,0,0,12:15,
27.9.2022,5.,Tipsport extraliga,SPA – VIT,5:3,1,0,1,2,0,13:31,
25.9.2022,4.,Tipsport extraliga,SPA – PLZ,3:2,1,0,1,0,0,15:28,
22.9.2022,3.,Tipsport extraliga,OLO – SPA,4:0,0,0,0,-1,2,14:53,
18.9.2022,2.,Tipsport extraliga,SPA – LIT,3:0,0,0,0,0,2,14:42,
16.9.2022,1.,Tipsport extraliga,MBL – SPA,4:2,0,0,0,-2,0,14:06,
