datum,kolo,soutěž,zápas,skóre,G,A,B,+-,TM,TOI,
24.2.2023,49.,Tipsport extraliga,PCE – KOM,1:3,0,0,0,0,2,17:24,
19.2.2023,48.,Tipsport extraliga,KVA – PCE,0:5,0,0,0,2,2,15:27,
5.2.2023,45.,Tipsport extraliga,SPA – PCE,4:2,0,0,0,1,0,18:46,
3.2.2023,44.,Tipsport extraliga,PCE – OLO,4:1,1,0,1,1,0,18:07,
29.1.2023,43.,Tipsport extraliga,MBL – PCE,3:5,1,0,1,-1,0,22:34,
26.1.2023,42.,Tipsport extraliga,PCE – PLZ,4:3,0,1,1,1,2,20:21,
24.1.2023,41.,Tipsport extraliga,TRI – PCE,0:4,0,0,0,1,2,19:31,
22.1.2023,40.,Tipsport extraliga,PCE – KLA,4:2,0,0,0,1,0,19:00,
20.1.2023,39.,Tipsport extraliga,PCE – MHK,4:1,0,0,0,0,0,18:55,
18.1.2023,27.,Tipsport extraliga,KLA – PCE,1:4,0,0,0,1,0,21:51,
15.1.2023,38.,Tipsport extraliga,LIT – PCE,1:2,0,1,1,1,0,23:00,
13.1.2023,37.,Tipsport extraliga,LIB – PCE,3:4,0,0,0,2,0,22:43,
10.1.2023,32.,Tipsport extraliga,PCE – SPA,0:3,0,0,0,-1,0,19:33,
8.1.2023,36.,Tipsport extraliga,KOM – PCE,1:4,0,0,0,1,0,18:55,
6.1.2023,35.,Tipsport extraliga,PCE – KVA,7:4,0,0,0,-2,0,18:06,
3.1.2023,34.,Tipsport extraliga,VIT – PCE,2:3,1,0,1,0,0,22:47,
30.12.2022,33.,Tipsport extraliga,PCE – CEB,4:1,0,0,0,1,0,20:17,
26.12.2022,31.,Tipsport extraliga,OLO – PCE,3:2,0,0,0,1,0,21:45,
22.12.2022,30.,Tipsport extraliga,PCE – MBL,2:1,0,0,0,-1,0,20:57,
20.12.2022,29.,Tipsport extraliga,PLZ – PCE,0:2,0,0,0,1,0,19:35,
11.12.2022,28.,Tipsport extraliga,PCE – TRI,0:3,0,0,0,0,2,19:32,
6.12.2022,25.,Tipsport extraliga,PCE – LIT,1:0,0,0,0,0,0,21:39,
4.12.2022,26.,Tipsport extraliga,MHK – PCE,4:0,0,0,0,0,0,19:14,
29.11.2022,24.,Tipsport extraliga,PCE – LIB,1:3,0,0,0,1,0,20:08,
27.11.2022,23.,Tipsport extraliga,PCE – KOM,4:3,0,0,0,-1,0,17:19,
25.11.2022,22.,Tipsport extraliga,KVA – PCE,1:3,0,0,0,0,2,18:01,
22.11.2022,21.,Tipsport extraliga,VIT – PCE,4:5,0,0,0,-2,4,24:19,
3.11.2022,18.,Tipsport extraliga,PCE – OLO,3:0,0,0,0,1,2,18:26,
1.11.2022,17.,Tipsport extraliga,MBL – PCE,0:1,0,0,0,0,2,22:31,
30.10.2022,16.,Tipsport extraliga,PCE – PLZ,7:2,0,1,1,4,0,18:26,
27.10.2022,15.,Tipsport extraliga,TRI – PCE,2:3,0,0,0,0,0,24:10,
23.10.2022,14.,Tipsport extraliga,PCE – KLA,6:2,0,0,0,1,2,20:05,
21.10.2022,13.,Tipsport extraliga,PCE – MHK,5:2,0,1,1,1,0,16:55,
18.10.2022,12.,Tipsport extraliga,LIT – PCE,0:1,0,0,0,0,2,18:17,
16.10.2022,11.,Tipsport extraliga,PCE – LIB,1:0,0,0,0,0,0,20:03,
13.10.2022,10.,Tipsport extraliga,KOM – PCE,4:3,0,0,0,1,4,22:32,
9.10.2022,9.,Tipsport extraliga,PCE – KVA,2:4,0,1,1,1,0,20:17,
6.10.2022,8.,Tipsport extraliga,PCE – VIT,2:1,0,0,0,-1,2,19:05,
2.10.2022,7.,Tipsport extraliga,PCE – CEB,6:1,0,0,0,0,0,20:03,
30.9.2022,6.,Tipsport extraliga,PCE – SPA,2:3,0,0,0,-1,0,20:49,
27.9.2022,5.,Tipsport extraliga,OLO – PCE,1:2,0,0,0,1,0,19:30,
25.9.2022,4.,Tipsport extraliga,PCE – MBL,2:3,0,0,0,1,0,18:29,
23.9.2022,3.,Tipsport extraliga,PLZ – PCE,1:4,0,0,0,1,0,18:03,
18.9.2022,2.,Tipsport extraliga,PCE – TRI,4:3,0,0,0,-1,0,19:42,
16.9.2022,1.,Tipsport extraliga,KLA – PCE,4:5,0,1,1,2,0,19:47,
