datum,kolo,soutěž,zápas,skóre,G,A,B,+-,TM,TOI,
26.2.2023,50.,Tipsport extraliga,LIT – PLZ,2:0,0,0,0,0,0,12:30,
24.2.2023,49.,Tipsport extraliga,MBL – LIT,1:2,0,0,0,0,0,19:52,
19.2.2023,48.,Tipsport extraliga,LIT – TRI,4:3,0,0,0,-1,0,15:12,
17.2.2023,47.,Tipsport extraliga,LIT – KOM,3:2,0,0,0,1,0,08:14,
15.2.2023,46.,Tipsport extraliga,MHK – LIT,3:0,0,0,0,0,0,17:08,
5.2.2023,45.,Tipsport extraliga,LIT – KVA,1:2,0,0,0,0,0,13:14,
3.2.2023,44.,Tipsport extraliga,KLA – LIT,5:2,0,0,0,0,0,16:20,
29.1.2023,43.,Tipsport extraliga,LIT – CEB,1:0,0,0,0,0,0,13:30,
27.1.2023,42.,Tipsport extraliga,LIB – LIT,5:1,0,0,0,0,0,12:56,
25.1.2023,41.,Tipsport extraliga,SPA – LIT,3:2,0,0,0,0,0,15:13,
22.1.2023,40.,Tipsport extraliga,VIT – LIT,2:3,0,0,0,-1,0,17:58,
20.1.2023,39.,Tipsport extraliga,OLO – LIT,1:8,0,0,0,2,0,20:26,
15.1.2023,38.,Tipsport extraliga,LIT – PCE,1:2,0,0,0,-2,0,16:26,
13.1.2023,37.,Tipsport extraliga,PLZ – LIT,4:1,0,0,0,-1,0,20:39,
8.1.2023,36.,Tipsport extraliga,LIT – MBL,4:3,0,0,0,-1,2,18:59,
6.1.2023,35.,Tipsport extraliga,TRI – LIT,3:2,0,1,1,1,0,20:05,
3.1.2023,34.,Tipsport extraliga,KOM – LIT,3:1,0,1,1,0,2,19:46,
30.12.2022,33.,Tipsport extraliga,LIT – MHK,2:3,0,0,0,-1,0,15:26,
28.12.2022,32.,Tipsport extraliga,KVA – LIT,3:0,0,0,0,-1,2,15:47,
26.12.2022,31.,Tipsport extraliga,LIT – KLA,2:3,0,0,0,-1,0,19:33,
22.12.2022,30.,Tipsport extraliga,CEB – LIT,2:5,0,1,1,1,2,20:58,
20.12.2022,29.,Tipsport extraliga,LIT – LIB,3:2,1,0,1,1,0,18:49,
12.12.2022,12.,CHANCE LIGA,SOK – KOL,0:5,1,0,1,2,0,15:25,
11.12.2022,28.,Tipsport extraliga,LIT – SPA,5:2,0,1,1,4,0,20:04,
9.12.2022,27.,Tipsport extraliga,LIT – VIT,5:3,1,1,2,2,0,17:21,
6.12.2022,25.,Tipsport extraliga,PCE – LIT,1:0,0,0,0,0,0,15:43,
4.12.2022,26.,Tipsport extraliga,LIT – OLO,5:3,0,0,0,2,0,19:04,
29.11.2022,24.,Tipsport extraliga,LIT – PLZ,2:4,0,0,0,-2,0,16:14,
27.11.2022,23.,Tipsport extraliga,MBL – LIT,6:4,0,0,0,-2,5,16:19,
25.11.2022,22.,Tipsport extraliga,LIT – TRI,1:2,0,0,0,0,0,18:37,
20.11.2022,21.,Tipsport extraliga,LIT – KOM,5:1,0,0,0,0,0,15:16,
18.11.2022,20.,Tipsport extraliga,MHK – LIT,3:0,0,0,0,0,0,19:28,
6.11.2022,19.,Tipsport extraliga,LIT – KVA,5:3,1,0,1,3,0,19:09,
4.11.2022,18.,Tipsport extraliga,KLA – LIT,3:2,0,0,0,0,0,18:49,
1.11.2022,17.,Tipsport extraliga,LIT – CEB,6:4,0,0,0,3,0,17:07,
30.10.2022,16.,Tipsport extraliga,LIB – LIT,2:3,0,0,0,1,0,18:36,
28.10.2022,15.,Tipsport extraliga,LIT – SPA,4:0,0,0,0,0,0,16:14,
23.10.2022,14.,Tipsport extraliga,VIT – LIT,5:3,0,0,0,-1,0,18:16,
21.10.2022,13.,Tipsport extraliga,OLO – LIT,5:3,0,0,0,-2,0,14:13,
18.10.2022,12.,Tipsport extraliga,LIT – PCE,0:1,0,0,0,0,0,12:27,
9.10.2022,9.,Tipsport extraliga,TRI – LIT,4:1,0,0,0,0,2,10:11,
7.10.2022,8.,Tipsport extraliga,KOM – LIT,5:4,0,0,0,0,0,05:15,
27.9.2022,5.,Tipsport extraliga,LIT – KLA,1:2,0,0,0,-1,2,04:58,
23.9.2022,3.,Tipsport extraliga,LIT – LIB,2:3,0,1,1,0,0,16:07,
20.9.2022,4.,Tipsport extraliga,CEB – LIT,6:3,0,0,0,-2,4,13:33,
18.9.2022,2.,Tipsport extraliga,SPA – LIT,3:0,0,0,0,0,0,02:30,
