datum,kolo,soutěž,zápas,skóre,G,A,B,+-,TM,TOI,
26.2.2023,50.,Tipsport extraliga,KLA – VIT,0:1,0,0,0,0,0,12:33,
24.2.2023,49.,Tipsport extraliga,VIT – KVA,6:1,1,3,4,3,0,15:16,
19.2.2023,48.,Tipsport extraliga,VIT – CEB,1:4,0,0,0,-1,0,18:29,
17.2.2023,47.,Tipsport extraliga,PCE – VIT,1:4,0,2,2,1,0,16:37,
15.2.2023,46.,Tipsport extraliga,VIT – OLO,3:1,0,0,0,1,0,22:24,
11.2.2023,,Beijer Hockey Games 2023,FIN – CZE,6:1,0,0,0,-2,0,-,
9.2.2023,,Beijer Hockey Games 2023,CZE – SWE,2:1,0,1,1,0,0,-,
3.2.2023,44.,Tipsport extraliga,VIT – SPA,3:4,0,0,0,1,25,14:04,
31.1.2023,43.,Tipsport extraliga,VIT – TRI,1:2,0,0,0,0,2,20:49,
27.1.2023,42.,Tipsport extraliga,VIT – MHK,2:5,0,0,0,-1,2,16:02,
22.1.2023,40.,Tipsport extraliga,VIT – LIT,2:3,0,1,1,1,0,21:23,
20.1.2023,39.,Tipsport extraliga,VIT – LIB,2:0,0,1,1,0,0,20:43,
17.1.2023,19.,Tipsport extraliga,MBL – VIT,3:2,0,1,1,1,2,19:27,
15.1.2023,38.,Tipsport extraliga,KOM – VIT,2:5,0,0,0,-2,0,17:10,
13.1.2023,37.,Tipsport extraliga,VIT – KLA,0:3,0,0,0,-1,0,17:59,
10.1.2023,41.,Tipsport extraliga,PLZ – VIT,2:3,1,0,1,2,0,20:41,
8.1.2023,36.,Tipsport extraliga,KVA – VIT,1:3,1,0,1,1,0,20:05,
6.1.2023,35.,Tipsport extraliga,CEB – VIT,0:2,1,1,2,2,2,18:19,
3.1.2023,34.,Tipsport extraliga,VIT – PCE,2:3,0,0,0,1,0,20:27,
30.12.2022,33.,Tipsport extraliga,OLO – VIT,2:4,0,0,0,0,0,17:34,
28.12.2022,32.,Tipsport extraliga,VIT – MBL,5:2,0,1,1,1,0,19:18,
22.12.2022,30.,Tipsport extraliga,VIT – TRI,1:2,0,0,0,-1,0,20:00,
20.12.2022,29.,Tipsport extraliga,MHK – VIT,4:3,0,1,1,-1,2,21:27,
11.12.2022,28.,Tipsport extraliga,VIT – PLZ,3:2,0,1,1,0,0,23:45,
9.12.2022,27.,Tipsport extraliga,LIT – VIT,5:3,0,1,1,1,0,21:32,
4.12.2022,26.,Tipsport extraliga,LIB – VIT,2:3,0,0,0,0,2,21:17,
2.12.2022,25.,Tipsport extraliga,VIT – KOM,4:1,0,1,1,1,2,19:03,
29.11.2022,24.,Tipsport extraliga,KLA – VIT,2:3,0,1,1,0,0,18:39,
27.11.2022,23.,Tipsport extraliga,VIT – KVA,4:2,0,1,1,0,0,23:12,
25.11.2022,22.,Tipsport extraliga,VIT – CEB,4:3,0,0,0,0,0,21:00,
22.11.2022,21.,Tipsport extraliga,VIT – PCE,4:5,1,0,1,0,2,20:04,
18.11.2022,20.,Tipsport extraliga,VIT – OLO,3:0,0,2,2,2,0,16:43,
4.11.2022,18.,Tipsport extraliga,VIT – SPA,3:2,2,1,3,1,0,24:31,
2.11.2022,17.,Tipsport extraliga,TRI – VIT,1:2,0,0,0,0,0,17:45,
30.10.2022,16.,Tipsport extraliga,VIT – MHK,5:2,1,0,1,2,0,19:58,
28.10.2022,15.,Tipsport extraliga,PLZ – VIT,4:3,0,1,1,0,0,22:54,
26.10.2022,31.,Tipsport extraliga,SPA – VIT,3:2,1,0,1,0,0,21:45,
23.10.2022,14.,Tipsport extraliga,VIT – LIT,5:3,1,2,3,3,2,14:38,
21.10.2022,13.,Tipsport extraliga,VIT – LIB,6:3,0,1,1,-1,0,17:18,
18.10.2022,12.,Tipsport extraliga,KOM – VIT,2:1,0,0,0,0,0,21:37,
16.10.2022,11.,Tipsport extraliga,VIT – KLA,2:0,0,0,0,2,0,16:59,
14.10.2022,10.,Tipsport extraliga,KVA – VIT,4:5,2,0,2,0,4,13:30,
9.10.2022,9.,Tipsport extraliga,CEB – VIT,2:3,0,1,1,0,2,23:15,
6.10.2022,8.,Tipsport extraliga,PCE – VIT,2:1,0,0,0,-1,0,26:34,
2.10.2022,7.,Tipsport extraliga,OLO – VIT,5:4,1,2,3,0,0,26:08,
29.9.2022,6.,Tipsport extraliga,VIT – MBL,4:0,3,0,3,3,0,17:52,
27.9.2022,5.,Tipsport extraliga,SPA – VIT,5:3,0,2,2,0,0,19:39,
25.9.2022,4.,Tipsport extraliga,TRI – VIT,3:5,0,0,0,-2,4,18:12,
23.9.2022,3.,Tipsport extraliga,MHK – VIT,3:2,1,0,1,0,0,18:46,
18.9.2022,2.,Tipsport extraliga,VIT – PLZ,4:2,0,0,0,0,0,19:00,
16.9.2022,1.,Tipsport extraliga,LIT – VIT,2:3,0,0,0,0,0,16:26,
