datum,kolo,soutěž,zápas,skóre,G,A,B,+-,TM,TOI,
11.12.2022,28.,Tipsport extraliga,LIT – SPA,5:2,0,0,0,-1,0,11:38,
6.12.2022,9.,Tipsport extraliga,LIB – SPA,0:1,0,0,0,0,0,18:00,
27.11.2022,23.,Tipsport extraliga,SPA – KLA,5:1,0,0,0,0,0,13:51,
25.11.2022,22.,Tipsport extraliga,SPA – LIB,3:1,0,0,0,0,0,13:43,
18.11.2022,20.,Tipsport extraliga,KVA – SPA,1:5,0,0,0,1,0,10:05,
16.11.2022,37.,Tipsport extraliga,TRI – SPA,2:1,0,1,1,1,0,15:39,
2.11.2022,17.,Tipsport extraliga,PLZ – SPA,4:0,0,0,0,0,0,11:56,
30.10.2022,16.,Tipsport extraliga,SPA – OLO,2:5,1,0,1,-1,0,16:12,
28.10.2022,15.,Tipsport extraliga,LIT – SPA,4:0,0,0,0,0,0,15:02,
26.10.2022,31.,Tipsport extraliga,SPA – VIT,3:2,0,0,0,-1,0,11:25,
23.10.2022,14.,Tipsport extraliga,SPA – MBL,3:2,0,0,0,0,0,15:57,
21.10.2022,13.,Tipsport extraliga,SPA – KOM,2:3,0,0,0,0,0,18:16,
18.10.2022,12.,Tipsport extraliga,MHK – SPA,3:2,0,0,0,-2,2,16:02,
16.10.2022,11.,Tipsport extraliga,TRI – SPA,4:2,0,0,0,-1,0,12:54,
14.10.2022,10.,Tipsport extraliga,KLA – SPA,2:5,1,0,1,-1,0,14:03,
7.10.2022,8.,Tipsport extraliga,CEB – SPA,2:3,0,0,0,0,0,13:26,
2.10.2022,7.,Tipsport extraliga,SPA – KVA,4:5,0,0,0,0,0,10:15,
30.9.2022,6.,Tipsport extraliga,PCE – SPA,2:3,0,0,0,0,0,09:32,
27.9.2022,5.,Tipsport extraliga,SPA – VIT,5:3,0,0,0,0,0,15:27,
22.9.2022,3.,Tipsport extraliga,OLO – SPA,4:0,0,0,0,-1,0,12:44,
18.9.2022,2.,Tipsport extraliga,SPA – LIT,3:0,0,0,0,0,0,17:51,
16.9.2022,1.,Tipsport extraliga,MBL – SPA,4:2,0,0,0,0,2,18:07,
