datum,kolo,soutěž,zápas,skóre,G,A,B,+-,TM,TOI,
18.10.2022,12.,Tipsport extraliga,MHK – SPA,3:2,0,0,0,-2,0,17:24,
7.10.2022,8.,Tipsport extraliga,CEB – SPA,2:3,0,0,0,0,0,18:38,
2.10.2022,7.,Tipsport extraliga,SPA – KVA,4:5,0,0,0,-1,0,17:20,
30.9.2022,6.,Tipsport extraliga,PCE – SPA,2:3,0,0,0,0,2,20:53,
27.9.2022,5.,Tipsport extraliga,SPA – VIT,5:3,1,0,1,1,0,17:00,
25.9.2022,4.,Tipsport extraliga,SPA – PLZ,3:2,0,1,1,1,0,15:41,
22.9.2022,3.,Tipsport extraliga,OLO – SPA,4:0,0,0,0,0,2,14:46,
18.9.2022,2.,Tipsport extraliga,SPA – LIT,3:0,0,0,0,1,2,15:10,
16.9.2022,1.,Tipsport extraliga,MBL – SPA,4:2,0,0,0,-2,2,12:57,
