datum,kolo,soutěž,zápas,skóre,G,A,B,+-,TM,TOI,
26.2.2023,50.,Tipsport extraliga,KOM – OLO,1:0,0,0,0,0,0,03:25,
24.2.2023,49.,Tipsport extraliga,PCE – KOM,1:3,0,1,1,1,0,13:49,
19.2.2023,48.,Tipsport extraliga,KOM – MBL,1:4,0,0,0,-1,0,10:14,
17.2.2023,47.,Tipsport extraliga,LIT – KOM,3:2,0,0,0,-1,0,10:02,
15.2.2023,46.,Tipsport extraliga,KOM – PLZ,3:0,0,0,0,0,0,13:12,
12.2.2023,,Turnaj čtyř ve Finsku – 18,CZE – USA,1:9,0,0,0,0,2,-,
11.2.2023,,Turnaj čtyř ve Finsku – 18,SWE – CZE,3:1,0,0,0,0,,-,
10.2.2023,,Turnaj čtyř ve Finsku – 18,FIN – CZE,4:2,1,0,1,0,,-,
5.2.2023,45.,Tipsport extraliga,MHK – KOM,1:0,0,0,0,0,0,10:05,
3.2.2023,44.,Tipsport extraliga,KOM – TRI,5:1,3,0,3,1,0,10:36,
29.1.2023,43.,Tipsport extraliga,KOM – LIB,3:0,0,0,0,0,0,10:35,
27.1.2023,42.,Tipsport extraliga,KLA – KOM,0:3,0,0,0,0,0,08:55,
24.1.2023,41.,Tipsport extraliga,KOM – CEB,5:2,0,0,0,0,0,09:39,
22.1.2023,40.,Tipsport extraliga,KVA – KOM,5:4,0,1,1,1,2,13:45,
20.1.2023,39.,Tipsport extraliga,SPA – KOM,5:3,0,0,0,-1,2,12:01,
15.1.2023,38.,Tipsport extraliga,KOM – VIT,2:5,0,0,0,-2,0,14:19,
13.1.2023,18.,Tipsport extraliga,TRI – KOM,6:1,0,0,0,-1,0,14:00,
11.1.2023,37.,Tipsport extraliga,OLO – KOM,1:4,0,1,1,1,0,14:06,
6.1.2023,,MS 20 – 2023 – play off,CZE – CAN,2:3,0,1,1,0,,-,
4.1.2023,,MS 20 – 2023 – play off,CZE – SWE,2:1,0,0,0,0,,-,
2.1.2023,,MS 20 – 2023 – play off,CZE – SUI,9:1,1,1,2,0,2,-,
31.12.2022,,MS 20 – 2023 – sk. A,CZE – GER,8:1,0,0,0,0,,-,
29.12.2022,,MS 20 – 2023 – sk. A,SWE – CZE,3:2,0,0,0,0,,-,
28.12.2022,,MS 20 – 2023 – sk. A,AUT – CZE,0:9,0,2,2,0,,-,
27.12.2022,,MS 20 – 2023 – sk. A,CZE – CAN,5:2,0,1,1,0,,-,
23.12.2022,,Reprezentace 20 – příp.,SUI – CZE,4:2,0,1,1,0,,-,
11.12.2022,28.,Tipsport extraliga,CEB – KOM,3:1,0,0,0,-1,0,13:35,
9.12.2022,27.,Tipsport extraliga,KOM – KVA,2:3,0,0,0,0,0,13:58,
4.12.2022,26.,Tipsport extraliga,KOM – SPA,2:6,0,0,0,-1,0,13:19,
2.12.2022,25.,Tipsport extraliga,VIT – KOM,4:1,0,0,0,0,2,15:55,
29.11.2022,24.,Tipsport extraliga,KOM – OLO,1:0,0,0,0,0,0,11:02,
27.11.2022,23.,Tipsport extraliga,PCE – KOM,4:3,0,0,0,0,0,05:46,
25.11.2022,22.,Tipsport extraliga,KOM – MBL,1:3,0,0,0,0,0,09:15,
22.11.2022,17.,Tipsport extraliga,KOM – LIB,0:5,0,0,0,-2,0,09:17,
20.11.2022,21.,Tipsport extraliga,LIT – KOM,5:1,0,0,0,0,0,11:27,
18.11.2022,20.,Tipsport extraliga,KOM – PLZ,3:1,0,0,0,0,0,11:20,
13.11.2022,,Turnaj pěti v Porubě – 20,CZE – FIN,0:4,0,0,0,-2,2,15:37,
12.11.2022,,Turnaj pěti v Porubě – 20,CZE – FIN,6:3,1,1,2,1,0,15:47,
10.11.2022,,Turnaj pěti v Porubě – 20,CZE – SWE,3:4,1,0,1,1,0,17:21,
6.11.2022,19.,Tipsport extraliga,MHK – KOM,5:1,0,0,0,0,0,13:20,
30.10.2022,16.,Tipsport extraliga,KLA – KOM,3:5,0,0,0,-1,0,12:14,
28.10.2022,15.,Tipsport extraliga,KOM – CEB,3:0,0,0,0,0,0,14:24,
23.10.2022,14.,Tipsport extraliga,KVA – KOM,2:3,0,0,0,0,0,14:45,
21.10.2022,13.,Tipsport extraliga,SPA – KOM,2:3,0,0,0,0,0,13:36,
18.10.2022,12.,Tipsport extraliga,KOM – VIT,2:1,0,0,0,0,0,10:11,
16.10.2022,11.,Tipsport extraliga,OLO – KOM,2:3,0,1,1,1,0,09:47,
13.10.2022,10.,Tipsport extraliga,KOM – PCE,4:3,0,0,0,0,0,09:59,
9.10.2022,9.,Tipsport extraliga,MBL – KOM,3:2,1,0,1,1,2,10:13,
7.10.2022,8.,Tipsport extraliga,KOM – LIT,5:4,1,0,1,-1,0,12:01,
2.10.2022,7.,Tipsport extraliga,PLZ – KOM,3:4,0,0,0,-1,0,12:14,
27.9.2022,5.,Tipsport extraliga,KOM – TRI,2:4,0,0,0,-2,0,13:00,
25.9.2022,4.,Tipsport extraliga,LIB – KOM,2:3,0,0,0,0,0,14:46,
23.9.2022,3.,Tipsport extraliga,KOM – KLA,1:3,0,1,1,0,0,13:52,
18.9.2022,2.,Tipsport extraliga,CEB – KOM,6:2,1,0,1,0,0,13:34,
15.9.2022,1.,Tipsport extraliga,KOM – KVA,6:1,0,1,1,0,0,13:06,
6.8.2022,,Hlinka Gretzky Cup – play off,CZE – FIN,1:3,1,0,1,0,,-,
6.8.2022,,Hlinka Gretzky Cup – play off,CZE – SWE,2:6,0,0,0,0,,-,
3.8.2022,,Hlinka Gretzky Cup – sk. B,CZE – USA,3:1,0,1,1,0,,-,
2.8.2022,,Hlinka Gretzky Cup – sk. B,CZE – GER,7:2,3,1,4,0,,-,
31.7.2022,,Hlinka Gretzky Cup – sk. B,CZE – FIN,4:3,0,0,0,0,,-,
29.7.2022,,Reprezentace 18 – příp.,CZE – SWE,4:2,1,1,2,0,,-,
24.7.2022,,Reprezentace 18 – příp.,SUI – CZE,2:3,1,0,1,0,,-,
22.7.2022,,Reprezentace 18 – příp.,SUI – CZE,0:3,0,0,0,0,,-,
