datum,kolo,soutěž,zápas,skóre,G,A,B,+-,TM,TOI,
26.2.2023,50.,Tipsport extraliga,SPA – TRI,3:1,0,0,0,0,0,08:13,
24.2.2023,49.,Tipsport extraliga,PLZ – TRI,4:5,0,0,0,-1,0,08:31,
19.2.2023,48.,Tipsport extraliga,LIT – TRI,4:3,0,0,0,0,0,07:28,
17.2.2023,47.,Tipsport extraliga,TRI – MHK,1:2,0,0,0,1,0,08:44,
15.2.2023,46.,Tipsport extraliga,LIB – TRI,3:2,0,0,0,0,0,05:32,
13.2.2023,8.,Tipsport extraliga,MHK – TRI,4:3,0,0,0,0,0,07:37,
5.2.2023,45.,Tipsport extraliga,TRI – KLA,5:4,1,0,1,-1,0,08:16,
3.2.2023,44.,Tipsport extraliga,KOM – TRI,5:1,0,0,0,-2,0,12:06,
31.1.2023,43.,Tipsport extraliga,VIT – TRI,1:2,0,0,0,0,0,04:35,
27.1.2023,42.,Tipsport extraliga,KVA – TRI,4:1,0,0,0,0,2,04:01,
24.1.2023,41.,Tipsport extraliga,TRI – PCE,0:4,0,0,0,-1,0,09:14,
22.1.2023,40.,Tipsport extraliga,CEB – TRI,3:2,0,0,0,-1,0,11:39,
20.1.2023,39.,Tipsport extraliga,MBL – TRI,1:0,0,0,0,0,0,07:42,
17.1.2023,38.,Tipsport extraliga,TRI – OLO,1:3,0,0,0,0,0,10:46,
13.1.2023,18.,Tipsport extraliga,TRI – KOM,6:1,0,1,1,1,0,11:00,
8.1.2023,36.,Tipsport extraliga,TRI – PLZ,6:1,0,0,0,0,0,08:08,
6.1.2023,35.,Tipsport extraliga,TRI – LIT,3:2,0,0,0,0,0,06:03,
3.1.2023,34.,Tipsport extraliga,MHK – TRI,2:3,0,0,0,0,0,00:34,
30.12.2022,33.,Tipsport extraliga,TRI – LIB,6:3,0,0,0,2,0,07:11,
11.12.2022,28.,Tipsport extraliga,PCE – TRI,0:3,1,0,1,1,0,05:53,
9.12.2022,27.,Tipsport extraliga,TRI – CEB,2:3,0,0,0,-2,0,08:35,
4.12.2022,26.,Tipsport extraliga,TRI – MBL,3:0,0,0,0,0,0,12:31,
2.12.2022,25.,Tipsport extraliga,OLO – TRI,4:2,0,0,0,-2,0,17:54,
29.11.2022,24.,Tipsport extraliga,SPA – TRI,1:0,0,0,0,-1,0,13:13,
27.11.2022,23.,Tipsport extraliga,PLZ – TRI,2:1,0,0,0,0,0,07:53,
25.11.2022,22.,Tipsport extraliga,LIT – TRI,1:2,0,1,1,0,0,10:35,
22.11.2022,12.,Tipsport extraliga,TRI – OLO,2:3,0,0,0,0,0,14:08,
20.11.2022,21.,Tipsport extraliga,TRI – MHK,4:1,0,0,0,0,0,07:23,
18.11.2022,20.,Tipsport extraliga,LIB – TRI,1:4,0,1,1,0,0,03:17,
16.11.2022,37.,Tipsport extraliga,TRI – SPA,2:1,0,0,0,1,0,04:55,
6.11.2022,19.,Tipsport extraliga,TRI – KLA,8:0,0,1,1,0,0,11:51,
2.11.2022,17.,Tipsport extraliga,TRI – VIT,1:2,0,0,0,0,0,10:29,
30.10.2022,16.,Tipsport extraliga,KVA – TRI,2:6,0,0,0,1,0,12:18,
27.10.2022,15.,Tipsport extraliga,TRI – PCE,2:3,0,0,0,0,0,10:50,
23.10.2022,14.,Tipsport extraliga,CEB – TRI,3:2,0,0,0,0,0,10:20,
21.10.2022,13.,Tipsport extraliga,MBL – TRI,2:3,0,1,1,0,0,13:58,
19.10.2022,13.,CHANCE LIGA,FRM – LTM,2:5,0,0,0,-1,0,13:01,
16.10.2022,11.,Tipsport extraliga,TRI – SPA,4:2,0,0,0,0,0,03:58,
