datum,kolo,soutěž,zápas,skóre,G,A,B,+-,TM,TOI,
26.2.2023,50.,Tipsport extraliga,SPA – TRI,3:1,0,0,0,1,0,10:56,
24.2.2023,49.,Tipsport extraliga,KLA – SPA,3:4,1,2,3,0,4,16:20,
19.2.2023,48.,Tipsport extraliga,LIB – SPA,2:1,0,0,0,0,0,14:04,
17.2.2023,47.,Tipsport extraliga,CEB – SPA,3:4,0,0,0,0,0,15:47,
15.2.2023,46.,Tipsport extraliga,KVA – SPA,3:6,0,1,1,0,2,14:39,
10.1.2023,32.,Tipsport extraliga,PCE – SPA,0:3,0,0,0,0,0,06:59,
8.1.2023,36.,Tipsport extraliga,SPA – KLA,4:0,1,2,3,2,0,16:24,
6.1.2023,35.,Tipsport extraliga,SPA – LIB,2:5,0,0,0,-2,0,16:57,
3.1.2023,34.,Tipsport extraliga,SPA – CEB,5:3,1,0,1,1,0,19:06,
22.12.2022,30.,Tipsport extraliga,SPA – PLZ,3:0,0,0,0,0,0,17:49,
20.12.2022,29.,Tipsport extraliga,OLO – SPA,0:1,0,0,0,0,0,15:36,
11.12.2022,28.,Tipsport extraliga,LIT – SPA,5:2,1,1,2,-1,0,21:53,
9.12.2022,27.,Tipsport extraliga,MBL – SPA,1:2,0,1,1,1,0,17:29,
6.12.2022,9.,Tipsport extraliga,LIB – SPA,0:1,0,0,0,0,0,16:29,
4.12.2022,26.,Tipsport extraliga,KOM – SPA,2:6,0,2,2,1,2,16:34,
2.12.2022,25.,Tipsport extraliga,SPA – MHK,2:1,0,0,0,1,0,16:02,
29.11.2022,24.,Tipsport extraliga,SPA – TRI,1:0,0,1,1,1,0,15:24,
27.11.2022,23.,Tipsport extraliga,SPA – KLA,5:1,1,1,2,1,0,16:11,
25.11.2022,22.,Tipsport extraliga,SPA – LIB,3:1,0,1,1,1,0,18:09,
18.11.2022,20.,Tipsport extraliga,KVA – SPA,1:5,0,0,0,0,2,19:01,
16.11.2022,37.,Tipsport extraliga,TRI – SPA,2:1,0,0,0,0,0,16:15,
6.11.2022,19.,Tipsport extraliga,SPA – PCE,2:3,0,0,0,0,0,15:21,
4.11.2022,18.,Tipsport extraliga,VIT – SPA,3:2,1,0,1,1,0,15:55,
2.11.2022,17.,Tipsport extraliga,PLZ – SPA,4:0,0,0,0,0,0,15:30,
30.10.2022,16.,Tipsport extraliga,SPA – OLO,2:5,0,0,0,-1,0,16:01,
28.10.2022,15.,Tipsport extraliga,LIT – SPA,4:0,0,0,0,-1,0,16:59,
26.10.2022,31.,Tipsport extraliga,SPA – VIT,3:2,1,0,1,1,0,16:54,
23.10.2022,14.,Tipsport extraliga,SPA – MBL,3:2,0,0,0,-1,0,18:28,
21.10.2022,13.,Tipsport extraliga,SPA – KOM,2:3,0,0,0,-1,0,16:45,
18.10.2022,12.,Tipsport extraliga,MHK – SPA,3:2,0,0,0,-2,2,15:40,
16.10.2022,11.,Tipsport extraliga,TRI – SPA,4:2,1,0,1,1,0,13:58,
14.10.2022,10.,Tipsport extraliga,KLA – SPA,2:5,0,1,1,-1,0,17:39,
7.10.2022,8.,Tipsport extraliga,CEB – SPA,2:3,0,0,0,1,0,15:20,
2.10.2022,7.,Tipsport extraliga,SPA – KVA,4:5,0,0,0,-1,0,15:08,
30.9.2022,6.,Tipsport extraliga,PCE – SPA,2:3,0,0,0,0,0,15:06,
25.9.2022,4.,Tipsport extraliga,SPA – PLZ,3:2,0,0,0,0,0,15:14,
22.9.2022,3.,Tipsport extraliga,OLO – SPA,4:0,0,0,0,0,0,14:47,
18.9.2022,2.,Tipsport extraliga,SPA – LIT,3:0,0,0,0,0,0,15:02,
16.9.2022,1.,Tipsport extraliga,MBL – SPA,4:2,0,1,1,-1,0,13:21,
