datum,kolo,soutěž,zápas,skóre,G,A,B,+-,TM,TOI,
26.2.2023,50.,Tipsport extraliga,LIT – PLZ,2:0,0,0,0,0,0,16:52,
24.2.2023,49.,Tipsport extraliga,PLZ – TRI,4:5,0,1,1,0,2,18:51,
19.2.2023,48.,Tipsport extraliga,MHK – PLZ,2:1,0,0,0,-1,0,19:10,
17.2.2023,47.,Tipsport extraliga,PLZ – KLA,0:3,0,0,0,-1,0,20:53,
15.2.2023,46.,Tipsport extraliga,KOM – PLZ,3:0,0,0,0,-1,0,21:14,
5.2.2023,45.,Tipsport extraliga,PLZ – LIB,2:4,0,0,0,0,2,18:34,
3.2.2023,44.,Tipsport extraliga,KVA – PLZ,3:1,0,0,0,-1,0,15:22,
29.1.2023,43.,Tipsport extraliga,PLZ – SPA,4:3,0,0,0,0,2,19:56,
26.1.2023,42.,Tipsport extraliga,PCE – PLZ,4:3,0,1,1,-1,0,18:48,
22.1.2023,40.,Tipsport extraliga,OLO – PLZ,3:2,0,0,0,0,2,19:43,
20.1.2023,39.,Tipsport extraliga,CEB – PLZ,3:4,0,0,0,-1,2,18:55,
15.1.2023,38.,Tipsport extraliga,PLZ – MBL,3:2,0,2,2,2,2,17:27,
13.1.2023,37.,Tipsport extraliga,PLZ – LIT,4:1,2,0,2,3,0,18:50,
10.1.2023,41.,Tipsport extraliga,PLZ – VIT,2:3,0,0,0,0,2,11:48,
8.1.2023,36.,Tipsport extraliga,TRI – PLZ,6:1,0,0,0,-1,0,16:46,
30.12.2022,33.,Tipsport extraliga,PLZ – KOM,5:2,0,0,0,0,0,18:33,
28.12.2022,32.,Tipsport extraliga,LIB – PLZ,2:1,0,0,0,-1,2,21:06,
26.12.2022,31.,Tipsport extraliga,PLZ – KVA,1:0,0,0,0,0,0,17:36,
22.12.2022,30.,Tipsport extraliga,SPA – PLZ,3:0,0,0,0,-1,0,19:35,
20.12.2022,29.,Tipsport extraliga,PLZ – PCE,0:2,0,0,0,-2,0,18:41,
11.12.2022,28.,Tipsport extraliga,VIT – PLZ,3:2,0,1,1,-1,0,21:49,
9.12.2022,27.,Tipsport extraliga,PLZ – OLO,5:4,1,1,2,3,0,17:47,
4.12.2022,26.,Tipsport extraliga,PLZ – CEB,4:1,1,0,1,0,0,19:16,
1.12.2022,25.,Tipsport extraliga,MBL – PLZ,0:1,0,0,0,0,0,19:37,
29.11.2022,24.,Tipsport extraliga,LIT – PLZ,2:4,0,1,1,0,0,20:42,
27.11.2022,23.,Tipsport extraliga,PLZ – TRI,2:1,1,0,1,1,0,19:44,
25.11.2022,22.,Tipsport extraliga,MHK – PLZ,1:4,1,1,2,2,0,17:46,
20.11.2022,21.,Tipsport extraliga,PLZ – KLA,1:2,0,0,0,0,0,16:51,
18.11.2022,20.,Tipsport extraliga,KOM – PLZ,3:1,1,0,1,1,0,18:48,
6.11.2022,19.,Tipsport extraliga,PLZ – LIB,3:4,0,0,0,0,0,15:40,
4.11.2022,18.,Tipsport extraliga,KVA – PLZ,4:5,0,0,0,-1,0,15:00,
2.11.2022,17.,Tipsport extraliga,PLZ – SPA,4:0,0,1,1,1,0,09:47,
30.10.2022,16.,Tipsport extraliga,PCE – PLZ,7:2,0,0,0,-2,0,12:53,
28.10.2022,15.,Tipsport extraliga,PLZ – VIT,4:3,0,0,0,0,0,11:57,
23.10.2022,14.,Tipsport extraliga,OLO – PLZ,1:4,1,0,1,1,0,12:06,
18.10.2022,12.,Tipsport extraliga,PLZ – MBL,1:2,0,0,0,0,2,11:52,
16.10.2022,11.,Tipsport extraliga,PLZ – LIT,4:3,0,1,1,1,0,14:03,
14.10.2022,10.,Tipsport extraliga,TRI – PLZ,3:2,0,0,0,1,0,16:47,
9.10.2022,9.,Tipsport extraliga,PLZ – MHK,2:5,0,0,0,-1,0,09:08,
7.10.2022,8.,Tipsport extraliga,KLA – PLZ,0:4,0,1,1,2,2,17:38,
2.10.2022,7.,Tipsport extraliga,PLZ – KOM,3:4,0,1,1,1,2,14:54,
29.9.2022,6.,Tipsport extraliga,LIB – PLZ,2:3,0,0,0,-1,0,16:00,
27.9.2022,5.,Tipsport extraliga,PLZ – KVA,6:3,0,0,0,1,0,17:40,
25.9.2022,4.,Tipsport extraliga,SPA – PLZ,3:2,0,0,0,-2,0,14:02,
23.9.2022,3.,Tipsport extraliga,PLZ – PCE,1:4,0,0,0,0,0,15:22,
18.9.2022,2.,Tipsport extraliga,VIT – PLZ,4:2,0,1,1,1,0,16:10,
16.9.2022,1.,Tipsport extraliga,PLZ – OLO,1:2,0,0,0,-1,2,13:20,
