datum,kolo,soutěž,zápas,skóre,G,A,B,+-,TM,TOI,
26.2.2023,50.,Tipsport extraliga,KVA – CEB,5:1,0,0,0,-1,0,05:21,
24.2.2023,49.,Tipsport extraliga,VIT – KVA,6:1,0,0,0,-3,0,11:37,
19.2.2023,48.,Tipsport extraliga,KVA – PCE,0:5,0,0,0,0,0,13:05,
17.2.2023,47.,Tipsport extraliga,MBL – KVA,0:2,0,0,0,0,0,11:09,
15.2.2023,46.,Tipsport extraliga,KVA – SPA,3:6,0,0,0,-1,0,16:22,
5.2.2023,45.,Tipsport extraliga,LIT – KVA,1:2,0,0,0,0,0,09:59,
3.2.2023,44.,Tipsport extraliga,KVA – PLZ,3:1,0,0,0,0,2,11:21,
31.1.2023,33.,Tipsport extraliga,SPA – KVA,6:3,0,0,0,-1,0,11:30,
29.1.2023,43.,Tipsport extraliga,OLO – KVA,3:4,0,0,0,-1,0,13:47,
27.1.2023,42.,Tipsport extraliga,KVA – TRI,4:1,0,1,1,-1,0,18:43,
24.1.2023,41.,Tipsport extraliga,MHK – KVA,3:0,0,0,0,-1,0,14:43,
22.1.2023,40.,Tipsport extraliga,KVA – KOM,5:4,0,0,0,1,0,12:34,
20.1.2023,39.,Tipsport extraliga,KVA – KLA,4:2,0,0,0,1,2,11:44,
15.1.2023,38.,Tipsport extraliga,LIB – KVA,3:1,0,0,0,0,0,14:25,
13.1.2023,37.,Tipsport extraliga,CEB – KVA,2:4,0,0,0,1,0,13:19,
8.1.2023,36.,Tipsport extraliga,KVA – VIT,1:3,0,0,0,0,0,16:14,
6.1.2023,35.,Tipsport extraliga,PCE – KVA,7:4,0,0,0,0,0,15:51,
3.1.2023,34.,Tipsport extraliga,KVA – MBL,4:1,1,0,1,1,0,13:26,
28.12.2022,32.,Tipsport extraliga,KVA – LIT,3:0,0,0,0,0,2,18:15,
26.12.2022,31.,Tipsport extraliga,PLZ – KVA,1:0,0,0,0,0,2,18:08,
22.12.2022,30.,Tipsport extraliga,KVA – OLO,0:3,0,0,0,0,0,17:19,
20.12.2022,29.,Tipsport extraliga,TRI – KVA,4:2,0,0,0,-2,0,17:02,
11.12.2022,28.,Tipsport extraliga,KVA – MHK,1:4,0,0,0,0,0,18:12,
9.12.2022,27.,Tipsport extraliga,KOM – KVA,2:3,1,0,1,0,0,18:28,
4.12.2022,26.,Tipsport extraliga,MHK – PCE,4:0,0,0,0,-2,0,10:11,
30.11.2022,25.,CHANCE LIGA,PCE – JIH,2:4,0,0,0,0,,16:28,
29.11.2022,24.,Tipsport extraliga,PCE – LIB,1:3,0,0,0,0,0,07:51,
27.11.2022,23.,Tipsport extraliga,PCE – KOM,4:3,0,0,0,0,0,09:36,
25.11.2022,22.,Tipsport extraliga,KVA – PCE,1:3,0,0,0,0,0,13:03,
22.11.2022,21.,Tipsport extraliga,VIT – PCE,4:5,0,0,0,1,0,13:08,
19.11.2022,22.,CHANCE LIGA,PCE – FRM,2:4,0,0,0,0,2,15:04,
17.11.2022,20.,Tipsport extraliga,CEB – PCE,2:4,0,1,1,1,0,13:44,
14.11.2022,20.,CHANCE LIGA,PCE – PRE,1:3,0,0,0,1,,18:12,
6.11.2022,19.,Tipsport extraliga,SPA – PCE,2:3,0,0,0,1,0,12:48,
3.11.2022,18.,Tipsport extraliga,PCE – OLO,3:0,1,0,1,1,0,07:15,
2.11.2022,18.,CHANCE LIGA,PCE – SLA,2:1,0,0,0,0,0,21:42,
1.11.2022,17.,Tipsport extraliga,MBL – PCE,0:1,0,0,0,0,0,07:40,
30.10.2022,16.,Tipsport extraliga,PCE – PLZ,7:2,0,1,1,2,0,11:16,
27.10.2022,15.,Tipsport extraliga,TRI – PCE,2:3,0,0,0,0,0,13:31,
23.10.2022,14.,Tipsport extraliga,PCE – KLA,6:2,0,0,0,1,0,18:04,
21.10.2022,13.,Tipsport extraliga,PCE – MHK,5:2,0,0,0,0,2,11:39,
18.10.2022,12.,Tipsport extraliga,LIT – PCE,0:1,0,0,0,0,0,02:28,
16.10.2022,11.,Tipsport extraliga,PCE – LIB,1:0,0,0,0,0,0,10:32,
13.10.2022,10.,Tipsport extraliga,KOM – PCE,4:3,0,0,0,0,0,06:56,
9.10.2022,9.,Tipsport extraliga,PCE – KVA,2:4,0,0,0,0,0,13:32,
6.10.2022,8.,Tipsport extraliga,PCE – VIT,2:1,0,0,0,-1,0,11:48,
2.10.2022,7.,Tipsport extraliga,PCE – CEB,6:1,0,0,0,1,0,10:49,
30.9.2022,6.,Tipsport extraliga,PCE – SPA,2:3,0,0,0,0,0,13:03,
27.9.2022,5.,Tipsport extraliga,OLO – PCE,1:2,0,0,0,0,2,07:47,
25.9.2022,4.,Tipsport extraliga,PCE – MBL,2:3,0,0,0,0,0,10:31,
23.9.2022,3.,Tipsport extraliga,PLZ – PCE,1:4,0,0,0,0,0,05:06,
21.9.2022,3.,CHANCE LIGA,VSE – PCE,3:1,0,0,0,0,0,17:53,
18.9.2022,2.,Tipsport extraliga,PCE – TRI,4:3,0,0,0,0,0,07:30,
16.9.2022,1.,Tipsport extraliga,KLA – PCE,4:5,0,0,0,1,0,07:37,
