datum,kolo,soutěž,zápas,skóre,G,A,B,+-,TM,TOI,
22.2.2023,49.,Tipsport extraliga,CEB – LIB,3:4,0,0,0,-1,0,10:24,
19.2.2023,48.,Tipsport extraliga,VIT – CEB,1:4,0,0,0,-1,0,06:13,
17.2.2023,47.,Tipsport extraliga,CEB – SPA,3:4,0,0,0,0,0,12:44,
15.2.2023,46.,Tipsport extraliga,CEB – PCE,3:7,0,0,0,-1,0,07:22,
28.12.2022,32.,Tipsport extraliga,CEB – OLO,4:2,0,0,0,-1,0,09:53,
26.12.2022,31.,Tipsport extraliga,MHK – CEB,1:4,0,1,1,1,0,11:49,
22.12.2022,30.,Tipsport extraliga,CEB – LIT,2:5,0,0,0,-1,2,12:24,
20.12.2022,29.,Tipsport extraliga,MBL – CEB,2:1,0,0,0,0,0,15:09,
11.12.2022,28.,Tipsport extraliga,CEB – KOM,3:1,0,0,0,0,0,14:34,
9.12.2022,27.,Tipsport extraliga,TRI – CEB,2:3,0,0,0,0,0,10:40,
4.12.2022,26.,Tipsport extraliga,PLZ – CEB,4:1,0,0,0,-1,0,11:49,
2.12.2022,25.,Tipsport extraliga,KLA – CEB,1:6,1,0,1,-1,0,10:48,
29.11.2022,24.,Tipsport extraliga,CEB – KVA,0:3,0,0,0,0,0,16:48,
27.11.2022,23.,Tipsport extraliga,CEB – LIB,4:1,0,0,0,2,0,18:45,
25.11.2022,22.,Tipsport extraliga,VIT – CEB,4:3,0,0,0,0,2,16:45,
17.11.2022,20.,Tipsport extraliga,CEB – PCE,2:4,1,0,1,0,0,15:31,
6.11.2022,19.,Tipsport extraliga,OLO – CEB,3:1,0,0,0,0,0,14:09,
4.11.2022,18.,Tipsport extraliga,CEB – MHK,2:1,0,0,0,-1,0,14:07,
1.11.2022,17.,Tipsport extraliga,LIT – CEB,6:4,0,1,1,0,0,13:43,
30.10.2022,16.,Tipsport extraliga,CEB – MBL,3:0,0,0,0,0,0,10:22,
28.10.2022,15.,Tipsport extraliga,KOM – CEB,3:0,0,0,0,0,0,11:29,
23.10.2022,14.,Tipsport extraliga,CEB – TRI,3:2,0,0,0,0,0,06:54,
20.10.2022,13.,Tipsport extraliga,CEB – PLZ,3:2,0,0,0,0,0,10:24,
18.10.2022,12.,Tipsport extraliga,KLA – CEB,2:1,0,0,0,0,2,04:36,
9.10.2022,9.,Tipsport extraliga,CEB – VIT,2:3,0,0,0,1,2,13:04,
7.10.2022,8.,Tipsport extraliga,CEB – SPA,2:3,0,0,0,-1,0,13:32,
4.10.2022,10.,Tipsport extraliga,LIB – CEB,6:1,0,0,0,-1,2,12:51,
2.10.2022,7.,Tipsport extraliga,PCE – CEB,6:1,0,0,0,-1,0,11:16,
30.9.2022,6.,Tipsport extraliga,CEB – OLO,1:2,0,0,0,0,0,08:26,
27.9.2022,5.,Tipsport extraliga,MHK – CEB,3:1,0,0,0,0,0,14:20,
23.9.2022,3.,Tipsport extraliga,MBL – CEB,5:1,0,0,0,0,2,16:11,
20.9.2022,4.,Tipsport extraliga,CEB – LIT,6:3,0,1,1,3,0,12:12,
18.9.2022,2.,Tipsport extraliga,CEB – KOM,6:2,1,0,1,1,0,15:01,
16.9.2022,1.,Tipsport extraliga,TRI – CEB,0:2,0,0,0,0,2,13:33,
