datum,kolo,soutěž,zápas,skóre,G,A,B,+-,TM,TOI,
25.2.2023,50.,CHANCE LIGA,SOK – LTM,3:4,0,0,0,-2,0,17:57,
22.2.2023,49.,CHANCE LIGA,TRE – SOK,3:1,0,0,0,-1,2,17:19,
13.2.2023,46.,CHANCE LIGA,VSE – SOK,4:3,1,1,2,0,0,22:47,
11.2.2023,24.,CHANCE LIGA,SOK – LTM,6:4,1,1,2,1,0,15:55,
5.2.2023,45.,Tipsport extraliga,LIT – KVA,1:2,0,0,0,0,2,08:40,
4.2.2023,45.,CHANCE LIGA,SOK – POR,6:7,1,0,1,-2,0,23:03,
1.2.2023,44.,CHANCE LIGA,ZLN – SOK,5:0,0,0,0,-1,0,18:36,
20.11.2022,21.,Tipsport extraliga,LIT – KOM,5:1,0,0,0,0,0,06:22,
18.11.2022,20.,Tipsport extraliga,MHK – LIT,3:0,0,0,0,0,0,10:47,
6.11.2022,19.,Tipsport extraliga,LIT – KVA,5:3,0,0,0,1,2,09:11,
4.11.2022,18.,Tipsport extraliga,KLA – LIT,3:2,0,1,1,1,2,09:10,
1.11.2022,17.,Tipsport extraliga,LIT – CEB,6:4,1,1,2,2,0,09:35,
30.10.2022,16.,Tipsport extraliga,LIB – LIT,2:3,0,1,1,1,0,07:35,
28.10.2022,15.,Tipsport extraliga,LIT – SPA,4:0,0,0,0,0,0,13:34,
23.10.2022,14.,Tipsport extraliga,VIT – LIT,5:3,0,0,0,0,0,15:08,
21.10.2022,13.,Tipsport extraliga,OLO – LIT,5:3,0,0,0,0,0,11:44,
18.10.2022,12.,Tipsport extraliga,LIT – PCE,0:1,0,0,0,0,0,10:20,
16.10.2022,11.,Tipsport extraliga,PLZ – LIT,4:3,0,0,0,0,0,08:40,
14.10.2022,10.,Tipsport extraliga,LIT – MBL,3:4,0,0,0,0,0,08:29,
9.10.2022,9.,Tipsport extraliga,TRI – LIT,4:1,0,0,0,0,0,10:43,
7.10.2022,8.,Tipsport extraliga,KOM – LIT,5:4,0,0,0,0,0,07:39,
4.10.2022,6.,Tipsport extraliga,KVA – LIT,1:4,0,0,0,0,0,10:03,
27.9.2022,5.,Tipsport extraliga,LIT – KLA,1:2,0,0,0,0,2,08:23,
23.9.2022,3.,Tipsport extraliga,LIT – LIB,2:3,0,0,0,0,2,08:15,
20.9.2022,4.,Tipsport extraliga,CEB – LIT,6:3,1,0,1,0,4,10:28,
18.9.2022,2.,Tipsport extraliga,SPA – LIT,3:0,0,0,0,0,0,07:27,
16.9.2022,1.,Tipsport extraliga,LIT – VIT,2:3,0,0,0,0,0,02:23,
