datum,kolo,soutěž,zápas,skóre,G,A,B,+-,TM,TOI,
26.2.2023,50.,Tipsport extraliga,MHK – MBL,3:2,0,0,0,-1,0,12:13,
24.2.2023,49.,Tipsport extraliga,OLO – MHK,0:4,0,0,0,0,0,16:34,
19.2.2023,48.,Tipsport extraliga,MHK – PLZ,2:1,0,0,0,0,0,16:13,
17.2.2023,47.,Tipsport extraliga,TRI – MHK,1:2,0,1,1,0,0,18:37,
15.2.2023,46.,Tipsport extraliga,MHK – LIT,3:0,0,0,0,2,0,20:44,
13.2.2023,8.,Tipsport extraliga,MHK – TRI,4:3,0,1,1,1,0,19:16,
5.2.2023,45.,Tipsport extraliga,MHK – KOM,1:0,0,0,0,1,0,17:21,
2.2.2023,44.,Tipsport extraliga,CEB – MHK,2:3,0,0,0,1,0,19:44,
29.1.2023,43.,Tipsport extraliga,MHK – KLA,4:2,0,0,0,0,0,20:04,
27.1.2023,42.,Tipsport extraliga,VIT – MHK,2:5,0,0,0,3,2,18:29,
24.1.2023,41.,Tipsport extraliga,MHK – KVA,3:0,0,1,1,1,0,19:46,
22.1.2023,40.,Tipsport extraliga,LIB – MHK,3:1,0,0,0,-1,0,18:33,
20.1.2023,39.,Tipsport extraliga,PCE – MHK,4:1,0,0,0,-1,0,20:00,
15.1.2023,38.,Tipsport extraliga,MHK – SPA,3:4,0,0,0,-1,0,19:37,
13.1.2023,37.,Tipsport extraliga,MBL – MHK,3:2,0,0,0,-1,0,16:29,
10.1.2023,27.,Tipsport extraliga,MHK – LIB,5:4,0,0,0,-2,0,19:58,
8.1.2023,36.,Tipsport extraliga,MHK – OLO,5:4,0,0,0,0,0,17:48,
5.1.2023,35.,Tipsport extraliga,PLZ – MHK,0:4,0,0,0,1,0,18:43,
3.1.2023,34.,Tipsport extraliga,MHK – TRI,2:3,0,0,0,1,0,18:39,
30.12.2022,33.,Tipsport extraliga,LIT – MHK,2:3,0,0,0,-1,0,22:57,
28.12.2022,32.,Tipsport extraliga,KOM – MHK,2:3,0,1,1,1,0,22:20,
26.12.2022,31.,Tipsport extraliga,MHK – CEB,1:4,0,0,0,-1,0,22:56,
22.12.2022,30.,Tipsport extraliga,KLA – MHK,3:6,0,0,0,1,0,21:47,
20.12.2022,29.,Tipsport extraliga,MHK – VIT,4:3,1,0,1,1,2,19:37,
11.12.2022,28.,Tipsport extraliga,KVA – MHK,1:4,2,0,2,1,0,21:09,
4.12.2022,26.,Tipsport extraliga,MHK – PCE,4:0,0,1,1,1,0,22:03,
2.12.2022,25.,Tipsport extraliga,SPA – MHK,2:1,0,0,0,1,0,21:22,
29.11.2022,24.,Tipsport extraliga,MHK – MBL,0:2,0,0,0,-2,0,19:18,
27.11.2022,23.,Tipsport extraliga,OLO – MHK,5:0,0,0,0,-2,0,21:01,
25.11.2022,22.,Tipsport extraliga,MHK – PLZ,1:4,0,0,0,-1,0,19:27,
20.11.2022,21.,Tipsport extraliga,TRI – MHK,4:1,0,0,0,-1,0,21:24,
18.11.2022,20.,Tipsport extraliga,MHK – LIT,3:0,0,0,0,1,4,20:51,
6.11.2022,19.,Tipsport extraliga,MHK – KOM,5:1,0,2,2,3,0,20:27,
4.11.2022,18.,Tipsport extraliga,CEB – MHK,2:1,0,1,1,1,0,23:34,
1.11.2022,17.,Tipsport extraliga,MHK – KLA,8:7,0,0,0,-2,0,20:57,
30.10.2022,16.,Tipsport extraliga,VIT – MHK,5:2,1,0,1,1,0,21:32,
28.10.2022,15.,Tipsport extraliga,MHK – KVA,1:2,0,0,0,-1,0,15:39,
23.9.2022,3.,Tipsport extraliga,MHK – VIT,3:2,1,0,1,1,0,16:43,
18.9.2022,2.,Tipsport extraliga,KVA – MHK,2:3,0,0,0,-1,5,16:55,
16.9.2022,1.,Tipsport extraliga,MHK – LIB,1:2,1,0,1,1,0,18:04,
