datum,kolo,soutěž,zápas,skóre,G,A,B,+-,TM,TOI,
25.2.2023,50.,CHANCE LIGA,JIH – PRE,2:1,0,0,0,-1,0,19:06,
22.2.2023,49.,CHANCE LIGA,PRE – VSE,0:2,0,0,0,0,0,16:11,
18.2.2023,48.,CHANCE LIGA,ZLN – PRE,2:1,0,0,0,-1,0,18:27,
15.2.2023,47.,CHANCE LIGA,PRE – SUM,8:5,0,0,0,2,0,21:04,
13.2.2023,46.,CHANCE LIGA,PCE – PRE,6:4,0,1,1,1,0,20:04,
10.2.2023,4.,CHANCE LIGA,POR – PRE,2:1,0,0,0,1,0,21:07,
21.1.2023,40.,CHANCE LIGA,PRE – LTM,1:2,0,0,0,0,0,06:01,
18.1.2023,39.,CHANCE LIGA,PRE – SOK,2:4,0,0,0,0,0,06:33,
15.1.2023,38.,Tipsport extraliga,PLZ – MBL,3:2,0,0,0,0,2,05:52,
13.1.2023,37.,Tipsport extraliga,MBL – MHK,3:2,0,0,0,0,0,17:36,
11.1.2023,37.,CHANCE LIGA,PRE – JIH,4:3,0,0,0,-1,0,18:32,
9.1.2023,36.,CHANCE LIGA,VSE – PRE,1:3,0,0,0,2,0,20:31,
8.1.2023,36.,Tipsport extraliga,LIT – MBL,4:3,0,0,0,1,0,11:41,
6.1.2023,35.,Tipsport extraliga,MBL – KOM,7:3,0,0,0,1,0,14:32,
27.12.2022,32.,CHANCE LIGA,FRM – PRE,3:2,0,0,0,0,0,24:38,
21.12.2022,31.,CHANCE LIGA,PRE – KOL,5:1,0,0,0,0,0,22:10,
19.12.2022,30.,CHANCE LIGA,POR – PRE,2:1,0,0,0,-1,0,21:15,
17.12.2022,33.,CHANCE LIGA,PRE – PCE,2:1,0,0,0,1,0,24:17,
13.12.2022,10.,CHANCE LIGA,VSE – PRE,4:3,1,0,1,2,0,20:47,
10.12.2022,29.,CHANCE LIGA,PRE – SLA,2:0,0,0,0,1,0,22:43,
7.12.2022,28.,CHANCE LIGA,PRE – TRE,0:1,0,0,0,0,0,12:19,
4.12.2022,27.,CHANCE LIGA,LTM – PRE,2:1,0,0,0,0,0,05:22,
3.12.2022,26.,CHANCE LIGA,SOK – PRE,2:1,0,0,0,-1,0,11:32,
30.11.2022,25.,CHANCE LIGA,PRE – PRO,0:3,0,0,0,0,,11:58,
26.11.2022,24.,CHANCE LIGA,JIH – PRE,1:2,0,0,0,0,0,14:10,
17.9.2022,2.,CHANCE LIGA,PRE – TRE,5:2,0,0,0,1,,21:05,
14.9.2022,1.,CHANCE LIGA,LTM – PRE,3:4,0,0,0,0,,18:26,
