datum,kolo,soutěž,zápas,skóre,G,A,B,+-,TM,TOI,
26.2.2023,50.,Tipsport extraliga,LIT – PLZ,2:0,0,1,1,2,0,15:48,
24.2.2023,49.,Tipsport extraliga,MBL – LIT,1:2,0,0,0,0,0,16:37,
19.2.2023,48.,Tipsport extraliga,LIT – TRI,4:3,0,1,1,-1,2,22:17,
17.2.2023,47.,Tipsport extraliga,LIT – KOM,3:2,0,1,1,0,0,21:59,
15.2.2023,46.,Tipsport extraliga,MHK – LIT,3:0,0,0,0,-1,0,19:47,
5.2.2023,45.,Tipsport extraliga,LIT – KVA,1:2,0,1,1,-1,2,20:48,
3.2.2023,44.,Tipsport extraliga,KLA – LIT,5:2,1,0,1,-2,0,16:22,
29.1.2023,43.,Tipsport extraliga,LIT – CEB,1:0,0,0,0,0,0,19:47,
27.1.2023,42.,Tipsport extraliga,LIB – LIT,5:1,0,0,0,-1,0,20:24,
25.1.2023,41.,Tipsport extraliga,SPA – LIT,3:2,0,0,0,-1,0,21:40,
22.1.2023,40.,Tipsport extraliga,VIT – LIT,2:3,0,1,1,0,0,24:21,
20.1.2023,39.,Tipsport extraliga,OLO – LIT,1:8,0,1,1,3,0,20:46,
15.1.2023,38.,Tipsport extraliga,LIT – PCE,1:2,0,0,0,0,0,20:55,
13.1.2023,37.,Tipsport extraliga,PLZ – LIT,4:1,1,0,1,-1,0,21:41,
8.1.2023,36.,Tipsport extraliga,LIT – MBL,4:3,1,0,1,-1,0,21:12,
6.1.2023,35.,Tipsport extraliga,TRI – LIT,3:2,0,1,1,0,0,18:40,
3.1.2023,34.,Tipsport extraliga,KOM – LIT,3:1,0,0,0,-1,0,19:38,
30.12.2022,33.,Tipsport extraliga,LIT – MHK,2:3,0,0,0,-1,0,18:03,
28.12.2022,32.,Tipsport extraliga,KVA – LIT,3:0,0,0,0,-1,2,18:12,
26.12.2022,31.,Tipsport extraliga,LIT – KLA,2:3,0,0,0,0,2,20:00,
22.12.2022,30.,Tipsport extraliga,CEB – LIT,2:5,1,0,1,2,0,19:54,
20.12.2022,29.,Tipsport extraliga,LIT – LIB,3:2,1,0,1,0,0,23:50,
11.12.2022,28.,Tipsport extraliga,LIT – SPA,5:2,0,0,0,-1,2,18:09,
9.12.2022,27.,Tipsport extraliga,LIT – VIT,5:3,0,1,1,0,0,13:37,
6.12.2022,25.,Tipsport extraliga,PCE – LIT,1:0,0,0,0,0,0,19:42,
4.12.2022,26.,Tipsport extraliga,LIT – OLO,5:3,0,1,1,0,2,22:27,
29.11.2022,24.,Tipsport extraliga,LIT – PLZ,2:4,0,1,1,0,0,23:50,
27.11.2022,23.,Tipsport extraliga,MBL – LIT,6:4,0,0,0,3,0,18:27,
25.11.2022,22.,Tipsport extraliga,LIT – TRI,1:2,1,0,1,1,0,17:38,
20.11.2022,21.,Tipsport extraliga,LIT – KOM,5:1,2,0,2,2,0,20:16,
18.11.2022,20.,Tipsport extraliga,MHK – LIT,3:0,0,0,0,-2,0,22:50,
6.11.2022,19.,Tipsport extraliga,LIT – KVA,5:3,0,2,2,2,0,20:42,
4.11.2022,18.,Tipsport extraliga,KLA – LIT,3:2,0,0,0,-1,0,19:15,
1.11.2022,17.,Tipsport extraliga,LIT – CEB,6:4,0,1,1,1,0,19:11,
30.10.2022,16.,Tipsport extraliga,LIB – LIT,2:3,0,0,0,-2,2,23:21,
28.10.2022,15.,Tipsport extraliga,LIT – SPA,4:0,2,1,3,1,0,16:33,
23.10.2022,14.,Tipsport extraliga,VIT – LIT,5:3,1,0,1,-2,0,20:26,
21.10.2022,13.,Tipsport extraliga,OLO – LIT,5:3,0,3,3,-1,0,17:51,
18.10.2022,12.,Tipsport extraliga,LIT – PCE,0:1,0,0,0,0,0,20:42,
9.10.2022,9.,Tipsport extraliga,TRI – LIT,4:1,0,0,0,-1,0,11:26,
7.10.2022,8.,Tipsport extraliga,KOM – LIT,5:4,1,0,1,-2,0,19:39,
4.10.2022,6.,Tipsport extraliga,KVA – LIT,1:4,0,0,0,-1,0,13:25,
2.10.2022,7.,Tipsport extraliga,LIT – MHK,3:2,0,2,2,0,0,21:03,
27.9.2022,5.,Tipsport extraliga,LIT – KLA,1:2,0,1,1,1,0,16:28,
23.9.2022,3.,Tipsport extraliga,LIT – LIB,2:3,0,1,1,-1,0,14:43,
20.9.2022,4.,Tipsport extraliga,CEB – LIT,6:3,0,1,1,0,0,17:22,
18.9.2022,2.,Tipsport extraliga,SPA – LIT,3:0,0,0,0,0,0,22:22,
16.9.2022,1.,Tipsport extraliga,LIT – VIT,2:3,0,1,1,-1,0,24:42,
