datum,kolo,soutěž,zápas,skóre,G,A,B,+-,TM,TOI,
26.2.2023,50.,Tipsport extraliga,MHK – MBL,3:2,1,0,1,1,0,13:39,
24.2.2023,49.,Tipsport extraliga,OLO – MHK,0:4,0,0,0,3,0,20:44,
19.2.2023,48.,Tipsport extraliga,MHK – PLZ,2:1,1,0,1,1,0,22:23,
17.2.2023,47.,Tipsport extraliga,TRI – MHK,1:2,0,0,0,1,0,20:02,
15.2.2023,46.,Tipsport extraliga,MHK – LIT,3:0,0,0,0,0,0,16:26,
13.2.2023,8.,Tipsport extraliga,MHK – TRI,4:3,0,1,1,1,0,20:39,
5.2.2023,45.,Tipsport extraliga,MHK – KOM,1:0,0,0,0,0,0,21:21,
2.2.2023,44.,Tipsport extraliga,CEB – MHK,2:3,1,0,1,1,0,17:43,
29.1.2023,43.,Tipsport extraliga,MHK – KLA,4:2,0,0,0,1,2,20:24,
27.1.2023,42.,Tipsport extraliga,VIT – MHK,2:5,0,0,0,-1,0,18:42,
22.1.2023,40.,Tipsport extraliga,LIB – MHK,3:1,0,1,1,1,0,25:56,
20.1.2023,39.,Tipsport extraliga,PCE – MHK,4:1,0,0,0,0,2,22:11,
15.1.2023,38.,Tipsport extraliga,MHK – SPA,3:4,0,0,0,0,0,21:44,
13.1.2023,37.,Tipsport extraliga,MBL – MHK,3:2,0,1,1,0,0,20:05,
10.1.2023,27.,Tipsport extraliga,MHK – LIB,5:4,1,1,2,0,0,21:59,
8.1.2023,36.,Tipsport extraliga,MHK – OLO,5:4,0,1,1,-1,0,23:18,
5.1.2023,35.,Tipsport extraliga,PLZ – MHK,0:4,0,1,1,2,0,20:06,
3.1.2023,34.,Tipsport extraliga,MHK – TRI,2:3,1,0,1,-1,0,22:15,
30.12.2022,33.,Tipsport extraliga,LIT – MHK,2:3,0,0,0,1,2,20:23,
28.12.2022,32.,Tipsport extraliga,KOM – MHK,2:3,0,0,0,2,0,20:15,
26.12.2022,31.,Tipsport extraliga,MHK – CEB,1:4,0,0,0,-1,0,22:28,
22.12.2022,30.,Tipsport extraliga,KLA – MHK,3:6,0,0,0,2,0,21:20,
20.12.2022,29.,Tipsport extraliga,MHK – VIT,4:3,0,0,0,0,0,27:14,
11.12.2022,28.,Tipsport extraliga,KVA – MHK,1:4,0,1,1,3,0,19:50,
4.12.2022,26.,Tipsport extraliga,MHK – PCE,4:0,0,2,2,1,0,19:11,
2.12.2022,25.,Tipsport extraliga,SPA – MHK,2:1,0,0,0,0,0,18:24,
29.11.2022,24.,Tipsport extraliga,MHK – MBL,0:2,0,0,0,0,2,24:02,
27.11.2022,23.,Tipsport extraliga,OLO – MHK,5:0,0,0,0,-1,0,22:05,
25.11.2022,22.,Tipsport extraliga,MHK – PLZ,1:4,0,0,0,1,0,21:13,
20.11.2022,21.,Tipsport extraliga,TRI – MHK,4:1,0,0,0,-2,0,23:07,
18.11.2022,20.,Tipsport extraliga,MHK – LIT,3:0,0,0,0,2,2,19:01,
6.11.2022,19.,Tipsport extraliga,MHK – KOM,5:1,0,0,0,0,0,22:37,
4.11.2022,18.,Tipsport extraliga,CEB – MHK,2:1,0,0,0,-2,0,24:34,
1.11.2022,17.,Tipsport extraliga,MHK – KLA,8:7,1,2,3,3,0,27:01,
30.10.2022,16.,Tipsport extraliga,VIT – MHK,5:2,0,0,0,-3,0,20:51,
28.10.2022,15.,Tipsport extraliga,MHK – KVA,1:2,0,0,0,0,4,21:50,
23.10.2022,14.,Tipsport extraliga,LIB – MHK,3:6,0,1,1,2,0,24:35,
21.10.2022,13.,Tipsport extraliga,PCE – MHK,5:2,0,2,2,-1,0,25:25,
18.10.2022,12.,Tipsport extraliga,MHK – SPA,3:2,0,0,0,0,0,21:33,
16.10.2022,11.,Tipsport extraliga,MBL – MHK,0:2,0,0,0,2,0,26:46,
14.10.2022,10.,Tipsport extraliga,MHK – OLO,0:3,0,0,0,-2,0,25:39,
9.10.2022,9.,Tipsport extraliga,PLZ – MHK,2:5,0,0,0,3,0,20:54,
2.10.2022,7.,Tipsport extraliga,LIT – MHK,3:2,0,0,0,0,0,24:33,
30.9.2022,6.,Tipsport extraliga,KOM – MHK,4:0,0,0,0,-2,0,24:04,
27.9.2022,5.,Tipsport extraliga,MHK – CEB,3:1,0,0,0,1,0,23:09,
25.9.2022,4.,Tipsport extraliga,KLA – MHK,2:1,0,0,0,0,0,22:07,
23.9.2022,3.,Tipsport extraliga,MHK – VIT,3:2,1,0,1,-1,0,25:28,
18.9.2022,2.,Tipsport extraliga,KVA – MHK,2:3,0,1,1,1,0,22:25,
16.9.2022,1.,Tipsport extraliga,MHK – LIB,1:2,0,0,0,0,2,20:17,
