datum,kolo,soutěž,zápas,skóre,G,A,B,+-,TM,TOI,
26.2.2023,50.,Tipsport extraliga,KLA – VIT,0:1,0,0,0,0,0,04:08,
24.2.2023,49.,Tipsport extraliga,VIT – KVA,6:1,0,0,0,0,0,07:04,
19.2.2023,48.,Tipsport extraliga,VIT – CEB,1:4,0,0,0,0,0,17:04,
17.2.2023,47.,Tipsport extraliga,PCE – VIT,1:4,0,0,0,2,0,17:04,
27.1.2023,42.,Tipsport extraliga,VIT – MHK,2:5,0,0,0,0,0,07:35,
22.1.2023,40.,Tipsport extraliga,VIT – LIT,2:3,0,0,0,0,2,07:19,
20.1.2023,39.,Tipsport extraliga,VIT – LIB,2:0,0,0,0,0,0,09:31,
17.1.2023,19.,Tipsport extraliga,MBL – VIT,3:2,0,0,0,0,0,18:55,
15.1.2023,38.,Tipsport extraliga,KOM – VIT,2:5,0,1,1,2,0,16:14,
13.1.2023,37.,Tipsport extraliga,VIT – KLA,0:3,0,0,0,-1,0,16:03,
10.1.2023,41.,Tipsport extraliga,PLZ – VIT,2:3,0,0,0,-1,4,21:10,
8.1.2023,36.,Tipsport extraliga,KVA – VIT,1:3,0,0,0,2,2,17:22,
6.1.2023,35.,Tipsport extraliga,CEB – VIT,0:2,0,0,0,1,0,17:48,
3.1.2023,34.,Tipsport extraliga,VIT – PCE,2:3,0,0,0,-1,0,12:15,
30.12.2022,33.,Tipsport extraliga,OLO – VIT,2:4,1,0,1,1,2,14:52,
28.12.2022,32.,Tipsport extraliga,VIT – MBL,5:2,0,0,0,0,2,01:49,
20.12.2022,29.,Tipsport extraliga,MHK – VIT,4:3,0,0,0,-1,0,04:45,
11.12.2022,28.,Tipsport extraliga,VIT – PLZ,3:2,0,0,0,1,0,10:23,
9.12.2022,27.,Tipsport extraliga,LIT – VIT,5:3,0,0,0,0,0,08:03,
4.12.2022,26.,Tipsport extraliga,LIB – VIT,2:3,0,0,0,0,0,15:46,
2.12.2022,25.,Tipsport extraliga,VIT – KOM,4:1,0,0,0,-1,0,13:52,
29.11.2022,24.,Tipsport extraliga,KLA – VIT,2:3,0,0,0,-1,0,15:21,
25.11.2022,22.,Tipsport extraliga,VIT – CEB,4:3,0,0,0,0,0,06:59,
22.11.2022,21.,Tipsport extraliga,VIT – PCE,4:5,0,0,0,1,0,12:58,
18.11.2022,20.,Tipsport extraliga,VIT – OLO,3:0,0,1,1,1,0,16:03,
13.11.2022,20.,CHANCE LIGA,ZLN – TRE,4:1,0,0,0,-2,2,17:33,
4.11.2022,18.,Tipsport extraliga,VIT – SPA,3:2,0,0,0,0,0,15:52,
2.11.2022,17.,Tipsport extraliga,TRI – VIT,1:2,0,0,0,0,0,12:04,
30.10.2022,16.,Tipsport extraliga,VIT – MHK,5:2,0,1,1,1,0,03:54,
28.10.2022,15.,Tipsport extraliga,PLZ – VIT,4:3,0,1,1,1,0,05:58,
24.10.2022,15.,CHANCE LIGA,TRE – PRE,3:0,0,0,0,1,2,21:19,
19.10.2022,13.,CHANCE LIGA,TRE – PRO,2:1,0,0,0,0,0,21:08,
14.10.2022,10.,Tipsport extraliga,KVA – VIT,4:5,0,0,0,0,0,18:39,
9.10.2022,9.,Tipsport extraliga,CEB – VIT,2:3,0,0,0,0,0,11:56,
6.10.2022,8.,Tipsport extraliga,PCE – VIT,2:1,0,0,0,0,0,10:10,
5.10.2022,8.,CHANCE LIGA,POR – TRE,1:0,0,0,0,-1,0,24:29,
2.10.2022,7.,Tipsport extraliga,OLO – VIT,5:4,0,0,0,-1,0,09:52,
29.9.2022,6.,Tipsport extraliga,VIT – MBL,4:0,0,0,0,0,0,08:39,
27.9.2022,5.,Tipsport extraliga,SPA – VIT,5:3,0,0,0,-1,0,17:29,
25.9.2022,4.,Tipsport extraliga,TRI – VIT,3:5,0,0,0,1,0,17:17,
23.9.2022,3.,Tipsport extraliga,MHK – VIT,3:2,0,0,0,0,0,15:15,
18.9.2022,2.,Tipsport extraliga,VIT – PLZ,4:2,0,0,0,-1,0,20:22,
16.9.2022,1.,Tipsport extraliga,LIT – VIT,2:3,0,0,0,-1,0,13:28,
