datum,kolo,soutěž,zápas,skóre,G,A,B,+-,TM,TOI,
26.2.2023,50.,Tipsport extraliga,KLA – VIT,0:1,0,0,0,0,2,10:53,
24.2.2023,49.,Tipsport extraliga,KLA – SPA,3:4,0,1,1,1,2,18:32,
19.2.2023,48.,Tipsport extraliga,KLA – OLO,4:5,0,0,0,0,0,14:06,
17.2.2023,47.,Tipsport extraliga,PLZ – KLA,0:3,0,0,0,1,0,16:41,
15.2.2023,46.,Tipsport extraliga,KLA – MBL,2:1,0,1,1,0,0,16:28,
5.2.2023,45.,Tipsport extraliga,TRI – KLA,5:4,0,1,1,1,2,17:37,
3.2.2023,44.,Tipsport extraliga,KLA – LIT,5:2,0,1,1,0,0,16:52,
29.1.2023,43.,Tipsport extraliga,MHK – KLA,4:2,0,1,1,-1,2,16:50,
27.1.2023,42.,Tipsport extraliga,KLA – KOM,0:3,0,0,0,0,0,16:29,
11.12.2022,28.,Tipsport extraliga,LIB – KLA,7:3,0,1,1,0,0,08:36,
4.12.2022,26.,Tipsport extraliga,KLA – KVA,4:1,0,1,1,2,2,17:59,
2.12.2022,25.,Tipsport extraliga,KLA – CEB,1:6,0,0,0,-1,0,14:57,
29.11.2022,24.,Tipsport extraliga,KLA – VIT,2:3,0,1,1,1,0,18:27,
27.11.2022,23.,Tipsport extraliga,SPA – KLA,5:1,0,0,0,-3,0,16:13,
25.11.2022,22.,Tipsport extraliga,KLA – OLO,5:2,2,0,2,2,2,15:32,
20.11.2022,21.,Tipsport extraliga,PLZ – KLA,1:2,1,0,1,1,0,19:39,
18.11.2022,20.,Tipsport extraliga,KLA – MBL,1:2,0,0,0,1,2,18:07,
6.11.2022,19.,Tipsport extraliga,TRI – KLA,8:0,0,0,0,-2,0,14:07,
4.11.2022,18.,Tipsport extraliga,KLA – LIT,3:2,0,1,1,1,0,20:35,
1.11.2022,17.,Tipsport extraliga,MHK – KLA,8:7,1,0,1,-1,0,16:08,
30.10.2022,16.,Tipsport extraliga,KLA – KOM,3:5,0,0,0,0,0,18:58,
28.10.2022,15.,Tipsport extraliga,KLA – LIB,3:2,1,0,1,1,0,16:31,
14.10.2022,10.,Tipsport extraliga,KLA – SPA,2:5,0,0,0,0,2,14:46,
9.10.2022,9.,Tipsport extraliga,OLO – KLA,3:0,0,0,0,-1,0,19:32,
7.10.2022,8.,Tipsport extraliga,KLA – PLZ,0:4,0,0,0,-2,0,16:44,
2.10.2022,7.,Tipsport extraliga,MBL – KLA,4:0,0,0,0,-2,0,17:23,
29.9.2022,6.,Tipsport extraliga,KLA – TRI,1:2,1,0,1,1,2,15:32,
27.9.2022,5.,Tipsport extraliga,LIT – KLA,1:2,0,1,1,2,0,18:39,
25.9.2022,4.,Tipsport extraliga,KLA – MHK,2:1,0,0,0,0,0,19:27,
23.9.2022,3.,Tipsport extraliga,KOM – KLA,1:3,1,0,1,2,0,15:08,
18.9.2022,2.,Tipsport extraliga,LIB – KLA,4:3,0,0,0,-2,0,19:48,
16.9.2022,1.,Tipsport extraliga,KLA – PCE,4:5,0,0,0,-1,0,16:11,
