datum,kolo,soutěž,zápas,skóre,G,A,B,+-,TM,TOI,
26.2.2023,50.,Tipsport extraliga,LIT – PLZ,2:0,0,0,0,0,0,14:53,
24.2.2023,49.,Tipsport extraliga,PLZ – TRI,4:5,0,1,1,0,0,20:39,
19.2.2023,48.,Tipsport extraliga,MHK – PLZ,2:1,0,0,0,-1,0,18:25,
17.2.2023,47.,Tipsport extraliga,PLZ – KLA,0:3,0,0,0,0,2,16:01,
15.2.2023,46.,Tipsport extraliga,KOM – PLZ,3:0,0,0,0,0,0,17:42,
5.2.2023,45.,Tipsport extraliga,PLZ – LIB,2:4,0,0,0,0,2,20:42,
3.2.2023,44.,Tipsport extraliga,KVA – PLZ,3:1,0,0,0,-2,0,16:32,
29.1.2023,43.,Tipsport extraliga,PLZ – SPA,4:3,0,0,0,0,0,23:56,
26.1.2023,42.,Tipsport extraliga,PCE – PLZ,4:3,0,0,0,-1,0,20:37,
22.1.2023,40.,Tipsport extraliga,OLO – PLZ,3:2,1,0,1,1,2,22:24,
20.1.2023,39.,Tipsport extraliga,CEB – PLZ,3:4,0,0,0,0,5,18:47,
15.1.2023,38.,Tipsport extraliga,PLZ – MBL,3:2,1,1,2,2,0,16:35,
13.1.2023,37.,Tipsport extraliga,PLZ – LIT,4:1,1,1,2,3,0,16:57,
10.1.2023,41.,Tipsport extraliga,PLZ – VIT,2:3,0,1,1,0,0,18:33,
3.1.2023,34.,Tipsport extraliga,KLA – PLZ,3:4,0,0,0,0,2,17:16,
30.12.2022,33.,Tipsport extraliga,PLZ – KOM,5:2,0,0,0,0,0,19:11,
28.12.2022,32.,Tipsport extraliga,LIB – PLZ,2:1,0,0,0,0,0,21:15,
26.12.2022,31.,Tipsport extraliga,PLZ – KVA,1:0,0,0,0,0,0,17:00,
22.12.2022,30.,Tipsport extraliga,SPA – PLZ,3:0,0,0,0,-1,2,23:34,
20.12.2022,29.,Tipsport extraliga,PLZ – PCE,0:2,0,0,0,-1,2,23:00,
11.12.2022,28.,Tipsport extraliga,VIT – PLZ,3:2,1,0,1,-1,0,21:44,
9.12.2022,27.,Tipsport extraliga,PLZ – OLO,5:4,1,1,2,0,0,22:59,
