datum,kolo,soutěž,zápas,skóre,G,A,B,+-,TM,TOI,
13.2.2023,46.,CHANCE LIGA,JIH – LTM,3:2,1,0,1,-3,4,20:25,
11.2.2023,24.,CHANCE LIGA,SOK – LTM,6:4,0,1,1,1,0,19:48,
4.2.2023,45.,CHANCE LIGA,LTM – SUM,3:0,0,0,0,0,2,19:05,
1.2.2023,44.,CHANCE LIGA,POR – LTM,1:3,0,0,0,1,0,18:41,
30.1.2023,43.,CHANCE LIGA,LTM – SLA,1:2,0,0,0,0,0,14:32,
28.1.2023,42.,CHANCE LIGA,KOL – LTM,5:2,0,0,0,2,0,19:21,
25.1.2023,41.,CHANCE LIGA,LTM – PCE,5:6,0,0,0,-1,2,16:05,
22.1.2023,39.,CHANCE LIGA,FRM – LTM,3:1,0,0,0,-1,0,20:55,
21.1.2023,40.,CHANCE LIGA,PRE – LTM,1:2,0,0,0,0,4,18:00,
11.1.2023,37.,CHANCE LIGA,LTM – SOK,4:6,0,0,0,0,0,18:53,
9.1.2023,36.,CHANCE LIGA,PRO – LTM,3:5,0,0,0,0,0,20:20,
7.1.2023,35.,CHANCE LIGA,LTM – VSE,3:0,0,0,0,1,2,16:11,
6.1.2023,35.,Tipsport extraliga,SPA – LIB,2:5,0,0,0,0,0,04:20,
4.1.2023,34.,CHANCE LIGA,ZLN – LTM,2:3,0,0,0,1,2,15:53,
3.1.2023,34.,Tipsport extraliga,LIB – OLO,6:1,0,0,0,-1,0,11:15,
29.12.2022,33.,CHANCE LIGA,LTM – JIH,5:0,0,1,1,2,0,24:19,
27.12.2022,32.,CHANCE LIGA,SUM – LTM,6:3,0,0,0,-1,2,20:56,
21.12.2022,31.,CHANCE LIGA,LTM – POR,2:1,0,0,0,0,0,18:23,
20.12.2022,29.,Tipsport extraliga,LIT – LIB,3:2,0,0,0,-1,0,00:54,
19.12.2022,30.,CHANCE LIGA,SLA – LTM,7:2,0,0,0,-1,0,16:38,
10.12.2022,29.,CHANCE LIGA,LTM – KOL,2:1,0,0,0,0,0,17:33,
7.12.2022,28.,CHANCE LIGA,PCE – LTM,4:1,0,0,0,0,0,13:47,
6.12.2022,9.,Tipsport extraliga,LIB – SPA,0:1,0,0,0,0,0,01:03,
4.12.2022,27.,CHANCE LIGA,LTM – PRE,2:1,0,0,0,0,0,14:07,
3.12.2022,26.,CHANCE LIGA,LTM – FRM,2:1,1,0,1,0,0,15:24,
2.12.2022,25.,Tipsport extraliga,KVA – LIB,0:2,0,0,0,1,0,09:45,
30.11.2022,25.,CHANCE LIGA,TRE – LTM,2:4,0,0,0,-1,,17:40,
29.11.2022,24.,Tipsport extraliga,CEB – KVA,0:3,0,0,0,0,0,11:15,
27.11.2022,23.,Tipsport extraliga,CEB – LIB,4:1,0,0,0,0,0,12:53,
23.11.2022,23.,CHANCE LIGA,LTM – PRO,1:3,0,0,0,-2,,14:13,
19.11.2022,22.,CHANCE LIGA,VSE – LTM,3:4,0,0,0,1,,17:26,
16.11.2022,21.,CHANCE LIGA,LTM – ZLN,5:2,0,0,0,2,2,16:20,
13.11.2022,,Turnaj pěti v Porubě – 20,CZE – FIN,0:4,0,0,0,-1,0,13:51,
12.11.2022,,Turnaj pěti v Porubě – 20,CZE – FIN,6:3,0,0,0,1,0,13:40,
10.11.2022,,Turnaj pěti v Porubě – 20,CZE – SWE,3:4,0,0,0,-1,0,13:29,
6.11.2022,19.,Tipsport extraliga,OLO – CEB,3:1,0,0,0,0,0,01:31,
5.11.2022,19.,CHANCE LIGA,LTM – SUM,6:3,0,1,1,0,2,18:50,
2.11.2022,18.,CHANCE LIGA,POR – LTM,3:2,0,0,0,0,,20:36,
1.11.2022,17.,Tipsport extraliga,LIT – CEB,6:4,0,0,0,1,0,11:19,
29.10.2022,17.,CHANCE LIGA,LTM – SLA,0:3,0,0,0,0,0,18:20,
26.10.2022,16.,CHANCE LIGA,KOL – LTM,2:1,0,0,0,0,0,15:57,
24.10.2022,15.,CHANCE LIGA,LTM – PCE,5:0,0,1,1,1,0,14:48,
20.10.2022,14.,CHANCE LIGA,PRE – LTM,2:3,0,0,0,0,0,18:56,
19.10.2022,13.,CHANCE LIGA,FRM – LTM,2:5,0,0,0,0,4,18:44,
15.10.2022,12.,CHANCE LIGA,LTM – TRE,3:4,0,0,0,1,0,17:44,
4.10.2022,10.,Tipsport extraliga,LIB – CEB,6:1,1,0,1,-2,0,09:21,
2.10.2022,7.,Tipsport extraliga,PCE – CEB,6:1,0,0,0,-2,0,03:58,
24.9.2022,8.,DHL ELJ,LIB – KVA,3:4,0,1,1,2,6,-,
23.9.2022,7.,DHL ELJ,LIB – LIT,6:3,0,1,1,0,0,-,
27.8.2022,,Turnaj čtyř v Rovaniemi – 20,CZE – SVK,3:4,0,0,0,0,,-,
26.8.2022,,Turnaj čtyř v Rovaniemi – 20,FIN – CZE,5:0,0,0,0,0,,-,
25.8.2022,,Turnaj čtyř v Rovaniemi – 20,SWE – CZE,5:4,0,0,0,0,,-,
