datum,kolo,soutěž,zápas,skóre,G,A,B,+-,TM,TOI,
29.1.2023,43.,Tipsport extraliga,OLO – KVA,3:4,0,1,1,0,0,19:11,
24.1.2023,41.,Tipsport extraliga,MBL – OLO,4:0,0,0,0,-1,0,19:26,
22.1.2023,40.,Tipsport extraliga,OLO – PLZ,3:2,0,1,1,1,0,18:41,
20.1.2023,39.,Tipsport extraliga,OLO – LIT,1:8,0,1,1,-1,0,18:03,
17.1.2023,38.,Tipsport extraliga,TRI – OLO,1:3,0,0,0,0,0,15:59,
11.1.2023,37.,Tipsport extraliga,OLO – KOM,1:4,0,0,0,-1,0,18:50,
8.1.2023,36.,Tipsport extraliga,MHK – OLO,5:4,0,0,0,0,2,21:11,
6.1.2023,35.,Tipsport extraliga,OLO – KLA,6:2,0,1,1,0,0,20:20,
3.1.2023,34.,Tipsport extraliga,LIB – OLO,6:1,0,0,0,1,0,18:11,
22.12.2022,30.,Tipsport extraliga,KVA – OLO,0:3,0,2,2,1,2,15:29,
20.12.2022,29.,Tipsport extraliga,OLO – SPA,0:1,0,0,0,0,0,16:09,
11.12.2022,28.,Tipsport extraliga,OLO – MBL,2:0,1,0,1,0,0,19:14,
9.12.2022,27.,Tipsport extraliga,PLZ – OLO,5:4,1,1,2,-1,2,12:21,
6.11.2022,19.,Tipsport extraliga,OLO – CEB,3:1,0,0,0,0,0,09:02,
3.11.2022,18.,Tipsport extraliga,PCE – OLO,3:0,0,0,0,-1,0,20:15,
1.11.2022,17.,Tipsport extraliga,OLO – KVA,2:0,1,0,1,1,0,18:22,
30.10.2022,16.,Tipsport extraliga,SPA – OLO,2:5,1,2,3,1,0,16:54,
28.10.2022,15.,Tipsport extraliga,MBL – OLO,2:3,0,0,0,1,2,19:31,
23.10.2022,14.,Tipsport extraliga,OLO – PLZ,1:4,0,0,0,-2,2,18:12,
21.10.2022,13.,Tipsport extraliga,OLO – LIT,5:3,0,0,0,-1,0,17:48,
9.10.2022,9.,Tipsport extraliga,OLO – KLA,3:0,1,0,1,0,0,21:22,
7.10.2022,8.,Tipsport extraliga,LIB – OLO,6:2,0,0,0,-3,0,19:41,
2.10.2022,7.,Tipsport extraliga,OLO – VIT,5:4,1,1,2,2,2,21:33,
30.9.2022,6.,Tipsport extraliga,CEB – OLO,1:2,0,0,0,0,0,23:20,
27.9.2022,5.,Tipsport extraliga,OLO – PCE,1:2,0,1,1,0,0,20:35,
22.9.2022,3.,Tipsport extraliga,OLO – SPA,4:0,1,1,2,1,0,15:38,
18.9.2022,2.,Tipsport extraliga,OLO – MBL,2:1,0,0,0,1,4,23:37,
16.9.2022,1.,Tipsport extraliga,PLZ – OLO,1:2,0,1,1,1,0,16:59,
