datum,kolo,soutěž,zápas,skóre,G,A,B,+-,TM,TOI,
24.2.2023,49.,Tipsport extraliga,KLA – SPA,3:4,0,0,0,0,0,06:02,
19.2.2023,48.,Tipsport extraliga,LIB – SPA,2:1,0,0,0,0,0,13:46,
17.2.2023,47.,Tipsport extraliga,CEB – SPA,3:4,1,0,1,1,0,12:47,
15.2.2023,46.,Tipsport extraliga,KVA – SPA,3:6,0,0,0,0,0,19:50,
4.12.2022,26.,Tipsport extraliga,KOM – SPA,2:6,0,0,0,-1,0,09:37,
2.12.2022,25.,Tipsport extraliga,SPA – MHK,2:1,1,0,1,0,0,17:20,
29.11.2022,24.,Tipsport extraliga,SPA – TRI,1:0,0,0,0,0,0,17:14,
27.11.2022,23.,Tipsport extraliga,SPA – KLA,5:1,0,0,0,0,0,18:30,
25.11.2022,22.,Tipsport extraliga,SPA – LIB,3:1,0,0,0,-1,0,16:18,
18.11.2022,20.,Tipsport extraliga,KVA – SPA,1:5,0,0,0,0,0,18:08,
16.11.2022,37.,Tipsport extraliga,TRI – SPA,2:1,0,0,0,-1,0,17:50,
6.11.2022,19.,Tipsport extraliga,SPA – PCE,2:3,0,0,0,-1,0,17:01,
4.11.2022,18.,Tipsport extraliga,VIT – SPA,3:2,0,0,0,-1,0,20:17,
2.11.2022,17.,Tipsport extraliga,PLZ – SPA,4:0,0,0,0,-1,0,21:00,
30.10.2022,16.,Tipsport extraliga,SPA – OLO,2:5,0,0,0,-2,0,20:04,
28.10.2022,15.,Tipsport extraliga,LIT – SPA,4:0,0,0,0,-1,0,21:12,
26.10.2022,31.,Tipsport extraliga,SPA – VIT,3:2,0,0,0,0,0,23:59,
23.10.2022,14.,Tipsport extraliga,SPA – MBL,3:2,0,0,0,1,0,25:36,
21.10.2022,13.,Tipsport extraliga,SPA – KOM,2:3,0,0,0,-1,0,21:32,
18.10.2022,12.,Tipsport extraliga,MHK – SPA,3:2,0,1,1,1,0,25:35,
16.10.2022,11.,Tipsport extraliga,TRI – SPA,4:2,0,0,0,-1,2,23:09,
14.10.2022,10.,Tipsport extraliga,KLA – SPA,2:5,0,2,2,-1,2,23:30,
7.10.2022,8.,Tipsport extraliga,CEB – SPA,2:3,0,0,0,1,0,22:22,
2.10.2022,7.,Tipsport extraliga,SPA – KVA,4:5,1,0,1,0,0,25:54,
30.9.2022,6.,Tipsport extraliga,PCE – SPA,2:3,0,0,0,1,2,25:14,
27.9.2022,5.,Tipsport extraliga,SPA – VIT,5:3,0,0,0,1,0,21:28,
25.9.2022,4.,Tipsport extraliga,SPA – PLZ,3:2,0,0,0,1,0,21:00,
22.9.2022,3.,Tipsport extraliga,OLO – SPA,4:0,0,0,0,-1,0,21:34,
18.9.2022,2.,Tipsport extraliga,SPA – LIT,3:0,0,0,0,1,2,19:24,
16.9.2022,1.,Tipsport extraliga,MBL – SPA,4:2,0,0,0,-1,0,23:13,
