datum,kolo,soutěž,zápas,skóre,G,A,B,+-,TM,TOI,
26.2.2023,50.,Tipsport extraliga,SPA – TRI,3:1,0,0,0,-1,0,04:54,
19.2.2023,48.,Tipsport extraliga,LIB – SPA,2:1,0,0,0,0,2,08:52,
15.2.2023,46.,Tipsport extraliga,KVA – SPA,3:6,0,0,0,-1,0,12:05,
5.2.2023,45.,Tipsport extraliga,SPA – PCE,4:2,0,0,0,0,0,09:22,
3.2.2023,44.,Tipsport extraliga,VIT – SPA,3:4,0,1,1,0,0,09:44,
31.1.2023,33.,Tipsport extraliga,SPA – KVA,6:3,0,0,0,-1,0,09:26,
29.1.2023,43.,Tipsport extraliga,PLZ – SPA,4:3,1,0,1,1,0,05:30,
25.1.2023,41.,CHANCE LIGA,SOK – SLA,3:5,0,0,0,-1,0,21:26,
22.1.2023,40.,Tipsport extraliga,SPA – MBL,4:1,0,0,0,0,0,10:33,
20.1.2023,39.,Tipsport extraliga,SPA – KOM,5:3,1,0,1,1,0,08:10,
17.1.2023,21.,Tipsport extraliga,SPA – CEB,5:0,0,0,0,0,0,11:26,
15.1.2023,38.,Tipsport extraliga,MHK – SPA,3:4,0,1,1,1,0,09:56,
10.1.2023,32.,Tipsport extraliga,PCE – SPA,0:3,0,0,0,0,0,13:23,
8.1.2023,36.,Tipsport extraliga,SPA – KLA,4:0,0,0,0,0,0,11:21,
6.1.2023,35.,Tipsport extraliga,SPA – LIB,2:5,0,0,0,-1,0,10:10,
3.1.2023,34.,Tipsport extraliga,SPA – CEB,5:3,0,1,1,1,0,08:07,
22.12.2022,30.,Tipsport extraliga,SPA – PLZ,3:0,0,0,0,0,0,11:07,
20.12.2022,29.,Tipsport extraliga,OLO – SPA,0:1,0,0,0,0,0,08:59,
11.12.2022,28.,Tipsport extraliga,LIT – SPA,5:2,0,0,0,-1,0,16:50,
9.12.2022,27.,Tipsport extraliga,MBL – SPA,1:2,0,1,1,1,0,15:29,
6.12.2022,9.,Tipsport extraliga,LIB – SPA,0:1,0,0,0,0,0,10:01,
4.12.2022,26.,Tipsport extraliga,KOM – SPA,2:6,1,1,2,2,0,08:28,
2.12.2022,25.,Tipsport extraliga,SPA – MHK,2:1,0,0,0,0,0,09:37,
29.11.2022,24.,Tipsport extraliga,SPA – TRI,1:0,0,0,0,0,0,09:41,
27.11.2022,23.,Tipsport extraliga,SPA – KLA,5:1,0,0,0,0,0,12:56,
25.11.2022,22.,Tipsport extraliga,SPA – LIB,3:1,0,0,0,0,2,07:35,
18.11.2022,20.,Tipsport extraliga,KVA – SPA,1:5,0,1,1,1,0,11:09,
16.11.2022,37.,Tipsport extraliga,TRI – SPA,2:1,0,0,0,-1,0,08:05,
6.11.2022,19.,Tipsport extraliga,SPA – PCE,2:3,0,0,0,0,0,18:09,
4.11.2022,18.,Tipsport extraliga,VIT – SPA,3:2,0,0,0,1,0,11:33,
2.11.2022,17.,Tipsport extraliga,PLZ – SPA,4:0,0,0,0,-2,0,17:03,
30.10.2022,16.,Tipsport extraliga,SPA – OLO,2:5,0,0,0,-1,0,17:28,
28.10.2022,15.,Tipsport extraliga,LIT – SPA,4:0,0,0,0,0,0,15:58,
26.10.2022,31.,Tipsport extraliga,SPA – VIT,3:2,0,0,0,-1,0,14:01,
23.10.2022,14.,Tipsport extraliga,SPA – MBL,3:2,0,0,0,-1,0,17:13,
21.10.2022,13.,Tipsport extraliga,SPA – KOM,2:3,1,0,1,1,0,12:36,
18.10.2022,12.,Tipsport extraliga,MHK – SPA,3:2,0,0,0,0,0,08:09,
16.10.2022,11.,Tipsport extraliga,TRI – SPA,4:2,0,0,0,0,0,12:13,
14.10.2022,10.,Tipsport extraliga,KLA – SPA,2:5,1,0,1,1,0,13:22,
7.10.2022,8.,Tipsport extraliga,CEB – SPA,2:3,0,0,0,0,0,09:47,
1.10.2022,7.,CHANCE LIGA,SOK – VSE,3:2,0,0,0,0,0,20:22,
30.9.2022,6.,CHANCE LIGA,SOK – POR,2:4,0,2,2,1,,19:41,
26.9.2022,5.,CHANCE LIGA,SOK – ZLN,2:1,1,0,1,0,,10:59,
24.9.2022,4.,CHANCE LIGA,FRM – SOK,1:2,0,0,0,-1,0,08:18,
22.9.2022,3.,Tipsport extraliga,OLO – SPA,4:0,0,0,0,-1,0,14:17,
18.9.2022,2.,Tipsport extraliga,SPA – LIT,3:0,0,0,0,0,0,13:53,
16.9.2022,1.,Tipsport extraliga,MBL – SPA,4:2,0,0,0,0,2,12:07,
