datum,kolo,soutěž,zápas,skóre,G,A,B,+-,TM,TOI,
26.2.2023,50.,Tipsport extraliga,MHK – MBL,3:2,0,0,0,2,0,09:32,
24.2.2023,49.,Tipsport extraliga,OLO – MHK,0:4,0,2,2,3,0,15:41,
19.2.2023,48.,Tipsport extraliga,MHK – PLZ,2:1,0,1,1,1,2,18:30,
17.2.2023,47.,Tipsport extraliga,TRI – MHK,1:2,0,1,1,1,0,17:48,
15.2.2023,46.,Tipsport extraliga,MHK – LIT,3:0,0,0,0,0,2,15:49,
13.2.2023,8.,Tipsport extraliga,MHK – TRI,4:3,0,1,1,0,0,17:06,
5.2.2023,45.,Tipsport extraliga,MHK – KOM,1:0,0,0,0,0,0,19:19,
2.2.2023,44.,Tipsport extraliga,CEB – MHK,2:3,0,0,0,0,0,17:54,
29.1.2023,43.,Tipsport extraliga,MHK – KLA,4:2,0,0,0,-1,0,18:22,
27.1.2023,42.,Tipsport extraliga,VIT – MHK,2:5,1,0,1,3,0,18:13,
24.1.2023,41.,Tipsport extraliga,MHK – KVA,3:0,1,0,1,0,0,18:16,
22.1.2023,40.,Tipsport extraliga,LIB – MHK,3:1,1,0,1,1,0,17:39,
20.1.2023,39.,Tipsport extraliga,PCE – MHK,4:1,0,0,0,-1,0,18:05,
15.1.2023,38.,Tipsport extraliga,MHK – SPA,3:4,1,0,1,0,0,17:33,
13.1.2023,37.,Tipsport extraliga,MBL – MHK,3:2,0,0,0,0,2,17:40,
10.1.2023,27.,Tipsport extraliga,MHK – LIB,5:4,0,0,0,0,0,18:00,
8.1.2023,36.,Tipsport extraliga,MHK – OLO,5:4,1,1,2,-1,0,20:44,
5.1.2023,35.,Tipsport extraliga,PLZ – MHK,0:4,0,1,1,2,0,17:28,
3.1.2023,34.,Tipsport extraliga,MHK – TRI,2:3,0,0,0,-1,0,18:59,
30.12.2022,33.,Tipsport extraliga,LIT – MHK,2:3,1,0,1,0,0,20:33,
28.12.2022,32.,Tipsport extraliga,KOM – MHK,2:3,0,2,2,1,2,24:37,
26.12.2022,31.,Tipsport extraliga,MHK – CEB,1:4,0,0,0,-2,2,20:12,
22.12.2022,30.,Tipsport extraliga,KLA – MHK,3:6,1,0,1,0,2,16:57,
20.12.2022,29.,Tipsport extraliga,MHK – VIT,4:3,2,0,2,2,0,17:11,
11.12.2022,28.,Tipsport extraliga,KVA – MHK,1:4,0,1,1,1,0,18:55,
4.12.2022,26.,Tipsport extraliga,MHK – PCE,4:0,0,0,0,1,0,17:21,
2.12.2022,25.,Tipsport extraliga,SPA – MHK,2:1,0,0,0,0,2,18:58,
29.11.2022,24.,Tipsport extraliga,MHK – MBL,0:2,0,0,0,-1,0,18:48,
27.11.2022,23.,Tipsport extraliga,OLO – MHK,5:0,0,0,0,-1,0,17:57,
25.11.2022,22.,Tipsport extraliga,MHK – PLZ,1:4,0,0,0,-1,0,17:15,
20.11.2022,21.,Tipsport extraliga,TRI – MHK,4:1,0,1,1,-2,4,18:41,
18.11.2022,20.,Tipsport extraliga,MHK – LIT,3:0,0,0,0,0,0,15:57,
6.11.2022,19.,Tipsport extraliga,MHK – KOM,5:1,1,1,2,1,2,17:28,
4.11.2022,18.,Tipsport extraliga,CEB – MHK,2:1,0,0,0,0,0,17:49,
1.11.2022,17.,Tipsport extraliga,MHK – KLA,8:7,2,1,3,1,0,21:27,
30.10.2022,16.,Tipsport extraliga,VIT – MHK,5:2,0,1,1,-1,4,17:38,
28.10.2022,15.,Tipsport extraliga,MHK – KVA,1:2,0,0,0,-2,0,19:25,
23.10.2022,14.,Tipsport extraliga,LIB – MHK,3:6,1,2,3,2,0,19:10,
21.10.2022,13.,Tipsport extraliga,PCE – MHK,5:2,0,1,1,-1,0,18:41,
18.10.2022,12.,Tipsport extraliga,MHK – SPA,3:2,0,0,0,0,0,22:26,
16.10.2022,11.,Tipsport extraliga,MBL – MHK,0:2,1,0,1,1,2,19:16,
14.10.2022,10.,Tipsport extraliga,MHK – OLO,0:3,0,0,0,-1,0,19:44,
9.10.2022,9.,Tipsport extraliga,PLZ – MHK,2:5,1,0,1,0,0,20:18,
2.10.2022,7.,Tipsport extraliga,LIT – MHK,3:2,0,2,2,1,0,24:24,
30.9.2022,6.,Tipsport extraliga,KOM – MHK,4:0,0,0,0,-1,0,18:42,
27.9.2022,5.,Tipsport extraliga,MHK – CEB,3:1,0,1,1,0,6,17:35,
25.9.2022,4.,Tipsport extraliga,KLA – MHK,2:1,0,1,1,0,5,23:31,
23.9.2022,3.,Tipsport extraliga,MHK – VIT,3:2,0,1,1,1,0,21:14,
18.9.2022,2.,Tipsport extraliga,KVA – MHK,2:3,0,1,1,0,2,16:29,
16.9.2022,1.,Tipsport extraliga,MHK – LIB,1:2,0,0,0,1,2,15:35,
