datum,kolo,soutěž,zápas,skóre,G,A,B,+-,TM,TOI,
26.2.2023,50.,Tipsport extraliga,KVA – CEB,5:1,0,0,0,0,0,07:20,
22.2.2023,49.,Tipsport extraliga,CEB – LIB,3:4,0,0,0,-1,0,11:57,
19.2.2023,48.,Tipsport extraliga,VIT – CEB,1:4,0,0,0,-1,4,09:32,
17.2.2023,47.,Tipsport extraliga,CEB – SPA,3:4,0,0,0,0,0,15:36,
15.2.2023,46.,Tipsport extraliga,CEB – PCE,3:7,0,0,0,-1,0,10:39,
2.2.2023,44.,Tipsport extraliga,CEB – MHK,2:3,0,0,0,-1,0,08:20,
29.1.2023,43.,Tipsport extraliga,LIT – CEB,1:0,0,0,0,0,0,08:16,
27.1.2023,42.,Tipsport extraliga,CEB – MBL,5:4,0,0,0,-1,0,13:18,
24.1.2023,41.,Tipsport extraliga,KOM – CEB,5:2,0,0,0,-2,2,16:21,
22.1.2023,40.,Tipsport extraliga,CEB – TRI,3:2,0,1,1,1,0,19:00,
20.1.2023,39.,Tipsport extraliga,CEB – PLZ,3:4,0,0,0,-1,0,15:23,
17.1.2023,21.,Tipsport extraliga,SPA – CEB,5:0,0,0,0,-2,0,14:47,
15.1.2023,38.,Tipsport extraliga,CEB – KLA,6:2,1,0,1,1,0,13:29,
13.1.2023,37.,Tipsport extraliga,CEB – KVA,2:4,0,0,0,-1,0,16:05,
8.1.2023,36.,Tipsport extraliga,LIB – CEB,2:3,0,0,0,-1,0,17:38,
6.1.2023,35.,Tipsport extraliga,CEB – VIT,0:2,0,0,0,0,0,12:00,
3.1.2023,34.,Tipsport extraliga,SPA – CEB,5:3,1,0,1,0,0,15:53,
30.12.2022,33.,Tipsport extraliga,PCE – CEB,4:1,0,0,0,-1,0,15:47,
28.12.2022,32.,Tipsport extraliga,CEB – OLO,4:2,0,0,0,0,0,13:08,
22.12.2022,30.,Tipsport extraliga,CEB – LIT,2:5,0,0,0,0,0,13:23,
20.12.2022,29.,Tipsport extraliga,MBL – CEB,2:1,0,0,0,0,0,07:32,
11.12.2022,28.,Tipsport extraliga,CEB – KOM,3:1,0,1,1,1,0,17:06,
9.12.2022,27.,Tipsport extraliga,TRI – CEB,2:3,0,0,0,0,0,15:43,
4.12.2022,26.,Tipsport extraliga,PLZ – CEB,4:1,0,1,1,0,0,17:32,
2.12.2022,25.,Tipsport extraliga,KLA – CEB,1:6,0,1,1,2,0,17:21,
29.11.2022,24.,Tipsport extraliga,CEB – KVA,0:3,0,0,0,0,0,12:48,
27.11.2022,23.,Tipsport extraliga,CEB – LIB,4:1,0,0,0,0,0,13:26,
25.11.2022,22.,Tipsport extraliga,VIT – CEB,4:3,1,1,2,1,2,16:03,
1.11.2022,17.,Tipsport extraliga,LIT – CEB,6:4,0,0,0,-2,0,08:18,
30.10.2022,16.,Tipsport extraliga,CEB – MBL,3:0,0,0,0,0,0,11:15,
28.10.2022,15.,Tipsport extraliga,KOM – CEB,3:0,0,0,0,-1,0,10:58,
23.10.2022,14.,Tipsport extraliga,CEB – TRI,3:2,0,0,0,0,0,13:46,
20.10.2022,13.,Tipsport extraliga,CEB – PLZ,3:2,0,0,0,0,0,11:56,
18.10.2022,12.,Tipsport extraliga,KLA – CEB,2:1,0,0,0,0,2,15:41,
16.10.2022,11.,Tipsport extraliga,KVA – CEB,4:3,0,0,0,-1,0,11:19,
9.10.2022,9.,Tipsport extraliga,CEB – VIT,2:3,0,0,0,0,0,13:13,
7.10.2022,8.,Tipsport extraliga,CEB – SPA,2:3,0,0,0,0,0,14:48,
4.10.2022,10.,Tipsport extraliga,LIB – CEB,6:1,0,0,0,-1,0,11:51,
2.10.2022,7.,Tipsport extraliga,PCE – CEB,6:1,0,0,0,-1,0,12:22,
30.9.2022,6.,Tipsport extraliga,CEB – OLO,1:2,0,0,0,0,0,13:21,
27.9.2022,5.,Tipsport extraliga,MHK – CEB,3:1,0,0,0,-1,0,04:56,
23.9.2022,3.,Tipsport extraliga,MBL – CEB,5:1,0,0,0,-1,2,11:01,
20.9.2022,4.,Tipsport extraliga,CEB – LIT,6:3,0,0,0,0,0,13:30,
18.9.2022,2.,Tipsport extraliga,CEB – KOM,6:2,0,1,1,0,0,16:25,
16.9.2022,1.,Tipsport extraliga,TRI – CEB,0:2,0,1,1,1,0,16:04,
