datum,kolo,soutěž,zápas,skóre,G,A,B,+-,TM,TOI,
26.2.2023,50.,Tipsport extraliga,KLA – VIT,0:1,0,1,1,1,0,09:12,
24.2.2023,49.,Tipsport extraliga,VIT – KVA,6:1,0,1,1,0,0,14:07,
19.2.2023,48.,Tipsport extraliga,VIT – CEB,1:4,0,0,0,-1,2,07:37,
17.2.2023,47.,Tipsport extraliga,PCE – VIT,1:4,0,1,1,1,0,11:51,
15.2.2023,46.,Tipsport extraliga,VIT – OLO,3:1,0,0,0,0,0,09:22,
5.2.2023,45.,Tipsport extraliga,MBL – VIT,2:3,0,0,0,0,2,11:54,
3.2.2023,44.,Tipsport extraliga,VIT – SPA,3:4,0,0,0,-1,2,12:02,
31.1.2023,43.,Tipsport extraliga,VIT – TRI,1:2,0,0,0,0,0,12:02,
27.1.2023,42.,Tipsport extraliga,VIT – MHK,2:5,0,0,0,-1,0,10:40,
22.1.2023,40.,Tipsport extraliga,VIT – LIT,2:3,0,0,0,0,0,12:44,
20.1.2023,39.,Tipsport extraliga,VIT – LIB,2:0,1,0,1,1,0,10:43,
17.1.2023,19.,Tipsport extraliga,MBL – VIT,3:2,0,0,0,0,2,14:56,
15.1.2023,38.,Tipsport extraliga,KOM – VIT,2:5,1,0,1,2,0,15:14,
13.1.2023,37.,Tipsport extraliga,VIT – KLA,0:3,0,0,0,0,0,14:47,
10.1.2023,41.,Tipsport extraliga,PLZ – VIT,2:3,1,0,1,2,2,14:23,
8.1.2023,36.,Tipsport extraliga,KVA – VIT,1:3,0,0,0,0,0,15:10,
6.1.2023,35.,Tipsport extraliga,CEB – VIT,0:2,0,1,1,2,2,13:35,
28.12.2022,32.,Tipsport extraliga,VIT – MBL,5:2,0,0,0,-2,0,12:52,
26.12.2022,31.,Tipsport extraliga,MBL – LIB,3:7,0,1,1,0,2,10:10,
22.12.2022,30.,Tipsport extraliga,PCE – MBL,2:1,0,0,0,1,4,18:59,
20.12.2022,29.,Tipsport extraliga,MBL – CEB,2:1,0,0,0,0,0,14:29,
4.12.2022,26.,Tipsport extraliga,TRI – MBL,3:0,0,0,0,-1,0,10:55,
1.12.2022,25.,Tipsport extraliga,MBL – PLZ,0:1,0,0,0,0,0,11:33,
29.11.2022,24.,Tipsport extraliga,MHK – MBL,0:2,0,0,0,0,0,13:36,
27.11.2022,23.,Tipsport extraliga,MBL – LIT,6:4,0,0,0,1,2,12:16,
25.11.2022,22.,Tipsport extraliga,KOM – MBL,1:3,0,0,0,0,0,13:23,
20.11.2022,21.,Tipsport extraliga,KVA – MBL,4:3,0,1,1,0,0,13:15,
18.11.2022,20.,Tipsport extraliga,KLA – MBL,1:2,0,0,0,0,0,12:21,
4.11.2022,18.,Tipsport extraliga,LIB – MBL,6:2,0,0,0,0,0,16:23,
1.11.2022,17.,Tipsport extraliga,MBL – PCE,0:1,0,0,0,0,4,16:08,
30.10.2022,16.,Tipsport extraliga,CEB – MBL,3:0,0,0,0,0,4,16:31,
28.10.2022,15.,Tipsport extraliga,MBL – OLO,2:3,0,0,0,-1,0,14:58,
23.10.2022,14.,Tipsport extraliga,SPA – MBL,3:2,0,0,0,0,2,15:27,
21.10.2022,13.,Tipsport extraliga,MBL – TRI,2:3,1,1,2,0,0,18:50,
18.10.2022,12.,Tipsport extraliga,PLZ – MBL,1:2,0,0,0,1,0,11:56,
16.10.2022,11.,Tipsport extraliga,MBL – MHK,0:2,0,0,0,0,0,12:28,
6.10.2022,8.,Tipsport extraliga,MBL – KVA,0:1,0,0,0,0,0,10:38,
2.10.2022,7.,Tipsport extraliga,MBL – KLA,4:0,0,1,1,2,0,10:36,
28.9.2022,6.,CHANCE LIGA,KOL – SLA,3:1,0,0,0,-1,2,11:44,
