datum,kolo,soutěž,zápas,skóre,G,A,B,+-,TM,TOI,
25.2.2023,50.,CHANCE LIGA,VSE – TRE,3:4,1,0,1,1,0,13:55,
22.2.2023,49.,CHANCE LIGA,TRE – SOK,3:1,0,0,0,-1,0,15:49,
18.2.2023,48.,CHANCE LIGA,JIH – TRE,2:3,0,0,0,-1,0,18:36,
15.2.2023,47.,CHANCE LIGA,TRE – POR,5:3,0,0,0,-2,2,17:36,
12.2.2023,46.,CHANCE LIGA,ZLN – TRE,1:3,0,0,0,0,0,16:57,
4.2.2023,45.,CHANCE LIGA,TRE – PCE,3:1,0,0,0,0,0,20:03,
1.2.2023,44.,CHANCE LIGA,SUM – TRE,3:2,0,0,0,-1,0,19:48,
30.1.2023,43.,CHANCE LIGA,TRE – KOL,5:6,0,0,0,-2,0,11:46,
28.1.2023,42.,CHANCE LIGA,FRM – TRE,2:4,1,0,1,1,0,11:23,
25.1.2023,41.,CHANCE LIGA,TRE – PRE,2:0,1,0,1,1,0,14:45,
21.1.2023,40.,CHANCE LIGA,SLA – TRE,1:2,0,1,1,1,2,15:03,
18.1.2023,39.,CHANCE LIGA,TRE – PRO,3:4,1,0,1,0,0,15:12,
14.1.2023,38.,CHANCE LIGA,LTM – TRE,2:1,0,0,0,0,0,14:19,
11.1.2023,37.,CHANCE LIGA,TRE – VSE,2:1,0,0,0,0,0,14:42,
6.1.2023,35.,Tipsport extraliga,MBL – KOM,7:3,0,0,0,-1,0,09:14,
3.1.2023,34.,Tipsport extraliga,KOM – LIT,3:1,0,0,0,-1,2,08:54,
30.12.2022,33.,Tipsport extraliga,PLZ – KOM,5:2,0,0,0,-1,0,11:38,
28.12.2022,32.,Tipsport extraliga,KOM – MHK,2:3,0,0,0,0,0,08:19,
26.12.2022,31.,Tipsport extraliga,TRI – KOM,7:2,0,0,0,0,0,10:54,
22.12.2022,30.,Tipsport extraliga,LIB – KOM,2:1,0,0,0,-1,0,11:46,
19.12.2022,30.,CHANCE LIGA,KOL – TRE,2:1,1,0,1,1,0,12:50,
10.12.2022,29.,CHANCE LIGA,TRE – FRM,4:1,1,1,2,2,2,11:55,
7.12.2022,28.,CHANCE LIGA,PRE – TRE,0:1,0,1,1,1,2,13:15,
5.12.2022,27.,CHANCE LIGA,TRE – SLA,4:3,0,0,0,-1,0,12:58,
3.12.2022,26.,CHANCE LIGA,PRO – TRE,2:0,0,0,0,0,0,15:50,
5.11.2022,19.,CHANCE LIGA,TRE – PCE,4:1,0,0,0,0,,13:28,
2.11.2022,18.,CHANCE LIGA,SUM – TRE,0:2,0,0,0,0,0,15:15,
29.10.2022,17.,CHANCE LIGA,TRE – KOL,3:2,0,0,0,0,0,13:29,
26.10.2022,16.,CHANCE LIGA,FRM – TRE,6:2,0,0,0,-2,0,13:43,
24.10.2022,15.,CHANCE LIGA,TRE – PRE,3:0,0,0,0,0,0,11:46,
19.10.2022,13.,CHANCE LIGA,TRE – PRO,2:1,0,1,1,0,0,17:24,
15.10.2022,12.,CHANCE LIGA,LTM – TRE,3:4,0,0,0,-2,2,17:00,
12.10.2022,11.,CHANCE LIGA,TRE – VSE,4:2,0,0,0,-1,0,16:10,
9.10.2022,9.,Tipsport extraliga,MBL – KOM,3:2,0,0,0,-1,0,10:41,
7.10.2022,8.,Tipsport extraliga,KOM – LIT,5:4,0,0,0,1,0,09:17,
2.10.2022,7.,Tipsport extraliga,PLZ – KOM,3:4,0,0,0,0,0,07:30,
30.9.2022,6.,Tipsport extraliga,KOM – MHK,4:0,0,0,0,0,0,06:41,
27.9.2022,5.,Tipsport extraliga,KOM – TRI,2:4,0,0,0,-2,2,12:05,
25.9.2022,4.,Tipsport extraliga,LIB – KOM,2:3,0,0,0,0,0,12:30,
23.9.2022,3.,Tipsport extraliga,KOM – KLA,1:3,0,0,0,1,0,13:05,
17.9.2022,2.,CHANCE LIGA,PRE – TRE,5:2,0,0,0,0,,09:58,
14.9.2022,1.,CHANCE LIGA,TRE – SLA,5:1,0,0,0,0,0,13:49,
