datum,kolo,soutěž,zápas,skóre,G,A,B,+-,TM,TOI,
26.2.2023,50.,Tipsport extraliga,SPA – TRI,3:1,0,0,0,-1,0,15:12,
24.2.2023,49.,Tipsport extraliga,PLZ – TRI,4:5,0,2,2,2,0,26:34,
19.2.2023,48.,Tipsport extraliga,LIT – TRI,4:3,0,0,0,0,2,20:01,
17.2.2023,47.,Tipsport extraliga,TRI – MHK,1:2,0,0,0,0,2,20:18,
15.2.2023,46.,Tipsport extraliga,LIB – TRI,3:2,0,0,0,-1,0,21:58,
13.2.2023,8.,Tipsport extraliga,MHK – TRI,4:3,0,0,0,1,6,19:35,
11.2.2023,,Beijer Hockey Games 2023,FIN – CZE,6:1,0,0,0,-1,0,-,
9.2.2023,,Beijer Hockey Games 2023,CZE – SWE,2:1,0,0,0,0,0,-,
5.2.2023,45.,Tipsport extraliga,TRI – KLA,5:4,0,0,0,-1,0,20:47,
3.2.2023,44.,Tipsport extraliga,KOM – TRI,5:1,0,0,0,-1,0,21:08,
31.1.2023,43.,Tipsport extraliga,VIT – TRI,1:2,0,0,0,0,0,23:27,
27.1.2023,42.,Tipsport extraliga,KVA – TRI,4:1,0,0,0,0,0,22:33,
24.1.2023,41.,Tipsport extraliga,TRI – PCE,0:4,0,0,0,-2,0,21:10,
22.1.2023,40.,Tipsport extraliga,CEB – TRI,3:2,0,0,0,0,0,25:02,
20.1.2023,39.,Tipsport extraliga,MBL – TRI,1:0,0,0,0,0,0,24:49,
17.1.2023,38.,Tipsport extraliga,TRI – OLO,1:3,0,0,0,0,0,21:55,
13.1.2023,18.,Tipsport extraliga,TRI – KOM,6:1,0,1,1,3,0,20:00,
8.1.2023,36.,Tipsport extraliga,TRI – PLZ,6:1,0,3,3,2,0,21:06,
6.1.2023,35.,Tipsport extraliga,TRI – LIT,3:2,0,0,0,0,0,27:17,
3.1.2023,34.,Tipsport extraliga,MHK – TRI,2:3,0,2,2,1,0,29:54,
30.12.2022,33.,Tipsport extraliga,TRI – LIB,6:3,0,0,0,1,2,21:23,
28.12.2022,32.,Tipsport extraliga,KLA – TRI,4:3,0,1,1,-1,0,24:40,
26.12.2022,31.,Tipsport extraliga,TRI – KOM,7:2,0,2,2,0,0,23:26,
22.12.2022,30.,Tipsport extraliga,VIT – TRI,1:2,0,0,0,0,0,23:20,
20.12.2022,29.,Tipsport extraliga,TRI – KVA,4:2,0,0,0,1,0,22:52,
11.12.2022,28.,Tipsport extraliga,PCE – TRI,0:3,0,0,0,2,2,22:50,
9.12.2022,27.,Tipsport extraliga,TRI – CEB,2:3,0,1,1,0,0,21:46,
4.12.2022,26.,Tipsport extraliga,TRI – MBL,3:0,0,0,0,0,0,23:41,
2.12.2022,25.,Tipsport extraliga,OLO – TRI,4:2,0,0,0,1,2,22:20,
29.11.2022,24.,Tipsport extraliga,SPA – TRI,1:0,0,0,0,-1,0,20:01,
27.11.2022,23.,Tipsport extraliga,PLZ – TRI,2:1,0,1,1,0,0,24:48,
25.11.2022,22.,Tipsport extraliga,LIT – TRI,1:2,0,0,0,0,2,24:06,
22.11.2022,12.,Tipsport extraliga,TRI – OLO,2:3,0,0,0,0,0,25:08,
20.11.2022,21.,Tipsport extraliga,TRI – MHK,4:1,0,0,0,0,0,24:06,
18.11.2022,20.,Tipsport extraliga,LIB – TRI,1:4,0,0,0,2,0,24:01,
16.11.2022,37.,Tipsport extraliga,TRI – SPA,2:1,0,0,0,0,0,22:37,
6.11.2022,19.,Tipsport extraliga,TRI – KLA,8:0,0,1,1,2,0,22:43,
2.11.2022,17.,Tipsport extraliga,TRI – VIT,1:2,0,1,1,1,0,21:09,
30.10.2022,16.,Tipsport extraliga,KVA – TRI,2:6,0,0,0,2,0,21:46,
27.10.2022,15.,Tipsport extraliga,TRI – PCE,2:3,1,0,1,1,0,24:14,
23.10.2022,14.,Tipsport extraliga,CEB – TRI,3:2,0,2,2,-1,2,25:03,
21.10.2022,13.,Tipsport extraliga,MBL – TRI,2:3,1,1,2,0,0,24:32,
16.10.2022,11.,Tipsport extraliga,TRI – SPA,4:2,0,0,0,0,0,24:06,
14.10.2022,10.,Tipsport extraliga,TRI – PLZ,3:2,0,2,2,1,0,23:51,
9.10.2022,9.,Tipsport extraliga,TRI – LIT,4:1,0,1,1,0,0,22:39,
2.10.2022,7.,Tipsport extraliga,TRI – LIB,3:4,0,1,1,0,0,26:31,
29.9.2022,6.,Tipsport extraliga,KLA – TRI,1:2,0,0,0,0,2,24:08,
27.9.2022,5.,Tipsport extraliga,KOM – TRI,2:4,0,0,0,2,0,18:57,
25.9.2022,4.,Tipsport extraliga,TRI – VIT,3:5,0,0,0,0,0,16:27,
23.9.2022,3.,Tipsport extraliga,TRI – KVA,1:2,0,0,0,1,0,17:53,
18.9.2022,2.,Tipsport extraliga,PCE – TRI,4:3,0,0,0,-1,0,17:05,
16.9.2022,1.,Tipsport extraliga,TRI – CEB,0:2,0,0,0,-1,0,15:38,
