datum,kolo,soutěž,zápas,skóre,G,A,B,+-,TM,TOI,
20.1.2023,39.,Tipsport extraliga,VIT – LIB,2:0,0,0,0,-1,0,12:49,
29.11.2022,24.,Tipsport extraliga,PCE – LIB,1:3,0,0,0,0,0,01:41,
27.11.2022,23.,Tipsport extraliga,CEB – LIB,4:1,0,0,0,-2,0,17:23,
25.11.2022,22.,Tipsport extraliga,SPA – LIB,3:1,0,0,0,0,0,10:12,
22.11.2022,17.,Tipsport extraliga,KOM – LIB,0:5,0,0,0,1,0,09:36,
20.11.2022,21.,Tipsport extraliga,OLO – LIB,4:1,0,0,0,-1,0,12:35,
18.11.2022,20.,Tipsport extraliga,LIB – TRI,1:4,0,0,0,0,0,13:11,
13.11.2022,,Turnaj pěti v Porubě – 20,CZE – FIN,0:4,0,0,0,-1,0,13:04,
12.11.2022,,Turnaj pěti v Porubě – 20,CZE – FIN,6:3,0,0,0,-1,0,17:08,
10.11.2022,,Turnaj pěti v Porubě – 20,CZE – SWE,3:4,0,0,0,-1,0,14:37,
6.11.2022,19.,Tipsport extraliga,PLZ – LIB,3:4,0,0,0,0,2,14:40,
4.11.2022,18.,Tipsport extraliga,LIB – MBL,6:2,0,0,0,0,0,13:45,
30.10.2022,16.,Tipsport extraliga,LIB – LIT,2:3,0,0,0,-1,0,12:46,
28.10.2022,15.,Tipsport extraliga,KLA – LIB,3:2,0,0,0,0,0,14:34,
23.10.2022,14.,Tipsport extraliga,LIB – MHK,3:6,0,0,0,-2,0,14:03,
21.10.2022,13.,Tipsport extraliga,VIT – LIB,6:3,0,0,0,0,0,11:46,
18.10.2022,12.,Tipsport extraliga,LIB – KVA,3:4,0,1,1,1,0,15:12,
16.10.2022,11.,Tipsport extraliga,PCE – LIB,1:0,0,0,0,0,0,13:28,
7.10.2022,8.,Tipsport extraliga,LIB – OLO,6:2,0,0,0,2,2,15:03,
4.10.2022,10.,Tipsport extraliga,LIB – CEB,6:1,0,0,0,2,0,13:34,
2.10.2022,7.,Tipsport extraliga,TRI – LIB,3:4,0,0,0,0,0,12:58,
29.9.2022,6.,Tipsport extraliga,LIB – PLZ,2:3,0,0,0,-1,0,07:15,
27.9.2022,5.,Tipsport extraliga,MBL – LIB,2:1,0,0,0,0,0,09:53,
25.9.2022,4.,Tipsport extraliga,LIB – KOM,2:3,0,1,1,1,0,10:27,
23.9.2022,3.,Tipsport extraliga,LIT – LIB,2:3,0,0,0,-1,0,10:36,
18.9.2022,2.,Tipsport extraliga,LIB – KLA,4:3,0,0,0,1,2,10:18,
16.9.2022,1.,Tipsport extraliga,MHK – LIB,1:2,0,0,0,-1,0,08:18,
6.8.2022,,Hlinka Gretzky Cup – play off,CZE – FIN,1:3,0,0,0,0,,-,
6.8.2022,,Hlinka Gretzky Cup – play off,CZE – SWE,2:6,0,0,0,0,2,-,
3.8.2022,,Hlinka Gretzky Cup – sk. B,CZE – USA,3:1,1,0,1,0,2,-,
2.8.2022,,Hlinka Gretzky Cup – sk. B,CZE – GER,7:2,0,1,1,0,2,-,
31.7.2022,,Hlinka Gretzky Cup – sk. B,CZE – FIN,4:3,0,0,0,0,2,-,
29.7.2022,,Reprezentace 18 – příp.,CZE – SWE,4:2,0,1,1,0,2,-,
24.7.2022,,Reprezentace 18 – příp.,SUI – CZE,2:3,0,0,0,0,2,-,
22.7.2022,,Reprezentace 18 – příp.,SUI – CZE,0:3,0,0,0,0,,-,
