datum,kolo,soutěž,zápas,skóre,G,A,B,+-,TM,TOI,
26.2.2023,50.,Tipsport extraliga,KOM – OLO,1:0,0,0,0,-1,0,06:32,
24.2.2023,49.,Tipsport extraliga,OLO – MHK,0:4,0,0,0,-3,0,17:05,
15.2.2023,46.,Tipsport extraliga,VIT – OLO,3:1,0,0,0,0,0,23:23,
5.2.2023,45.,Tipsport extraliga,OLO – CEB,3:2,0,1,1,0,0,19:06,
3.2.2023,44.,Tipsport extraliga,PCE – OLO,4:1,1,0,1,-1,2,15:50,
29.1.2023,43.,Tipsport extraliga,OLO – KVA,3:4,0,0,0,0,0,22:13,
24.1.2023,41.,Tipsport extraliga,MBL – OLO,4:0,0,0,0,-1,2,17:09,
22.1.2023,40.,Tipsport extraliga,OLO – PLZ,3:2,1,0,1,-2,2,16:31,
20.1.2023,39.,Tipsport extraliga,OLO – LIT,1:8,0,0,0,-3,2,14:56,
17.1.2023,38.,Tipsport extraliga,TRI – OLO,1:3,0,0,0,0,2,17:12,
11.1.2023,37.,Tipsport extraliga,OLO – KOM,1:4,0,0,0,-1,0,19:28,
8.1.2023,36.,Tipsport extraliga,MHK – OLO,5:4,0,0,0,0,2,24:28,
6.1.2023,35.,Tipsport extraliga,OLO – KLA,6:2,0,0,0,0,0,20:11,
3.1.2023,34.,Tipsport extraliga,LIB – OLO,6:1,1,0,1,1,0,17:57,
30.12.2022,33.,Tipsport extraliga,OLO – VIT,2:4,0,0,0,0,0,22:41,
28.12.2022,32.,Tipsport extraliga,CEB – OLO,4:2,1,1,2,0,0,19:30,
26.12.2022,31.,Tipsport extraliga,OLO – PCE,3:2,0,1,1,-1,0,18:26,
22.12.2022,30.,Tipsport extraliga,KVA – OLO,0:3,1,0,1,0,2,17:10,
20.12.2022,29.,Tipsport extraliga,OLO – SPA,0:1,0,0,0,0,0,18:06,
11.12.2022,28.,Tipsport extraliga,OLO – MBL,2:0,0,1,1,0,2,23:50,
9.12.2022,27.,Tipsport extraliga,PLZ – OLO,5:4,1,0,1,-1,2,15:51,
4.12.2022,26.,Tipsport extraliga,LIT – OLO,5:3,0,1,1,1,0,23:10,
2.12.2022,25.,Tipsport extraliga,OLO – TRI,4:2,0,2,2,2,0,20:30,
29.11.2022,24.,Tipsport extraliga,KOM – OLO,1:0,0,0,0,0,2,20:44,
27.11.2022,23.,Tipsport extraliga,OLO – MHK,5:0,1,1,2,1,0,15:12,
25.11.2022,22.,Tipsport extraliga,KLA – OLO,5:2,0,1,1,1,0,17:56,
22.11.2022,12.,Tipsport extraliga,TRI – OLO,2:3,0,0,0,0,2,19:12,
20.11.2022,21.,Tipsport extraliga,OLO – LIB,4:1,0,1,1,1,2,18:56,
18.11.2022,20.,Tipsport extraliga,VIT – OLO,3:0,0,0,0,0,2,14:30,
15.11.2022,4.,Tipsport extraliga,KVA – OLO,3:2,0,1,1,1,0,16:07,
6.11.2022,19.,Tipsport extraliga,OLO – CEB,3:1,1,1,2,1,0,18:49,
3.11.2022,18.,Tipsport extraliga,PCE – OLO,3:0,0,0,0,0,0,19:57,
30.9.2022,6.,Tipsport extraliga,CEB – OLO,1:2,0,0,0,0,2,19:27,
27.9.2022,5.,Tipsport extraliga,OLO – PCE,1:2,0,0,0,0,0,18:25,
22.9.2022,3.,Tipsport extraliga,OLO – SPA,4:0,0,0,0,0,0,15:06,
18.9.2022,2.,Tipsport extraliga,OLO – MBL,2:1,0,0,0,0,2,17:47,
16.9.2022,1.,Tipsport extraliga,PLZ – OLO,1:2,0,0,0,0,0,17:48,
