datum,kolo,soutěž,zápas,skóre,G,A,B,+-,TM,TOI,
26.2.2023,50.,Tipsport extraliga,MHK – MBL,3:2,0,0,0,0,0,09:48,
24.2.2023,49.,Tipsport extraliga,MBL – LIT,1:2,0,0,0,0,0,19:49,
19.2.2023,48.,Tipsport extraliga,KOM – MBL,1:4,1,0,1,1,0,18:24,
17.2.2023,47.,Tipsport extraliga,MBL – KVA,0:2,0,0,0,0,2,17:37,
15.2.2023,46.,Tipsport extraliga,KLA – MBL,2:1,0,0,0,1,0,11:53,
5.2.2023,45.,Tipsport extraliga,MBL – VIT,2:3,0,1,1,0,2,11:14,
3.2.2023,44.,Tipsport extraliga,LIB – MBL,4:3,0,0,0,1,0,16:56,
29.1.2023,43.,Tipsport extraliga,MBL – PCE,3:5,1,0,1,1,0,14:56,
27.1.2023,42.,Tipsport extraliga,CEB – MBL,5:4,0,2,2,1,0,15:30,
24.1.2023,41.,Tipsport extraliga,MBL – OLO,4:0,0,0,0,0,0,15:22,
22.1.2023,40.,Tipsport extraliga,SPA – MBL,4:1,0,0,0,0,0,18:23,
20.1.2023,39.,Tipsport extraliga,MBL – TRI,1:0,0,0,0,0,0,16:54,
17.1.2023,19.,Tipsport extraliga,MBL – VIT,3:2,0,0,0,0,0,16:40,
15.1.2023,38.,Tipsport extraliga,PLZ – MBL,3:2,0,1,1,-1,0,19:20,
13.1.2023,37.,Tipsport extraliga,MBL – MHK,3:2,0,0,0,0,0,18:52,
8.1.2023,36.,Tipsport extraliga,LIT – MBL,4:3,0,0,0,1,2,18:27,
6.1.2023,35.,Tipsport extraliga,MBL – KOM,7:3,0,0,0,1,0,16:55,
3.1.2023,34.,Tipsport extraliga,KVA – MBL,4:1,0,0,0,-1,0,15:14,
30.12.2022,33.,Tipsport extraliga,MBL – KLA,1:2,0,1,1,0,2,14:45,
28.12.2022,32.,Tipsport extraliga,VIT – MBL,5:2,1,0,1,-1,0,18:59,
26.12.2022,31.,Tipsport extraliga,MBL – LIB,3:7,0,0,0,-2,2,16:17,
22.12.2022,30.,Tipsport extraliga,PCE – MBL,2:1,0,0,0,-1,0,22:14,
20.12.2022,29.,Tipsport extraliga,MBL – CEB,2:1,0,0,0,1,0,23:09,
11.12.2022,28.,Tipsport extraliga,OLO – MBL,2:0,0,0,0,0,0,15:04,
9.12.2022,27.,Tipsport extraliga,MBL – SPA,1:2,0,0,0,-1,0,12:09,
4.12.2022,26.,Tipsport extraliga,TRI – MBL,3:0,0,0,0,-1,0,17:41,
1.12.2022,25.,Tipsport extraliga,MBL – PLZ,0:1,0,0,0,0,0,19:27,
29.11.2022,24.,Tipsport extraliga,MHK – MBL,0:2,1,0,1,1,0,18:08,
27.11.2022,23.,Tipsport extraliga,MBL – LIT,6:4,0,1,1,-2,0,16:49,
25.11.2022,22.,Tipsport extraliga,KOM – MBL,1:3,0,0,0,1,0,13:26,
20.11.2022,21.,Tipsport extraliga,KVA – MBL,4:3,0,0,0,-1,0,15:50,
18.11.2022,20.,Tipsport extraliga,KLA – MBL,1:2,0,0,0,-1,0,19:14,
4.11.2022,18.,Tipsport extraliga,LIB – MBL,6:2,0,0,0,0,4,20:05,
1.11.2022,17.,Tipsport extraliga,MBL – PCE,0:1,0,0,0,0,0,22:03,
30.10.2022,16.,Tipsport extraliga,CEB – MBL,3:0,0,0,0,-1,0,17:02,
28.10.2022,15.,Tipsport extraliga,MBL – OLO,2:3,0,1,1,0,0,17:28,
23.10.2022,14.,Tipsport extraliga,SPA – MBL,3:2,0,1,1,-1,0,18:51,
21.10.2022,13.,Tipsport extraliga,MBL – TRI,2:3,1,0,1,0,0,18:15,
18.10.2022,12.,Tipsport extraliga,PLZ – MBL,1:2,0,0,0,0,0,17:50,
16.10.2022,11.,Tipsport extraliga,MBL – MHK,0:2,0,0,0,0,0,18:29,
14.10.2022,10.,Tipsport extraliga,LIT – MBL,3:4,1,0,1,0,7,14:33,
9.10.2022,9.,Tipsport extraliga,MBL – KOM,3:2,0,0,0,-1,0,15:30,
6.10.2022,8.,Tipsport extraliga,MBL – KVA,0:1,0,0,0,0,0,15:45,
2.10.2022,7.,Tipsport extraliga,MBL – KLA,4:0,1,2,3,3,0,16:14,
29.9.2022,6.,Tipsport extraliga,VIT – MBL,4:0,0,0,0,-1,2,10:59,
27.9.2022,5.,Tipsport extraliga,MBL – LIB,2:1,0,0,0,0,0,14:42,
25.9.2022,4.,Tipsport extraliga,PCE – MBL,2:3,0,0,0,-1,0,15:43,
23.9.2022,3.,Tipsport extraliga,MBL – CEB,5:1,1,0,1,0,0,19:47,
18.9.2022,2.,Tipsport extraliga,OLO – MBL,2:1,1,0,1,-1,0,18:39,
16.9.2022,1.,Tipsport extraliga,MBL – SPA,4:2,1,0,1,1,0,18:22,
