datum,kolo,soutěž,zápas,skóre,G,A,B,+-,TM,TOI,
26.2.2023,50.,Tipsport extraliga,SPA – TRI,3:1,0,0,0,0,0,09:51,
24.2.2023,49.,Tipsport extraliga,KLA – SPA,3:4,0,0,0,1,0,13:51,
19.2.2023,48.,Tipsport extraliga,LIB – SPA,2:1,0,0,0,-1,2,12:21,
17.2.2023,47.,Tipsport extraliga,CEB – SPA,3:4,0,0,0,0,0,14:58,
15.2.2023,46.,Tipsport extraliga,KVA – SPA,3:6,2,1,3,3,0,16:49,
5.2.2023,45.,Tipsport extraliga,SPA – PCE,4:2,1,0,1,0,0,18:09,
3.2.2023,44.,Tipsport extraliga,VIT – SPA,3:4,1,0,1,1,2,16:56,
31.1.2023,33.,Tipsport extraliga,SPA – KVA,6:3,1,1,2,1,0,16:20,
29.1.2023,43.,Tipsport extraliga,PLZ – SPA,4:3,0,1,1,1,0,16:00,
25.1.2023,41.,Tipsport extraliga,SPA – LIT,3:2,0,0,0,0,0,17:53,
22.1.2023,40.,Tipsport extraliga,SPA – MBL,4:1,0,0,0,-1,0,15:33,
20.1.2023,39.,Tipsport extraliga,SPA – KOM,5:3,1,1,2,2,0,15:56,
17.1.2023,21.,Tipsport extraliga,SPA – CEB,5:0,1,1,2,3,0,14:19,
15.1.2023,38.,Tipsport extraliga,MHK – SPA,3:4,0,0,0,0,0,14:53,
10.1.2023,32.,Tipsport extraliga,PCE – SPA,0:3,0,0,0,0,0,19:16,
8.1.2023,36.,Tipsport extraliga,SPA – KLA,4:0,0,0,0,1,0,16:08,
6.1.2023,35.,Tipsport extraliga,SPA – LIB,2:5,0,0,0,0,2,16:14,
3.1.2023,34.,Tipsport extraliga,SPA – CEB,5:3,1,0,1,1,0,15:16,
22.12.2022,30.,Tipsport extraliga,SPA – PLZ,3:0,0,0,0,1,0,16:27,
20.12.2022,29.,Tipsport extraliga,OLO – SPA,0:1,0,0,0,0,0,15:24,
11.12.2022,28.,Tipsport extraliga,LIT – SPA,5:2,0,0,0,0,25,11:29,
9.12.2022,27.,Tipsport extraliga,MBL – SPA,1:2,0,1,1,1,0,18:58,
6.12.2022,9.,Tipsport extraliga,LIB – SPA,0:1,0,1,1,1,2,14:34,
4.12.2022,26.,Tipsport extraliga,KOM – SPA,2:6,0,1,1,1,4,16:59,
2.12.2022,25.,Tipsport extraliga,SPA – MHK,2:1,0,0,0,0,0,16:23,
29.11.2022,24.,Tipsport extraliga,SPA – TRI,1:0,0,0,0,0,0,15:41,
27.11.2022,23.,Tipsport extraliga,SPA – KLA,5:1,0,0,0,0,2,16:19,
25.11.2022,22.,Tipsport extraliga,SPA – LIB,3:1,0,0,0,0,0,15:58,
18.11.2022,20.,Tipsport extraliga,KVA – SPA,1:5,0,0,0,1,0,14:48,
16.11.2022,37.,Tipsport extraliga,TRI – SPA,2:1,0,0,0,0,0,14:02,
6.11.2022,19.,Tipsport extraliga,SPA – PCE,2:3,0,0,0,-1,0,15:55,
4.11.2022,18.,Tipsport extraliga,VIT – SPA,3:2,1,0,1,1,0,17:46,
2.11.2022,17.,Tipsport extraliga,PLZ – SPA,4:0,0,0,0,0,0,15:32,
30.10.2022,16.,Tipsport extraliga,SPA – OLO,2:5,0,0,0,0,0,14:03,
7.10.2022,8.,Tipsport extraliga,CEB – SPA,2:3,0,0,0,0,2,09:50,
