datum,kolo,soutěž,zápas,skóre,G,A,B,+-,TM,TOI,
26.2.2023,50.,Tipsport extraliga,KOM – OLO,1:0,0,0,0,0,0,06:23,
24.2.2023,49.,Tipsport extraliga,OLO – MHK,0:4,0,0,0,-3,0,14:38,
19.2.2023,48.,Tipsport extraliga,KLA – OLO,4:5,0,1,1,1,0,20:39,
17.2.2023,47.,Tipsport extraliga,OLO – LIB,2:3,0,0,0,1,2,19:31,
15.2.2023,46.,Tipsport extraliga,VIT – OLO,3:1,0,1,1,0,0,14:23,
11.2.2023,,Beijer Hockey Games 2023,FIN – CZE,6:1,0,0,0,-2,0,-,
5.2.2023,45.,Tipsport extraliga,OLO – CEB,3:2,1,0,1,-1,0,16:46,
3.2.2023,44.,Tipsport extraliga,PCE – OLO,4:1,0,0,0,-1,0,12:53,
29.1.2023,43.,Tipsport extraliga,OLO – KVA,3:4,0,0,0,0,0,17:50,
24.1.2023,41.,Tipsport extraliga,MBL – OLO,4:0,0,0,0,-1,0,16:14,
22.1.2023,40.,Tipsport extraliga,OLO – PLZ,3:2,0,0,0,-2,2,14:10,
20.1.2023,39.,Tipsport extraliga,OLO – LIT,1:8,0,0,0,-3,0,14:30,
17.1.2023,38.,Tipsport extraliga,TRI – OLO,1:3,0,0,0,1,0,16:57,
11.1.2023,37.,Tipsport extraliga,OLO – KOM,1:4,0,0,0,-1,0,15:07,
8.1.2023,36.,Tipsport extraliga,MHK – OLO,5:4,0,0,0,0,0,21:01,
6.1.2023,35.,Tipsport extraliga,OLO – KLA,6:2,1,0,1,0,2,17:53,
3.1.2023,34.,Tipsport extraliga,LIB – OLO,6:1,0,1,1,1,2,16:56,
30.12.2022,33.,Tipsport extraliga,OLO – VIT,2:4,0,0,0,0,2,21:26,
28.12.2022,32.,Tipsport extraliga,CEB – OLO,4:2,0,0,0,0,0,16:44,
26.12.2022,31.,Tipsport extraliga,OLO – PCE,3:2,0,0,0,-1,0,16:50,
22.12.2022,30.,Tipsport extraliga,KVA – OLO,0:3,0,0,0,0,0,14:32,
20.12.2022,29.,Tipsport extraliga,OLO – SPA,0:1,0,0,0,0,0,16:56,
11.12.2022,28.,Tipsport extraliga,OLO – MBL,2:0,0,0,0,0,0,17:05,
9.12.2022,27.,Tipsport extraliga,PLZ – OLO,5:4,0,1,1,-1,0,17:48,
4.12.2022,26.,Tipsport extraliga,LIT – OLO,5:3,1,0,1,-1,0,21:23,
2.12.2022,25.,Tipsport extraliga,OLO – TRI,4:2,0,0,0,0,0,16:03,
29.11.2022,24.,Tipsport extraliga,KOM – OLO,1:0,0,0,0,0,0,22:09,
27.11.2022,23.,Tipsport extraliga,OLO – MHK,5:0,0,0,0,1,5,15:18,
25.11.2022,22.,Tipsport extraliga,KLA – OLO,5:2,0,0,0,0,0,17:07,
22.11.2022,12.,Tipsport extraliga,TRI – OLO,2:3,0,0,0,-1,0,20:19,
20.11.2022,21.,Tipsport extraliga,OLO – LIB,4:1,0,1,1,1,0,16:41,
18.11.2022,20.,Tipsport extraliga,VIT – OLO,3:0,0,0,0,0,0,14:28,
15.11.2022,4.,Tipsport extraliga,KVA – OLO,3:2,1,0,1,1,0,16:09,
6.11.2022,19.,Tipsport extraliga,OLO – CEB,3:1,1,1,2,2,0,18:09,
3.11.2022,18.,Tipsport extraliga,PCE – OLO,3:0,0,0,0,0,2,16:24,
1.11.2022,17.,Tipsport extraliga,OLO – KVA,2:0,0,0,0,0,0,13:11,
30.10.2022,16.,Tipsport extraliga,SPA – OLO,2:5,1,0,1,2,0,11:38,
28.10.2022,15.,Tipsport extraliga,MBL – OLO,2:3,0,0,0,1,0,15:03,
23.10.2022,14.,Tipsport extraliga,OLO – PLZ,1:4,0,0,0,0,0,12:49,
9.10.2022,9.,Tipsport extraliga,OLO – KLA,3:0,0,1,1,0,0,04:40,
7.10.2022,8.,Tipsport extraliga,LIB – OLO,6:2,1,1,2,1,0,18:45,
2.10.2022,7.,Tipsport extraliga,OLO – VIT,5:4,1,0,1,1,0,19:45,
30.9.2022,6.,Tipsport extraliga,CEB – OLO,1:2,0,0,0,0,0,14:18,
27.9.2022,5.,Tipsport extraliga,OLO – PCE,1:2,0,0,0,0,0,17:07,
22.9.2022,3.,Tipsport extraliga,OLO – SPA,4:0,0,1,1,1,0,14:31,
18.9.2022,2.,Tipsport extraliga,OLO – MBL,2:1,0,0,0,0,0,16:14,
16.9.2022,1.,Tipsport extraliga,PLZ – OLO,1:2,0,0,0,0,0,15:00,
