datum,kolo,soutěž,zápas,skóre,G,A,B,+-,TM,TOI,
24.2.2023,49.,Tipsport extraliga,PCE – KOM,1:3,0,0,0,-2,2,19:43,
19.2.2023,48.,Tipsport extraliga,KVA – PCE,0:5,0,2,2,1,0,21:40,
17.2.2023,47.,Tipsport extraliga,PCE – VIT,1:4,0,0,0,-2,2,24:21,
15.2.2023,46.,Tipsport extraliga,CEB – PCE,3:7,0,1,1,0,2,20:09,
5.2.2023,45.,Tipsport extraliga,SPA – PCE,4:2,1,0,1,0,2,20:16,
3.2.2023,44.,Tipsport extraliga,PCE – OLO,4:1,0,3,3,1,0,20:52,
29.1.2023,43.,Tipsport extraliga,MBL – PCE,3:5,0,1,1,0,6,15:31,
26.1.2023,42.,Tipsport extraliga,PCE – PLZ,4:3,1,0,1,0,0,18:57,
3.1.2023,34.,Tipsport extraliga,VIT – PCE,2:3,0,1,1,2,2,21:40,
30.12.2022,33.,Tipsport extraliga,PCE – CEB,4:1,0,0,0,-1,0,19:47,
26.12.2022,31.,Tipsport extraliga,OLO – PCE,3:2,0,0,0,0,0,21:51,
22.12.2022,30.,Tipsport extraliga,PCE – MBL,2:1,0,0,0,1,0,26:16,
20.12.2022,29.,Tipsport extraliga,PLZ – PCE,0:2,0,0,0,0,0,20:00,
18.12.2022,,Swiss Ice Hockey Games 2022,CZE – SWE,0:4,0,0,0,0,2,-,
17.12.2022,,Swiss Ice Hockey Games 2022,SUI – CZE,1:2,1,0,1,1,0,-,
15.12.2022,,Swiss Ice Hockey Games 2022,FIN – CZE,2:3,0,1,1,1,0,-,
11.12.2022,28.,Tipsport extraliga,PCE – TRI,0:3,0,0,0,-2,0,23:24,
4.12.2022,26.,Tipsport extraliga,MHK – PCE,4:0,0,0,0,0,0,13:15,
29.11.2022,24.,Tipsport extraliga,PCE – LIB,1:3,0,0,0,-2,0,20:37,
27.11.2022,23.,Tipsport extraliga,PCE – KOM,4:3,0,0,0,-2,0,24:27,
25.11.2022,22.,Tipsport extraliga,KVA – PCE,1:3,1,0,1,1,0,21:00,
22.11.2022,21.,Tipsport extraliga,VIT – PCE,4:5,0,1,1,1,0,22:27,
17.11.2022,20.,Tipsport extraliga,CEB – PCE,2:4,0,2,2,2,4,24:53,
13.11.2022,,Karjala Cup 2022,CZE – SUI,2:3,0,1,1,0,0,-,
12.11.2022,,Karjala Cup 2022,FIN – CZE,2:5,0,1,1,1,0,-,
10.11.2022,,Karjala Cup 2022,CZE – SWE,1:4,0,0,0,1,0,16:55,
6.11.2022,19.,Tipsport extraliga,SPA – PCE,2:3,1,2,3,2,2,21:15,
3.11.2022,18.,Tipsport extraliga,PCE – OLO,3:0,0,0,0,1,2,23:01,
1.11.2022,17.,Tipsport extraliga,MBL – PCE,0:1,0,0,0,1,2,21:59,
30.10.2022,16.,Tipsport extraliga,PCE – PLZ,7:2,0,0,0,1,0,23:11,
27.10.2022,15.,Tipsport extraliga,TRI – PCE,2:3,0,1,1,0,2,18:52,
23.10.2022,14.,Tipsport extraliga,PCE – KLA,6:2,1,1,2,1,0,23:21,
21.10.2022,13.,Tipsport extraliga,PCE – MHK,5:2,1,1,2,2,2,17:49,
18.10.2022,12.,Tipsport extraliga,LIT – PCE,0:1,0,0,0,0,2,20:07,
16.10.2022,11.,Tipsport extraliga,PCE – LIB,1:0,0,0,0,0,2,20:09,
13.10.2022,10.,Tipsport extraliga,KOM – PCE,4:3,0,1,1,0,0,19:54,
9.10.2022,9.,Tipsport extraliga,PCE – KVA,2:4,0,0,0,0,0,23:27,
6.10.2022,8.,Tipsport extraliga,PCE – VIT,2:1,0,0,0,1,0,19:13,
2.10.2022,7.,Tipsport extraliga,PCE – CEB,6:1,0,1,1,3,0,19:35,
30.9.2022,6.,Tipsport extraliga,PCE – SPA,2:3,0,0,0,2,0,23:21,
27.9.2022,5.,Tipsport extraliga,OLO – PCE,1:2,1,0,1,0,0,18:47,
25.9.2022,4.,Tipsport extraliga,PCE – MBL,2:3,0,0,0,-1,0,22:50,
23.9.2022,3.,Tipsport extraliga,PLZ – PCE,1:4,0,0,0,1,0,22:14,
18.9.2022,2.,Tipsport extraliga,PCE – TRI,4:3,0,2,2,1,0,22:16,
16.9.2022,1.,Tipsport extraliga,KLA – PCE,4:5,0,2,2,0,2,20:14,
