datum,kolo,soutěž,zápas,skóre,G,A,B,+-,TM,TOI,
26.2.2023,50.,Tipsport extraliga,KOM – OLO,1:0,0,0,0,1,0,06:52,
24.2.2023,49.,Tipsport extraliga,PCE – KOM,1:3,0,0,0,1,2,19:17,
19.2.2023,48.,Tipsport extraliga,KOM – MBL,1:4,0,0,0,-1,0,20:14,
17.2.2023,47.,Tipsport extraliga,LIT – KOM,3:2,0,1,1,1,0,21:31,
15.2.2023,46.,Tipsport extraliga,KOM – PLZ,3:0,0,1,1,1,0,15:52,
5.2.2023,45.,Tipsport extraliga,MHK – KOM,1:0,0,0,0,0,0,19:19,
3.2.2023,44.,Tipsport extraliga,KOM – TRI,5:1,0,0,0,0,0,18:28,
29.1.2023,43.,Tipsport extraliga,KOM – LIB,3:0,0,0,0,0,0,23:05,
27.1.2023,42.,Tipsport extraliga,KLA – KOM,0:3,1,0,1,1,0,28:40,
24.1.2023,41.,Tipsport extraliga,KOM – CEB,5:2,0,1,1,1,0,20:27,
22.1.2023,40.,Tipsport extraliga,KVA – KOM,5:4,0,0,0,0,0,19:08,
20.1.2023,39.,Tipsport extraliga,SPA – KOM,5:3,0,0,0,-1,0,19:14,
15.1.2023,38.,Tipsport extraliga,KOM – VIT,2:5,0,0,0,0,0,23:29,
13.1.2023,18.,Tipsport extraliga,TRI – KOM,6:1,0,1,1,-1,0,19:32,
11.1.2023,37.,Tipsport extraliga,OLO – KOM,1:4,0,0,0,0,2,20:20,
8.1.2023,36.,Tipsport extraliga,KOM – PCE,1:4,0,0,0,-2,0,18:32,
6.1.2023,35.,Tipsport extraliga,MBL – KOM,7:3,0,0,0,-3,0,16:06,
3.1.2023,34.,Tipsport extraliga,KOM – LIT,3:1,0,0,0,1,0,21:38,
30.12.2022,33.,Tipsport extraliga,PLZ – KOM,5:2,0,0,0,-1,0,21:24,
28.12.2022,32.,Tipsport extraliga,KOM – MHK,2:3,0,0,0,2,4,19:26,
26.12.2022,31.,Tipsport extraliga,TRI – KOM,7:2,0,0,0,0,0,17:17,
22.12.2022,30.,Tipsport extraliga,LIB – KOM,2:1,1,0,1,0,2,17:47,
20.12.2022,29.,Tipsport extraliga,KOM – KLA,3:2,0,0,0,0,0,19:18,
11.12.2022,28.,Tipsport extraliga,CEB – KOM,3:1,0,0,0,0,2,19:54,
9.12.2022,27.,Tipsport extraliga,KOM – KVA,2:3,0,0,0,0,2,19:57,
4.12.2022,26.,Tipsport extraliga,KOM – SPA,2:6,0,0,0,-4,0,19:02,
2.12.2022,25.,Tipsport extraliga,VIT – KOM,4:1,0,0,0,0,0,20:31,
29.11.2022,24.,Tipsport extraliga,KOM – OLO,1:0,0,0,0,0,2,24:05,
27.11.2022,23.,Tipsport extraliga,PCE – KOM,4:3,0,0,0,-1,0,26:01,
25.11.2022,22.,Tipsport extraliga,KOM – MBL,1:3,0,0,0,0,0,25:30,
22.11.2022,17.,Tipsport extraliga,KOM – LIB,0:5,0,0,0,-2,0,20:08,
20.11.2022,21.,Tipsport extraliga,LIT – KOM,5:1,0,0,0,-2,0,20:24,
18.11.2022,20.,Tipsport extraliga,KOM – PLZ,3:1,0,1,1,1,0,17:03,
13.11.2022,,Karjala Cup 2022,CZE – SUI,2:3,0,0,0,-1,0,-,
10.11.2022,,Karjala Cup 2022,CZE – SWE,1:4,0,0,0,0,2,12:35,
6.11.2022,19.,Tipsport extraliga,MHK – KOM,5:1,0,0,0,-2,0,18:54,
30.10.2022,16.,Tipsport extraliga,KLA – KOM,3:5,0,0,0,0,0,18:47,
28.10.2022,15.,Tipsport extraliga,KOM – CEB,3:0,0,0,0,1,0,20:26,
23.10.2022,14.,Tipsport extraliga,KVA – KOM,2:3,0,0,0,0,2,21:31,
21.10.2022,13.,Tipsport extraliga,SPA – KOM,2:3,0,0,0,1,0,19:40,
18.10.2022,12.,Tipsport extraliga,KOM – VIT,2:1,0,1,1,1,0,18:04,
16.10.2022,11.,Tipsport extraliga,OLO – KOM,2:3,0,0,0,0,2,20:21,
13.10.2022,10.,Tipsport extraliga,KOM – PCE,4:3,0,0,0,0,0,20:30,
9.10.2022,9.,Tipsport extraliga,MBL – KOM,3:2,0,0,0,0,0,20:54,
7.10.2022,8.,Tipsport extraliga,KOM – LIT,5:4,0,0,0,1,0,25:43,
2.10.2022,7.,Tipsport extraliga,PLZ – KOM,3:4,0,0,0,1,0,22:50,
30.9.2022,6.,Tipsport extraliga,KOM – MHK,4:0,0,1,1,1,0,21:05,
27.9.2022,5.,Tipsport extraliga,KOM – TRI,2:4,0,1,1,-2,2,20:53,
25.9.2022,4.,Tipsport extraliga,LIB – KOM,2:3,0,1,1,-1,2,25:58,
23.9.2022,3.,Tipsport extraliga,KOM – KLA,1:3,0,0,0,-1,0,24:46,
18.9.2022,2.,Tipsport extraliga,CEB – KOM,6:2,0,0,0,-2,0,21:06,
15.9.2022,1.,Tipsport extraliga,KOM – KVA,6:1,0,0,0,-1,2,24:41,
