datum,kolo,soutěž,zápas,skóre,G,A,B,+-,TM,TOI,
25.2.2023,50.,CHANCE LIGA,POR – FRM,4:2,1,1,2,2,0,19:13,
22.2.2023,49.,CHANCE LIGA,PCE – POR,5:4,0,0,0,0,0,19:45,
18.2.2023,48.,CHANCE LIGA,POR – KOL,5:2,0,1,1,0,2,18:09,
15.2.2023,47.,CHANCE LIGA,TRE – POR,5:3,0,1,1,-1,0,12:53,
13.2.2023,46.,CHANCE LIGA,POR – SLA,5:4,1,2,3,2,0,16:05,
10.2.2023,4.,CHANCE LIGA,POR – PRE,2:1,0,0,0,0,0,18:19,
4.2.2023,45.,CHANCE LIGA,SOK – POR,6:7,0,0,0,-1,25,06:32,
1.2.2023,44.,CHANCE LIGA,POR – LTM,1:3,0,0,0,-1,0,18:54,
29.1.2023,43.,Tipsport extraliga,KOM – LIB,3:0,0,0,0,0,4,11:09,
22.1.2023,40.,Tipsport extraliga,KVA – KOM,5:4,0,0,0,0,25,04:08,
20.1.2023,39.,Tipsport extraliga,SPA – KOM,5:3,0,0,0,-1,0,09:28,
8.1.2023,36.,Tipsport extraliga,KOM – PCE,1:4,0,0,0,-1,0,13:59,
6.1.2023,35.,Tipsport extraliga,MBL – KOM,7:3,0,0,0,-1,2,11:21,
3.1.2023,34.,Tipsport extraliga,KOM – LIT,3:1,0,0,0,-1,0,10:10,
30.12.2022,33.,Tipsport extraliga,PLZ – KOM,5:2,0,0,0,-1,0,12:31,
28.12.2022,32.,Tipsport extraliga,KOM – MHK,2:3,0,0,0,0,0,13:31,
26.12.2022,31.,Tipsport extraliga,TRI – KOM,7:2,0,0,0,0,0,14:19,
22.12.2022,30.,Tipsport extraliga,LIB – KOM,2:1,0,0,0,-1,2,11:01,
20.12.2022,29.,Tipsport extraliga,KOM – KLA,3:2,0,0,0,0,0,14:20,
11.12.2022,28.,Tipsport extraliga,CEB – KOM,3:1,0,0,0,0,0,07:05,
9.12.2022,27.,Tipsport extraliga,KOM – KVA,2:3,0,0,0,-1,0,07:24,
4.12.2022,26.,Tipsport extraliga,KOM – SPA,2:6,0,0,0,0,0,09:28,
2.12.2022,25.,Tipsport extraliga,VIT – KOM,4:1,0,0,0,-1,0,05:49,
25.11.2022,22.,Tipsport extraliga,KOM – MBL,1:3,0,0,0,-1,0,09:16,
18.11.2022,20.,Tipsport extraliga,KOM – PLZ,3:1,0,0,0,0,0,09:58,
6.11.2022,19.,Tipsport extraliga,MHK – KOM,5:1,0,0,0,-1,0,04:37,
30.10.2022,16.,Tipsport extraliga,KLA – KOM,3:5,1,0,1,1,0,08:41,
28.10.2022,15.,Tipsport extraliga,KOM – CEB,3:0,0,0,0,0,0,05:51,
23.10.2022,14.,Tipsport extraliga,KVA – KOM,2:3,0,0,0,0,0,07:35,
21.10.2022,13.,Tipsport extraliga,SPA – KOM,2:3,0,0,0,1,0,04:53,
18.10.2022,12.,Tipsport extraliga,KOM – VIT,2:1,0,0,0,0,0,05:12,
16.10.2022,11.,Tipsport extraliga,OLO – KOM,2:3,0,0,0,0,0,07:21,
13.10.2022,10.,Tipsport extraliga,KOM – PCE,4:3,0,0,0,0,0,07:50,
9.10.2022,9.,Tipsport extraliga,MBL – KOM,3:2,0,0,0,-1,0,09:26,
7.10.2022,8.,Tipsport extraliga,KOM – LIT,5:4,0,0,0,1,0,12:33,
2.10.2022,7.,Tipsport extraliga,PLZ – KOM,3:4,0,0,0,0,0,07:29,
30.9.2022,6.,Tipsport extraliga,KOM – MHK,4:0,0,0,0,0,0,08:24,
27.9.2022,5.,Tipsport extraliga,KOM – TRI,2:4,0,0,0,0,0,07:19,
23.9.2022,3.,Tipsport extraliga,KOM – KLA,1:3,0,0,0,0,0,00:50,
