datum,kolo,soutěž,zápas,skóre,G,A,B,+-,TM,TOI,
24.2.2023,49.,Tipsport extraliga,PCE – KOM,1:3,1,0,1,0,0,11:38,
22.2.2023,49.,CHANCE LIGA,PCE – POR,5:4,2,0,2,-1,0,19:28,
18.2.2023,48.,CHANCE LIGA,PCE – FRM,4:3,0,2,2,0,0,22:20,
15.2.2023,47.,CHANCE LIGA,KOL – PCE,4:2,1,0,1,-1,4,21:20,
13.2.2023,46.,CHANCE LIGA,PCE – PRE,6:4,1,1,2,2,0,16:45,
5.2.2023,45.,Tipsport extraliga,SPA – PCE,4:2,0,0,0,0,0,09:56,
3.2.2023,44.,Tipsport extraliga,PCE – OLO,4:1,0,0,0,0,0,12:58,
1.2.2023,44.,CHANCE LIGA,PCE – SLA,1:0,0,0,0,0,2,22:37,
29.1.2023,43.,Tipsport extraliga,MBL – PCE,3:5,0,0,0,0,0,11:06,
26.1.2023,42.,Tipsport extraliga,PCE – PLZ,4:3,0,1,1,1,0,11:12,
24.1.2023,41.,Tipsport extraliga,TRI – PCE,0:4,0,0,0,0,0,11:36,
22.1.2023,40.,Tipsport extraliga,PCE – KLA,4:2,0,0,0,-1,0,11:31,
20.1.2023,39.,Tipsport extraliga,PCE – MHK,4:1,0,0,0,0,0,07:55,
18.1.2023,39.,CHANCE LIGA,PCE – SUM,5:1,0,1,1,1,0,17:51,
14.1.2023,38.,CHANCE LIGA,JIH – PCE,1:4,0,0,0,1,4,15:05,
