datum,kolo,soutěž,zápas,skóre,G,A,B,+-,TM,TOI,
22.2.2023,49.,Tipsport extraliga,CEB – LIB,3:4,2,0,2,4,2,18:42,
19.2.2023,48.,Tipsport extraliga,LIB – SPA,2:1,0,0,0,0,0,14:20,
17.2.2023,47.,Tipsport extraliga,OLO – LIB,2:3,0,0,0,0,0,16:27,
15.2.2023,46.,Tipsport extraliga,LIB – TRI,3:2,0,0,0,1,0,08:42,
5.2.2023,45.,Tipsport extraliga,PLZ – LIB,2:4,0,0,0,0,2,10:45,
3.2.2023,44.,Tipsport extraliga,LIB – MBL,4:3,0,0,0,1,0,08:56,
29.1.2023,43.,Tipsport extraliga,KOM – LIB,3:0,0,0,0,0,2,12:42,
27.1.2023,42.,Tipsport extraliga,LIB – LIT,5:1,1,0,1,1,0,12:49,
24.1.2023,41.,Tipsport extraliga,KLA – LIB,3:2,0,0,0,-1,0,09:43,
22.1.2023,40.,Tipsport extraliga,LIB – MHK,3:1,0,0,0,1,0,09:40,
20.1.2023,39.,Tipsport extraliga,VIT – LIB,2:0,0,0,0,0,0,12:44,
15.1.2023,38.,Tipsport extraliga,LIB – KVA,3:1,0,0,0,0,0,13:22,
13.1.2023,37.,Tipsport extraliga,LIB – PCE,3:4,0,0,0,0,0,10:10,
10.1.2023,27.,Tipsport extraliga,MHK – LIB,5:4,0,0,0,0,0,16:40,
8.1.2023,36.,Tipsport extraliga,LIB – CEB,2:3,0,0,0,-1,0,09:41,
6.1.2023,35.,Tipsport extraliga,SPA – LIB,2:5,0,0,0,0,0,08:55,
3.1.2023,34.,Tipsport extraliga,LIB – OLO,6:1,0,0,0,0,0,09:58,
20.12.2022,29.,Tipsport extraliga,LIT – LIB,3:2,0,0,0,0,2,02:12,
11.12.2022,28.,Tipsport extraliga,LIB – KLA,7:3,0,1,1,0,0,12:21,
6.12.2022,9.,Tipsport extraliga,LIB – SPA,0:1,0,0,0,0,0,13:32,
4.12.2022,26.,Tipsport extraliga,LIB – VIT,2:3,0,1,1,1,0,10:35,
2.12.2022,25.,Tipsport extraliga,KVA – LIB,0:2,0,0,0,0,0,13:10,
29.11.2022,24.,Tipsport extraliga,PCE – LIB,1:3,0,0,0,1,0,18:35,
27.11.2022,23.,Tipsport extraliga,CEB – LIB,4:1,0,0,0,-2,0,17:47,
25.11.2022,22.,Tipsport extraliga,SPA – LIB,3:1,0,0,0,-1,0,11:45,
22.11.2022,17.,Tipsport extraliga,KOM – LIB,0:5,1,0,1,1,0,10:30,
20.11.2022,21.,Tipsport extraliga,OLO – LIB,4:1,0,0,0,-1,4,12:48,
18.11.2022,20.,Tipsport extraliga,LIB – TRI,1:4,0,0,0,-1,0,13:15,
6.11.2022,19.,Tipsport extraliga,PLZ – LIB,3:4,0,0,0,0,0,11:25,
4.11.2022,18.,Tipsport extraliga,LIB – MBL,6:2,1,0,1,-1,0,13:27,
30.10.2022,16.,Tipsport extraliga,LIB – LIT,2:3,0,0,0,1,0,13:00,
28.10.2022,15.,Tipsport extraliga,KLA – LIB,3:2,0,1,1,1,0,11:29,
23.10.2022,14.,Tipsport extraliga,LIB – MHK,3:6,0,0,0,0,0,11:34,
21.10.2022,13.,Tipsport extraliga,VIT – LIB,6:3,0,0,0,0,0,12:41,
18.10.2022,12.,Tipsport extraliga,LIB – KVA,3:4,0,0,0,-1,0,10:56,
16.10.2022,11.,Tipsport extraliga,PCE – LIB,1:0,0,0,0,0,2,09:54,
7.10.2022,8.,Tipsport extraliga,LIB – OLO,6:2,0,0,0,1,0,11:02,
4.10.2022,10.,Tipsport extraliga,LIB – CEB,6:1,0,0,0,0,2,08:42,
2.10.2022,7.,Tipsport extraliga,TRI – LIB,3:4,0,0,0,0,0,12:43,
29.9.2022,6.,Tipsport extraliga,LIB – PLZ,2:3,0,0,0,-1,0,08:19,
27.9.2022,5.,Tipsport extraliga,MBL – LIB,2:1,0,0,0,0,0,09:48,
25.9.2022,4.,Tipsport extraliga,LIB – KOM,2:3,0,0,0,1,0,12:02,
23.9.2022,3.,Tipsport extraliga,LIT – LIB,2:3,0,0,0,0,0,12:51,
18.9.2022,2.,Tipsport extraliga,LIB – KLA,4:3,0,0,0,0,0,07:50,
16.9.2022,1.,Tipsport extraliga,MHK – LIB,1:2,0,0,0,0,0,10:13,
