datum,kolo,soutěž,zápas,skóre,G,A,B,+-,TM,TOI,
26.2.2023,50.,Tipsport extraliga,KVA – CEB,5:1,1,0,1,0,0,09:59,
24.2.2023,49.,Tipsport extraliga,VIT – KVA,6:1,0,1,1,-3,0,11:09,
19.2.2023,48.,Tipsport extraliga,KVA – PCE,0:5,0,0,0,-1,2,14:47,
17.2.2023,47.,Tipsport extraliga,MBL – KVA,0:2,0,0,0,0,0,16:36,
15.2.2023,46.,Tipsport extraliga,KVA – SPA,3:6,0,2,2,1,0,13:24,
5.2.2023,45.,Tipsport extraliga,LIT – KVA,1:2,1,0,1,0,0,13:20,
3.2.2023,44.,Tipsport extraliga,KVA – PLZ,3:1,0,0,0,0,0,11:05,
31.1.2023,33.,Tipsport extraliga,SPA – KVA,6:3,1,0,1,-1,0,13:40,
29.1.2023,43.,Tipsport extraliga,OLO – KVA,3:4,0,0,0,0,4,14:45,
27.1.2023,42.,Tipsport extraliga,KVA – TRI,4:1,1,1,2,0,0,15:37,
24.1.2023,41.,Tipsport extraliga,MHK – KVA,3:0,0,0,0,-1,0,14:44,
22.1.2023,40.,Tipsport extraliga,KVA – KOM,5:4,0,0,0,0,0,10:46,
20.1.2023,39.,Tipsport extraliga,KVA – KLA,4:2,0,0,0,0,0,09:29,
15.1.2023,38.,Tipsport extraliga,LIB – KVA,3:1,0,0,0,-1,0,17:23,
13.1.2023,37.,Tipsport extraliga,CEB – KVA,2:4,0,0,0,-1,0,12:15,
8.1.2023,36.,Tipsport extraliga,KVA – VIT,1:3,0,0,0,0,0,13:47,
6.1.2023,35.,Tipsport extraliga,PCE – KVA,7:4,2,0,2,2,0,13:49,
3.1.2023,34.,Tipsport extraliga,KVA – MBL,4:1,1,0,1,0,0,12:15,
28.12.2022,32.,Tipsport extraliga,KVA – LIT,3:0,0,0,0,0,0,13:51,
26.12.2022,31.,Tipsport extraliga,PLZ – KVA,1:0,0,0,0,0,2,17:41,
22.12.2022,30.,Tipsport extraliga,KVA – OLO,0:3,0,0,0,0,0,16:08,
20.12.2022,29.,Tipsport extraliga,TRI – KVA,4:2,0,0,0,0,0,12:09,
18.11.2022,20.,Tipsport extraliga,KVA – SPA,1:5,0,0,0,-2,0,13:39,
15.11.2022,4.,Tipsport extraliga,KVA – OLO,3:2,0,0,0,0,0,16:35,
6.11.2022,19.,Tipsport extraliga,LIT – KVA,5:3,0,1,1,0,0,20:05,
4.11.2022,18.,Tipsport extraliga,KVA – PLZ,4:5,0,0,0,0,0,16:02,
1.11.2022,17.,Tipsport extraliga,OLO – KVA,2:0,0,0,0,0,0,17:35,
30.10.2022,16.,Tipsport extraliga,KVA – TRI,2:6,0,0,0,-1,0,12:11,
18.10.2022,12.,Tipsport extraliga,LIB – KVA,3:4,0,0,0,0,0,09:16,
16.10.2022,11.,Tipsport extraliga,KVA – CEB,4:3,1,0,1,1,0,14:57,
14.10.2022,10.,Tipsport extraliga,KVA – VIT,4:5,0,1,1,1,0,12:56,
9.10.2022,9.,Tipsport extraliga,PCE – KVA,2:4,0,1,1,1,0,14:06,
6.10.2022,8.,Tipsport extraliga,MBL – KVA,0:1,0,0,0,0,0,13:19,
4.10.2022,6.,Tipsport extraliga,KVA – LIT,1:4,0,1,1,0,2,15:03,
2.10.2022,7.,Tipsport extraliga,SPA – KVA,4:5,0,1,1,2,0,11:21,
27.9.2022,5.,Tipsport extraliga,PLZ – KVA,6:3,0,0,0,-1,0,18:16,
23.9.2022,3.,Tipsport extraliga,TRI – KVA,1:2,1,0,1,0,0,15:13,
18.9.2022,2.,Tipsport extraliga,KVA – MHK,2:3,0,0,0,0,0,19:18,
15.9.2022,1.,Tipsport extraliga,KOM – KVA,6:1,0,0,0,0,2,11:24,
