datum,kolo,soutěž,zápas,skóre,G,A,B,+-,TM,TOI,
22.2.2023,49.,Tipsport extraliga,CEB – LIB,3:4,0,0,0,0,0,12:27,
19.2.2023,48.,Tipsport extraliga,LIB – SPA,2:1,1,0,1,1,0,11:32,
17.2.2023,47.,Tipsport extraliga,OLO – LIB,2:3,0,0,0,0,0,15:38,
15.2.2023,46.,Tipsport extraliga,LIB – TRI,3:2,0,0,0,0,0,14:26,
5.2.2023,45.,Tipsport extraliga,PLZ – LIB,2:4,1,1,2,0,2,12:49,
3.2.2023,44.,Tipsport extraliga,LIB – MBL,4:3,0,0,0,0,0,16:31,
29.1.2023,43.,Tipsport extraliga,KOM – LIB,3:0,0,0,0,0,0,19:49,
27.1.2023,42.,Tipsport extraliga,LIB – LIT,5:1,0,1,1,1,0,13:21,
24.1.2023,41.,Tipsport extraliga,KLA – LIB,3:2,0,0,0,0,0,15:11,
22.1.2023,40.,Tipsport extraliga,LIB – MHK,3:1,1,0,1,1,0,12:31,
20.1.2023,39.,Tipsport extraliga,VIT – LIB,2:0,0,0,0,0,0,13:26,
15.1.2023,38.,Tipsport extraliga,LIB – KVA,3:1,0,0,0,1,0,16:54,
13.1.2023,37.,Tipsport extraliga,LIB – PCE,3:4,0,0,0,0,0,17:18,
10.1.2023,27.,Tipsport extraliga,MHK – LIB,5:4,0,2,2,2,2,21:05,
8.1.2023,36.,Tipsport extraliga,LIB – CEB,2:3,0,1,1,0,0,15:39,
6.1.2023,35.,Tipsport extraliga,SPA – LIB,2:5,0,1,1,-1,0,16:44,
3.1.2023,34.,Tipsport extraliga,LIB – OLO,6:1,2,1,3,1,0,16:31,
30.12.2022,33.,Tipsport extraliga,TRI – LIB,6:3,0,0,0,-1,0,14:43,
28.12.2022,32.,Tipsport extraliga,LIB – PLZ,2:1,0,0,0,-1,0,16:05,
26.12.2022,31.,Tipsport extraliga,MBL – LIB,3:7,1,0,1,1,4,15:13,
22.12.2022,30.,Tipsport extraliga,LIB – KOM,2:1,0,0,0,0,0,16:26,
20.12.2022,29.,Tipsport extraliga,LIT – LIB,3:2,0,0,0,0,0,18:04,
11.12.2022,28.,Tipsport extraliga,LIB – KLA,7:3,0,1,1,0,0,16:21,
6.12.2022,9.,Tipsport extraliga,LIB – SPA,0:1,0,0,0,0,0,14:59,
4.12.2022,26.,Tipsport extraliga,LIB – VIT,2:3,0,0,0,0,0,16:58,
2.12.2022,25.,Tipsport extraliga,KVA – LIB,0:2,0,1,1,2,0,15:27,
29.11.2022,24.,Tipsport extraliga,PCE – LIB,1:3,0,1,1,-1,0,15:41,
27.11.2022,23.,Tipsport extraliga,CEB – LIB,4:1,0,0,0,-1,2,17:20,
25.11.2022,22.,Tipsport extraliga,SPA – LIB,3:1,0,1,1,1,0,17:18,
22.11.2022,17.,Tipsport extraliga,KOM – LIB,0:5,3,0,3,4,0,16:25,
20.11.2022,21.,Tipsport extraliga,OLO – LIB,4:1,1,0,1,0,0,16:31,
18.11.2022,20.,Tipsport extraliga,LIB – TRI,1:4,1,0,1,0,0,15:31,
6.11.2022,19.,Tipsport extraliga,PLZ – LIB,3:4,2,0,2,0,0,11:19,
4.11.2022,18.,Tipsport extraliga,LIB – MBL,6:2,0,1,1,1,0,10:55,
30.10.2022,16.,Tipsport extraliga,LIB – LIT,2:3,0,0,0,-1,0,09:23,
28.10.2022,15.,Tipsport extraliga,KLA – LIB,3:2,0,0,0,0,2,15:00,
23.10.2022,14.,Tipsport extraliga,LIB – MHK,3:6,0,0,0,-1,0,11:09,
21.10.2022,13.,Tipsport extraliga,VIT – LIB,6:3,1,0,1,0,0,15:48,
18.10.2022,12.,Tipsport extraliga,LIB – KVA,3:4,1,0,1,0,0,16:26,
16.10.2022,11.,Tipsport extraliga,PCE – LIB,1:0,0,0,0,0,0,11:13,
27.9.2022,5.,Tipsport extraliga,MBL – LIB,2:1,0,0,0,0,0,11:39,
25.9.2022,4.,Tipsport extraliga,LIB – KOM,2:3,0,0,0,0,0,15:56,
23.9.2022,3.,Tipsport extraliga,LIT – LIB,2:3,0,0,0,-1,2,12:24,
18.9.2022,2.,Tipsport extraliga,LIB – KLA,4:3,0,0,0,1,2,11:45,
16.9.2022,1.,Tipsport extraliga,MHK – LIB,1:2,0,0,0,-1,0,15:45,
