datum,kolo,soutěž,zápas,skóre,G,A,B,+-,TM,TOI,
26.2.2023,50.,Tipsport extraliga,MHK – MBL,3:2,0,1,1,2,0,10:42,
24.2.2023,49.,Tipsport extraliga,OLO – MHK,0:4,0,2,2,3,0,14:32,
19.2.2023,48.,Tipsport extraliga,MHK – PLZ,2:1,0,1,1,1,0,19:56,
17.2.2023,47.,Tipsport extraliga,TRI – MHK,1:2,0,1,1,1,0,17:34,
15.2.2023,46.,Tipsport extraliga,MHK – LIT,3:0,0,0,0,0,0,18:10,
13.2.2023,8.,Tipsport extraliga,MHK – TRI,4:3,0,1,1,0,0,16:01,
5.2.2023,45.,Tipsport extraliga,MHK – KOM,1:0,0,0,0,0,0,17:57,
2.2.2023,44.,Tipsport extraliga,CEB – MHK,2:3,0,0,0,0,2,18:38,
29.1.2023,43.,Tipsport extraliga,MHK – KLA,4:2,0,0,0,0,0,17:02,
27.1.2023,42.,Tipsport extraliga,VIT – MHK,2:5,1,2,3,3,0,19:07,
24.1.2023,41.,Tipsport extraliga,MHK – KVA,3:0,0,1,1,2,0,21:11,
22.1.2023,40.,Tipsport extraliga,LIB – MHK,3:1,0,0,0,1,0,21:30,
20.1.2023,39.,Tipsport extraliga,PCE – MHK,4:1,0,0,0,0,2,20:39,
15.1.2023,38.,Tipsport extraliga,MHK – SPA,3:4,0,0,0,-2,2,18:04,
13.1.2023,37.,Tipsport extraliga,MBL – MHK,3:2,0,0,0,-1,0,21:04,
10.1.2023,27.,Tipsport extraliga,MHK – LIB,5:4,0,0,0,1,0,19:15,
8.1.2023,36.,Tipsport extraliga,MHK – OLO,5:4,0,0,0,-2,0,17:44,
5.1.2023,35.,Tipsport extraliga,PLZ – MHK,0:4,2,0,2,2,0,16:21,
3.1.2023,34.,Tipsport extraliga,KVA – MBL,4:1,0,0,0,-1,0,14:28,
30.12.2022,33.,Tipsport extraliga,MBL – KLA,1:2,0,0,0,0,0,14:26,
28.12.2022,32.,Tipsport extraliga,VIT – MBL,5:2,0,1,1,0,0,15:58,
26.12.2022,31.,Tipsport extraliga,MBL – LIB,3:7,0,0,0,-1,0,16:10,
22.12.2022,30.,Tipsport extraliga,PCE – MBL,2:1,1,0,1,1,0,22:02,
20.12.2022,29.,Tipsport extraliga,MBL – CEB,2:1,0,0,0,0,0,21:47,
11.12.2022,28.,Tipsport extraliga,OLO – MBL,2:0,0,0,0,0,0,11:52,
18.11.2022,20.,Tipsport extraliga,KLA – MBL,1:2,0,0,0,0,0,12:35,
4.11.2022,18.,Tipsport extraliga,LIB – MBL,6:2,1,0,1,0,4,11:21,
1.11.2022,17.,Tipsport extraliga,MBL – PCE,0:1,0,0,0,-1,0,13:28,
30.10.2022,16.,Tipsport extraliga,CEB – MBL,3:0,0,0,0,0,2,12:12,
28.10.2022,15.,Tipsport extraliga,MBL – OLO,2:3,0,0,0,0,0,14:30,
23.10.2022,14.,Tipsport extraliga,SPA – MBL,3:2,0,0,0,0,0,13:48,
21.10.2022,13.,Tipsport extraliga,MBL – TRI,2:3,0,0,0,0,0,11:32,
18.10.2022,12.,Tipsport extraliga,PLZ – MBL,1:2,0,0,0,-1,0,14:18,
9.10.2022,9.,Tipsport extraliga,MBL – KOM,3:2,0,0,0,-1,0,11:49,
6.10.2022,8.,Tipsport extraliga,MBL – KVA,0:1,0,0,0,0,0,11:23,
2.10.2022,7.,Tipsport extraliga,MBL – KLA,4:0,0,0,0,0,0,15:38,
29.9.2022,6.,Tipsport extraliga,VIT – MBL,4:0,0,0,0,-3,0,15:48,
27.9.2022,5.,Tipsport extraliga,MBL – LIB,2:1,0,0,0,0,0,12:36,
25.9.2022,4.,Tipsport extraliga,PCE – MBL,2:3,0,0,0,-1,0,16:19,
23.9.2022,3.,Tipsport extraliga,MBL – CEB,5:1,0,0,0,0,0,14:16,
18.9.2022,2.,Tipsport extraliga,OLO – MBL,2:1,0,0,0,0,0,13:01,
16.9.2022,1.,Tipsport extraliga,MBL – SPA,4:2,0,0,0,-1,0,14:27,
