datum,kolo,soutěž,zápas,skóre,G,A,B,+-,TM,TOI,
19.2.2023,48.,Tipsport extraliga,MHK – PLZ,2:1,0,0,0,0,2,19:58,
17.2.2023,47.,Tipsport extraliga,PLZ – KLA,0:3,0,0,0,0,0,19:55,
15.2.2023,46.,Tipsport extraliga,KOM – PLZ,3:0,0,0,0,0,0,20:46,
5.2.2023,45.,Tipsport extraliga,PLZ – LIB,2:4,0,0,0,-1,0,19:02,
3.2.2023,44.,Tipsport extraliga,KVA – PLZ,3:1,0,1,1,0,2,17:30,
29.1.2023,43.,Tipsport extraliga,PLZ – SPA,4:3,0,1,1,0,0,20:24,
26.1.2023,42.,Tipsport extraliga,PCE – PLZ,4:3,0,0,0,0,0,18:47,
15.1.2023,38.,Tipsport extraliga,PLZ – MBL,3:2,0,0,0,-1,0,07:51,
13.1.2023,37.,Tipsport extraliga,PLZ – LIT,4:1,0,0,0,1,2,20:04,
10.1.2023,41.,Tipsport extraliga,PLZ – VIT,2:3,0,0,0,-1,0,17:43,
8.1.2023,36.,Tipsport extraliga,TRI – PLZ,6:1,0,1,1,0,2,23:01,
5.1.2023,35.,Tipsport extraliga,PLZ – MHK,0:4,0,0,0,-1,0,19:06,
3.1.2023,34.,Tipsport extraliga,KLA – PLZ,3:4,0,0,0,0,2,18:57,
28.12.2022,32.,Tipsport extraliga,LIB – PLZ,2:1,0,0,0,0,2,22:46,
26.12.2022,31.,Tipsport extraliga,PLZ – KVA,1:0,0,0,0,0,2,18:35,
22.12.2022,30.,Tipsport extraliga,SPA – PLZ,3:0,0,0,0,0,2,19:43,
20.12.2022,29.,Tipsport extraliga,PLZ – PCE,0:2,0,0,0,0,0,18:46,
11.12.2022,28.,Tipsport extraliga,VIT – PLZ,3:2,0,0,0,-1,2,19:42,
9.12.2022,27.,Tipsport extraliga,PLZ – OLO,5:4,0,0,0,1,0,15:23,
4.12.2022,26.,Tipsport extraliga,PLZ – CEB,4:1,0,0,0,1,2,19:16,
1.12.2022,25.,Tipsport extraliga,MBL – PLZ,0:1,0,0,0,0,0,20:22,
29.11.2022,24.,Tipsport extraliga,LIT – PLZ,2:4,0,0,0,1,0,17:21,
27.11.2022,23.,Tipsport extraliga,PLZ – TRI,2:1,0,0,0,0,0,20:28,
25.11.2022,22.,Tipsport extraliga,MHK – PLZ,1:4,0,0,0,-1,0,19:01,
29.9.2022,6.,Tipsport extraliga,LIB – PLZ,2:3,0,0,0,0,0,17:48,
27.9.2022,5.,Tipsport extraliga,PLZ – KVA,6:3,0,0,0,-2,2,19:06,
25.9.2022,4.,Tipsport extraliga,SPA – PLZ,3:2,0,0,0,0,0,19:01,
23.9.2022,3.,Tipsport extraliga,PLZ – PCE,1:4,0,0,0,-2,0,16:57,
18.9.2022,2.,Tipsport extraliga,VIT – PLZ,4:2,0,0,0,-3,0,18:10,
16.9.2022,1.,Tipsport extraliga,PLZ – OLO,1:2,0,0,0,0,0,19:51,
