datum,kolo,soutěž,zápas,skóre,G,A,B,+-,TM,TOI,
26.2.2023,50.,Tipsport extraliga,LIT – PLZ,2:0,0,0,0,0,0,15:06,
24.2.2023,49.,Tipsport extraliga,PLZ – TRI,4:5,0,0,0,0,0,15:05,
19.2.2023,48.,Tipsport extraliga,MHK – PLZ,2:1,0,0,0,0,0,11:21,
17.2.2023,47.,Tipsport extraliga,PLZ – KLA,0:3,0,0,0,0,0,06:42,
15.2.2023,46.,Tipsport extraliga,KOM – PLZ,3:0,0,0,0,0,0,12:38,
5.2.2023,45.,Tipsport extraliga,PLZ – LIB,2:4,0,0,0,-1,0,19:48,
3.2.2023,44.,Tipsport extraliga,KVA – PLZ,3:1,0,0,0,-1,0,19:36,
30.1.2023,43.,CHANCE LIGA,SOK – FRM,2:1,0,0,0,0,0,21:56,
28.1.2023,42.,CHANCE LIGA,FRM – TRE,2:4,0,0,0,-1,0,17:10,
25.1.2023,41.,CHANCE LIGA,JIH – FRM,7:1,0,0,0,0,0,18:56,
22.1.2023,39.,CHANCE LIGA,FRM – LTM,3:1,0,0,0,0,0,19:55,
11.1.2023,37.,CHANCE LIGA,FRM – POR,4:0,0,1,1,1,0,19:12,
6.1.2023,35.,Tipsport extraliga,TRI – LIT,3:2,0,0,0,0,0,14:23,
3.1.2023,34.,Tipsport extraliga,MHK – TRI,2:3,0,0,0,1,0,14:12,
9.12.2022,27.,Tipsport extraliga,TRI – CEB,2:3,0,0,0,-2,0,13:14,
4.12.2022,26.,Tipsport extraliga,TRI – MBL,3:0,0,0,0,0,0,14:09,
2.12.2022,25.,Tipsport extraliga,OLO – TRI,4:2,0,0,0,-1,0,15:27,
29.11.2022,24.,Tipsport extraliga,SPA – TRI,1:0,0,0,0,0,0,13:28,
27.11.2022,23.,Tipsport extraliga,PLZ – TRI,2:1,0,0,0,-1,0,11:59,
25.11.2022,22.,Tipsport extraliga,LIT – TRI,1:2,0,0,0,0,0,13:52,
22.11.2022,12.,Tipsport extraliga,TRI – OLO,2:3,0,0,0,0,0,12:08,
20.11.2022,21.,Tipsport extraliga,TRI – MHK,4:1,0,0,0,1,2,14:41,
18.11.2022,20.,Tipsport extraliga,LIB – TRI,1:4,0,1,1,2,2,17:45,
16.11.2022,37.,Tipsport extraliga,TRI – SPA,2:1,0,0,0,0,0,18:39,
6.11.2022,19.,Tipsport extraliga,TRI – KLA,8:0,0,0,0,0,0,18:40,
2.11.2022,17.,Tipsport extraliga,TRI – VIT,1:2,0,0,0,0,0,14:38,
30.10.2022,16.,Tipsport extraliga,KVA – TRI,2:6,0,1,1,2,0,16:49,
27.10.2022,15.,Tipsport extraliga,TRI – PCE,2:3,0,0,0,-1,0,15:44,
23.10.2022,14.,Tipsport extraliga,CEB – TRI,3:2,0,0,0,-1,2,16:41,
21.10.2022,13.,Tipsport extraliga,MBL – TRI,2:3,0,0,0,0,2,17:58,
16.10.2022,11.,Tipsport extraliga,TRI – SPA,4:2,0,0,0,0,0,12:13,
14.10.2022,10.,Tipsport extraliga,TRI – PLZ,3:2,0,0,0,0,0,13:08,
9.10.2022,9.,Tipsport extraliga,TRI – LIT,4:1,0,1,1,1,0,16:32,
2.10.2022,7.,Tipsport extraliga,TRI – LIB,3:4,0,0,0,0,2,18:06,
29.9.2022,6.,Tipsport extraliga,KLA – TRI,1:2,0,0,0,0,0,10:45,
27.9.2022,5.,Tipsport extraliga,KOM – TRI,2:4,0,0,0,0,0,03:16,
25.9.2022,4.,Tipsport extraliga,TRI – VIT,3:5,0,0,0,0,0,03:13,
21.9.2022,3.,CHANCE LIGA,TRE – FRM,5:4,0,0,0,-1,0,16:24,
16.9.2022,1.,Tipsport extraliga,TRI – CEB,0:2,0,0,0,-1,0,16:39,
14.9.2022,1.,CHANCE LIGA,PRO – FRM,3:2,0,1,1,0,0,18:24,
