datum,kolo,soutěž,zápas,skóre,G,A,B,+-,TM,TOI,
25.2.2023,50.,CHANCE LIGA,POR – FRM,4:2,1,1,2,2,0,15:43,
22.2.2023,49.,CHANCE LIGA,PCE – POR,5:4,1,1,2,1,0,14:00,
18.2.2023,48.,CHANCE LIGA,POR – KOL,5:2,0,1,1,1,0,13:16,
15.2.2023,47.,CHANCE LIGA,TRE – POR,5:3,0,0,0,-1,2,12:32,
13.2.2023,46.,CHANCE LIGA,POR – SLA,5:4,1,0,1,2,0,10:48,
10.2.2023,4.,CHANCE LIGA,POR – PRE,2:1,0,0,0,-1,0,10:17,
4.2.2023,45.,CHANCE LIGA,SOK – POR,6:7,1,1,2,1,0,13:25,
1.2.2023,44.,CHANCE LIGA,POR – LTM,1:3,0,0,0,0,4,14:28,
30.1.2023,43.,CHANCE LIGA,PRE – POR,2:3,0,0,0,0,0,18:07,
28.1.2023,42.,CHANCE LIGA,PRO – POR,4:1,1,0,1,-2,0,18:24,
25.1.2023,41.,CHANCE LIGA,VSE – POR,5:0,0,0,0,-1,0,13:03,
21.1.2023,40.,CHANCE LIGA,POR – JIH,4:0,0,0,0,0,0,12:48,
18.1.2023,39.,CHANCE LIGA,POR – ZLN,0:2,0,0,0,0,0,18:02,
17.1.2023,19.,Tipsport extraliga,MBL – VIT,3:2,0,0,0,-1,0,07:57,
14.1.2023,38.,CHANCE LIGA,SUM – POR,1:6,0,1,1,2,0,11:42,
13.1.2023,37.,Tipsport extraliga,VIT – KLA,0:3,0,0,0,0,0,12:29,
10.1.2023,41.,Tipsport extraliga,PLZ – VIT,2:3,0,0,0,0,0,07:10,
8.1.2023,36.,Tipsport extraliga,KVA – VIT,1:3,0,0,0,-1,0,02:50,
6.1.2023,35.,Tipsport extraliga,CEB – VIT,0:2,0,0,0,0,2,09:59,
3.1.2023,34.,Tipsport extraliga,VIT – PCE,2:3,0,0,0,-1,0,11:55,
30.12.2022,33.,Tipsport extraliga,OLO – VIT,2:4,0,1,1,2,0,10:45,
28.12.2022,32.,Tipsport extraliga,VIT – MBL,5:2,0,0,0,0,0,10:11,
20.12.2022,29.,Tipsport extraliga,MHK – VIT,4:3,0,0,0,-1,0,11:41,
11.12.2022,28.,Tipsport extraliga,VIT – PLZ,3:2,0,0,0,0,0,10:17,
9.12.2022,27.,Tipsport extraliga,LIT – VIT,5:3,0,0,0,-1,0,03:52,
4.12.2022,26.,Tipsport extraliga,LIB – VIT,2:3,0,0,0,0,0,07:05,
2.12.2022,25.,Tipsport extraliga,VIT – KOM,4:1,0,1,1,1,0,14:02,
29.11.2022,24.,Tipsport extraliga,KLA – VIT,2:3,0,0,0,0,2,08:09,
22.11.2022,21.,Tipsport extraliga,VIT – PCE,4:5,0,0,0,0,0,11:29,
18.11.2022,20.,Tipsport extraliga,VIT – OLO,3:0,0,0,0,0,0,17:08,
6.10.2022,8.,Tipsport extraliga,PCE – VIT,2:1,0,0,0,0,0,05:58,
2.10.2022,7.,Tipsport extraliga,OLO – VIT,5:4,0,0,0,-2,0,16:27,
29.9.2022,6.,Tipsport extraliga,VIT – MBL,4:0,0,0,0,0,0,18:39,
27.9.2022,5.,Tipsport extraliga,SPA – VIT,5:3,0,0,0,-2,0,13:15,
25.9.2022,4.,Tipsport extraliga,TRI – VIT,3:5,1,1,2,3,0,15:42,
23.9.2022,3.,Tipsport extraliga,MHK – VIT,3:2,0,0,0,0,2,11:59,
18.9.2022,2.,Tipsport extraliga,VIT – PLZ,4:2,0,0,0,0,0,12:21,
16.9.2022,1.,Tipsport extraliga,LIT – VIT,2:3,0,0,0,0,0,15:27,
