datum,kolo,soutěž,zápas,skóre,G,A,B,+-,TM,TOI,
22.2.2023,49.,CHANCE LIGA,PRE – VSE,0:2,0,0,0,0,25,03:28,
18.2.2023,48.,CHANCE LIGA,ZLN – PRE,2:1,1,0,1,-1,0,15:06,
15.2.2023,47.,CHANCE LIGA,PRE – SUM,8:5,0,2,2,0,0,16:21,
13.2.2023,46.,CHANCE LIGA,PCE – PRE,6:4,0,0,0,0,0,16:53,
10.2.2023,4.,CHANCE LIGA,POR – PRE,2:1,0,0,0,0,0,17:54,
4.2.2023,45.,CHANCE LIGA,PRE – FRM,1:3,0,0,0,0,0,20:04,
1.2.2023,44.,CHANCE LIGA,KOL – PRE,1:3,1,0,1,1,0,11:37,
30.1.2023,43.,CHANCE LIGA,PRE – POR,2:3,1,0,1,0,0,19:26,
28.1.2023,42.,CHANCE LIGA,SLA – PRE,1:3,0,0,0,2,2,15:49,
22.1.2023,40.,Tipsport extraliga,KVA – KOM,5:4,0,0,0,0,0,03:22,
20.1.2023,39.,Tipsport extraliga,SPA – KOM,5:3,0,0,0,-1,0,08:29,
13.1.2023,18.,Tipsport extraliga,TRI – KOM,6:1,1,0,1,0,0,06:14,
11.1.2023,37.,Tipsport extraliga,OLO – KOM,1:4,0,0,0,0,0,14:11,
8.1.2023,36.,Tipsport extraliga,KOM – PCE,1:4,0,0,0,-1,0,12:45,
30.12.2022,33.,Tipsport extraliga,PLZ – KOM,5:2,0,0,0,-1,0,12:33,
28.12.2022,32.,Tipsport extraliga,KOM – MHK,2:3,0,0,0,-2,0,09:54,
26.12.2022,31.,Tipsport extraliga,TRI – KOM,7:2,1,0,1,1,0,11:26,
22.12.2022,30.,Tipsport extraliga,LIB – KOM,2:1,0,0,0,0,0,11:09,
20.12.2022,29.,Tipsport extraliga,KOM – KLA,3:2,0,0,0,0,0,09:18,
11.12.2022,28.,Tipsport extraliga,CEB – KOM,3:1,0,0,0,0,0,07:44,
9.12.2022,27.,Tipsport extraliga,KOM – KVA,2:3,0,0,0,-1,0,08:48,
7.12.2022,28.,CHANCE LIGA,PRE – TRE,0:1,0,0,0,0,0,21:25,
4.12.2022,26.,Tipsport extraliga,KOM – SPA,2:6,0,0,0,0,0,08:44,
2.12.2022,25.,Tipsport extraliga,VIT – KOM,4:1,0,0,0,-1,0,08:10,
29.11.2022,24.,Tipsport extraliga,KOM – OLO,1:0,0,0,0,0,0,08:52,
27.11.2022,23.,Tipsport extraliga,PCE – KOM,4:3,0,0,0,-1,0,06:05,
23.11.2022,23.,CHANCE LIGA,PRE – VSE,1:4,0,0,0,-3,,18:39,
20.11.2022,21.,Tipsport extraliga,LIT – KOM,5:1,1,0,1,1,2,10:40,
16.11.2022,21.,CHANCE LIGA,PRE – SUM,4:3,1,0,1,1,,17:24,
14.11.2022,20.,CHANCE LIGA,PCE – PRE,1:3,0,0,0,2,,14:52,
11.11.2022,22.,CHANCE LIGA,ZLN – PRE,5:1,0,0,0,-2,2,16:08,
5.11.2022,19.,CHANCE LIGA,PRE – FRM,0:1,0,0,0,-1,2,17:21,
2.11.2022,18.,CHANCE LIGA,KOL – PRE,1:4,0,1,1,0,0,14:30,
30.10.2022,16.,Tipsport extraliga,KLA – KOM,3:5,0,0,0,-1,0,12:11,
26.10.2022,16.,CHANCE LIGA,SLA – PRE,0:3,1,0,1,1,0,17:09,
25.9.2022,4.,Tipsport extraliga,LIB – KOM,2:3,0,0,0,-1,0,09:19,
23.9.2022,3.,Tipsport extraliga,KOM – KLA,1:3,0,0,0,0,0,08:20,
18.9.2022,2.,Tipsport extraliga,CEB – KOM,6:2,0,0,0,-1,0,08:10,
15.9.2022,1.,Tipsport extraliga,KOM – KVA,6:1,0,1,1,1,0,08:20,
