datum,kolo,soutěž,zápas,skóre,G,A,B,+-,TM,TOI,
26.2.2023,50.,Tipsport extraliga,LIT – PLZ,2:0,0,0,0,0,0,14:29,
24.2.2023,49.,Tipsport extraliga,MBL – LIT,1:2,0,0,0,0,0,17:45,
19.2.2023,48.,Tipsport extraliga,LIT – TRI,4:3,0,0,0,0,0,17:23,
17.2.2023,47.,Tipsport extraliga,LIT – KOM,3:2,0,0,0,0,0,14:12,
15.2.2023,46.,Tipsport extraliga,MHK – LIT,3:0,0,0,0,-2,0,13:28,
5.2.2023,45.,Tipsport extraliga,LIT – KVA,1:2,0,0,0,0,0,16:33,
3.2.2023,44.,Tipsport extraliga,KLA – LIT,5:2,0,0,0,-1,0,16:14,
29.1.2023,43.,Tipsport extraliga,LIT – CEB,1:0,0,0,0,0,0,18:04,
27.1.2023,42.,Tipsport extraliga,LIB – LIT,5:1,0,0,0,0,0,16:08,
25.1.2023,41.,Tipsport extraliga,SPA – LIT,3:2,0,0,0,-1,0,11:10,
22.1.2023,40.,Tipsport extraliga,VIT – LIT,2:3,0,0,0,0,2,13:10,
20.1.2023,39.,Tipsport extraliga,OLO – LIT,1:8,0,1,1,1,2,16:53,
15.1.2023,38.,Tipsport extraliga,LIT – PCE,1:2,0,0,0,0,2,14:35,
13.1.2023,37.,Tipsport extraliga,PLZ – LIT,4:1,0,0,0,0,0,12:05,
8.1.2023,36.,Tipsport extraliga,LIT – MBL,4:3,0,0,0,1,0,13:25,
6.1.2023,35.,Tipsport extraliga,TRI – LIT,3:2,0,0,0,-1,2,07:27,
3.1.2023,34.,Tipsport extraliga,KOM – LIT,3:1,0,0,0,-1,0,10:10,
22.12.2022,30.,Tipsport extraliga,CEB – LIT,2:5,0,0,0,0,0,13:46,
20.12.2022,29.,Tipsport extraliga,LIT – LIB,3:2,0,0,0,1,2,16:41,
11.12.2022,28.,Tipsport extraliga,LIT – SPA,5:2,0,0,0,1,2,13:46,
9.12.2022,27.,Tipsport extraliga,LIT – VIT,5:3,0,0,0,-2,4,14:00,
6.12.2022,25.,Tipsport extraliga,PCE – LIT,1:0,0,0,0,0,0,15:09,
4.12.2022,26.,Tipsport extraliga,LIT – OLO,5:3,0,1,1,1,0,20:01,
27.11.2022,23.,Tipsport extraliga,MBL – LIT,6:4,0,0,0,1,0,15:01,
25.11.2022,22.,Tipsport extraliga,LIT – TRI,1:2,0,0,0,0,0,14:25,
20.11.2022,21.,Tipsport extraliga,LIT – KOM,5:1,0,1,1,1,0,13:50,
18.11.2022,20.,Tipsport extraliga,MHK – LIT,3:0,0,0,0,0,0,12:34,
6.11.2022,19.,Tipsport extraliga,LIT – KVA,5:3,0,0,0,-1,2,12:29,
4.11.2022,18.,Tipsport extraliga,KLA – LIT,3:2,0,0,0,0,2,13:28,
1.11.2022,17.,Tipsport extraliga,LIT – CEB,6:4,0,0,0,0,0,19:40,
30.10.2022,16.,Tipsport extraliga,LIB – LIT,2:3,0,0,0,-1,0,12:31,
28.10.2022,15.,Tipsport extraliga,LIT – SPA,4:0,0,0,0,1,2,12:11,
23.10.2022,14.,Tipsport extraliga,VIT – LIT,5:3,0,0,0,-2,0,18:47,
21.10.2022,13.,Tipsport extraliga,OLO – LIT,5:3,0,0,0,-1,2,16:13,
18.10.2022,12.,Tipsport extraliga,LIT – PCE,0:1,0,0,0,0,0,18:48,
16.10.2022,11.,Tipsport extraliga,PLZ – LIT,4:3,0,0,0,-1,0,15:20,
14.10.2022,10.,Tipsport extraliga,LIT – MBL,3:4,0,0,0,0,9,13:38,
4.10.2022,6.,Tipsport extraliga,KVA – LIT,1:4,0,0,0,0,0,13:47,
2.10.2022,7.,Tipsport extraliga,LIT – MHK,3:2,0,0,0,0,0,19:20,
27.9.2022,5.,Tipsport extraliga,LIT – KLA,1:2,0,0,0,0,0,18:20,
23.9.2022,3.,Tipsport extraliga,LIT – LIB,2:3,0,0,0,0,0,13:15,
20.9.2022,4.,Tipsport extraliga,CEB – LIT,6:3,0,0,0,-1,2,17:51,
18.9.2022,2.,Tipsport extraliga,SPA – LIT,3:0,0,0,0,0,0,16:15,
16.9.2022,1.,Tipsport extraliga,LIT – VIT,2:3,0,0,0,-1,0,14:47,
