datum,kolo,soutěž,zápas,skóre,G,A,B,+-,TM,TOI,
26.2.2023,50.,Tipsport extraliga,KOM – OLO,1:0,0,0,0,0,7,05:29,
24.2.2023,49.,Tipsport extraliga,OLO – MHK,0:4,0,0,0,-1,0,22:17,
19.2.2023,48.,Tipsport extraliga,KLA – OLO,4:5,0,0,0,-1,2,25:55,
5.2.2023,45.,Tipsport extraliga,OLO – CEB,3:2,0,0,0,1,0,18:31,
3.2.2023,44.,Tipsport extraliga,PCE – OLO,4:1,0,0,0,0,2,14:56,
29.1.2023,43.,Tipsport extraliga,OLO – KVA,3:4,0,0,0,0,2,19:33,
24.1.2023,41.,Tipsport extraliga,MBL – OLO,4:0,0,0,0,-1,0,17:32,
22.1.2023,40.,Tipsport extraliga,OLO – PLZ,3:2,0,0,0,0,0,16:43,
20.1.2023,39.,Tipsport extraliga,OLO – LIT,1:8,0,0,0,-2,2,17:20,
17.1.2023,38.,Tipsport extraliga,TRI – OLO,1:3,0,0,0,0,2,20:49,
11.1.2023,37.,Tipsport extraliga,OLO – KOM,1:4,0,0,0,0,0,17:21,
8.1.2023,36.,Tipsport extraliga,MHK – OLO,5:4,0,0,0,0,2,19:54,
6.1.2023,35.,Tipsport extraliga,OLO – KLA,6:2,0,0,0,1,0,15:08,
3.1.2023,34.,Tipsport extraliga,LIB – OLO,6:1,0,0,0,0,0,10:56,
30.12.2022,33.,Tipsport extraliga,OLO – VIT,2:4,0,0,0,-2,7,13:22,
28.12.2022,32.,Tipsport extraliga,CEB – OLO,4:2,0,1,1,1,0,19:19,
26.12.2022,31.,Tipsport extraliga,OLO – PCE,3:2,0,0,0,-1,0,19:21,
22.12.2022,30.,Tipsport extraliga,KVA – OLO,0:3,0,0,0,1,2,20:11,
20.12.2022,29.,Tipsport extraliga,OLO – SPA,0:1,0,0,0,0,2,18:11,
11.12.2022,28.,Tipsport extraliga,OLO – MBL,2:0,0,0,0,0,7,16:56,
9.12.2022,27.,Tipsport extraliga,PLZ – OLO,5:4,0,0,0,1,0,17:46,
4.12.2022,26.,Tipsport extraliga,LIT – OLO,5:3,0,0,0,0,2,18:23,
2.12.2022,25.,Tipsport extraliga,OLO – TRI,4:2,0,0,0,1,0,19:29,
27.11.2022,23.,Tipsport extraliga,OLO – MHK,5:0,0,0,0,1,0,11:48,
25.11.2022,22.,Tipsport extraliga,KLA – OLO,5:2,0,0,0,-1,2,20:19,
22.11.2022,12.,Tipsport extraliga,TRI – OLO,2:3,0,0,0,-1,2,17:54,
20.11.2022,21.,Tipsport extraliga,OLO – LIB,4:1,0,0,0,2,0,16:32,
18.11.2022,20.,Tipsport extraliga,VIT – OLO,3:0,0,0,0,-2,0,15:47,
23.10.2022,14.,Tipsport extraliga,OLO – PLZ,1:4,0,0,0,0,0,14:37,
21.10.2022,13.,Tipsport extraliga,OLO – LIT,5:3,1,0,1,2,0,18:51,
16.10.2022,11.,Tipsport extraliga,OLO – KOM,2:3,0,0,0,-1,0,16:23,
14.10.2022,10.,Tipsport extraliga,MHK – OLO,0:3,0,0,0,1,2,18:48,
9.10.2022,9.,Tipsport extraliga,OLO – KLA,3:0,0,0,0,0,25,17:45,
7.10.2022,8.,Tipsport extraliga,LIB – OLO,6:2,0,0,0,-2,2,17:00,
2.10.2022,7.,Tipsport extraliga,OLO – VIT,5:4,0,1,1,2,0,16:24,
30.9.2022,6.,Tipsport extraliga,CEB – OLO,1:2,0,0,0,0,2,14:51,
27.9.2022,5.,Tipsport extraliga,OLO – PCE,1:2,0,0,0,0,2,14:32,
22.9.2022,3.,Tipsport extraliga,OLO – SPA,4:0,0,1,1,1,0,19:49,
18.9.2022,2.,Tipsport extraliga,OLO – MBL,2:1,0,0,0,0,0,18:33,
16.9.2022,1.,Tipsport extraliga,PLZ – OLO,1:2,0,0,0,0,2,19:43,
