datum,kolo,soutěž,zápas,skóre,G,A,B,+-,TM,TOI,
26.2.2023,50.,Tipsport extraliga,LIT – PLZ,2:0,0,0,0,-1,0,17:14,
24.2.2023,49.,Tipsport extraliga,PLZ – TRI,4:5,0,0,0,-1,2,13:17,
23.2.2023,50.,DHL ELJ,PLZ – OLO,7:1,0,0,0,3,0,-,
18.2.2023,48.,DHL ELJ,PCE – PLZ,1:4,0,0,0,0,0,-,
17.2.2023,47.,DHL ELJ,MHK – PLZ,3:4,0,0,0,0,2,-,
14.2.2023,26.,DHL ELJ,PLZ – KOM,5:2,0,0,0,1,0,-,
11.2.2023,,Turnaj pěti v Romanshornu – 17,CZE – USA,1:2,0,0,0,0,,-,
9.2.2023,,Turnaj pěti v Romanshornu – 17,SWE – CZE,1:2,0,0,0,0,2,-,
8.2.2023,,Turnaj pěti v Romanshornu – 17,CZE – SUI,2:0,0,2,2,0,,-,
7.2.2023,,Turnaj pěti v Romanshornu – 17,FIN – CZE,4:2,0,0,0,0,4,-,
3.2.2023,45.,DHL ELJ,PLZ – VIT,3:2,0,0,0,0,27,-,
29.1.2023,43.,Tipsport extraliga,PLZ – SPA,4:3,0,0,0,1,0,06:24,
28.1.2023,44.,DHL ELJ,PLZ – SPA,0:4,0,0,0,-2,2,-,
26.1.2023,42.,Tipsport extraliga,PCE – PLZ,4:3,0,0,0,-1,0,07:47,
21.1.2023,42.,DHL ELJ,PLZ – LIT,4:5,0,0,0,0,2,-,
20.1.2023,41.,DHL ELJ,PLZ – KVA,2:1,0,0,0,1,2,-,
14.1.2023,40.,DHL ELJ,KOM – PLZ,3:0,0,0,0,0,2,-,
13.1.2023,39.,DHL ELJ,JIH – PLZ,7:4,0,0,0,-1,0,-,
7.1.2023,38.,DHL ELJ,PLZ – MBL,1:0,0,0,0,0,0,-,
6.1.2023,37.,DHL ELJ,PLZ – LIB,4:1,0,0,0,1,0,-,
3.1.2023,36.,DHL ELJ,OLO – PLZ,1:5,0,1,1,0,0,-,
2.1.2023,35.,DHL ELJ,ZLN – PLZ,5:2,0,0,0,0,0,-,
29.12.2022,,Reprezentace 17 – příp.,FIN – CZE,5:2,0,0,0,0,,-,
28.12.2022,,Reprezentace 17 – příp.,FIN – CZE,2:3,0,0,0,0,2,-,
27.12.2022,,Reprezentace 17 – příp.,FIN – CZE,1:2,0,0,0,0,,-,
19.12.2022,34.,DHL ELJ,PLZ – PCE,3:4,0,0,0,0,0,-,
18.12.2022,33.,DHL ELJ,PLZ – MHK,4:3,0,1,1,1,0,-,
14.12.2022,32.,DHL ELJ,TRI – PLZ,7:5,0,1,1,0,0,-,
13.12.2022,31.,DHL ELJ,VIT – PLZ,2:7,0,0,0,-1,2,-,
10.12.2022,30.,DHL ELJ,SPA – PLZ,4:1,0,0,0,-1,0,-,
5.12.2022,27.,DHL ELJ,KVA – PLZ,2:0,0,0,0,-1,0,-,
3.12.2022,28.,DHL ELJ,LIT – PLZ,3:6,0,0,0,0,2,-,
21.11.2022,24.,DHL ELJ,MBL – PLZ,4:3,0,0,0,0,0,-,
20.11.2022,23.,DHL ELJ,LIB – PLZ,3:5,0,0,0,0,0,-,
17.11.2022,22.,DHL ELJ,PLZ – OLO,3:4,0,0,0,0,2,-,
16.11.2022,21.,DHL ELJ,PLZ – ZLN,2:6,0,0,0,0,0,-,
11.11.2022,,World Hockey Challenge – sk.,CAN – CZE,7:5,0,0,0,0,,-,
10.11.2022,,World Hockey Challenge – sk.,SWE – CZE,5:4,1,0,1,0,2,-,
9.11.2022,,World Hockey Challenge – sk.,CZE – CAN,5:6,0,0,0,0,4,-,
8.11.2022,,World Hockey Challenge – sk.,FIN – CZE,3:1,0,0,0,0,,-,
5.11.2022,,World Hockey Challenge – sk.,CZE – CAN,0:3,0,0,0,0,,-,
5.11.2022,,World Hockey Challenge – sk.,CZE – USA,1:7,0,0,0,0,2,-,
29.10.2022,18.,DHL ELJ,PLZ – TRI,6:3,0,0,0,0,0,-,
27.10.2022,11.,ELD – A,KVA – PLZ,2:4,0,0,0,0,2,-,
22.10.2022,10.,ELD – A,PLZ – SLA,3:0,0,0,0,0,2,-,
18.10.2022,,Reprezentace 17 – příp.,SAL – CZE,1:8,0,2,2,0,2,-,
17.10.2022,,Reprezentace 17 – příp.,KLG – CZE,0:2,0,0,0,0,2,-,
14.10.2022,13.,DHL ELJ,PLZ – KVA,3:1,0,0,0,1,2,-,
7.10.2022,11.,DHL ELJ,JIH – PLZ,3:2,1,0,1,1,2,-,
6.10.2022,7.,ELD – A,KLA – PLZ,2:5,0,0,0,0,0,-,
1.10.2022,10.,DHL ELJ,PLZ – MBL,1:2,0,0,0,0,0,-,
30.9.2022,9.,DHL ELJ,PLZ – LIB,3:2,0,0,0,0,2,-,
29.9.2022,5.,ELD – A,LIT – PLZ,3:2,0,0,0,1,0,-,
24.9.2022,8.,DHL ELJ,OLO – PLZ,5:2,0,0,0,0,4,-,
23.9.2022,7.,DHL ELJ,ZLN – PLZ,1:3,0,0,0,0,0,-,
22.9.2022,3.,ELD – A,SLA – PLZ,9:2,0,0,0,-1,2,-,
17.9.2022,2.,ELD – A,PLZ – SPA,4:1,0,0,0,-1,0,-,
16.9.2022,5.,DHL ELJ,PLZ – MHK,4:2,0,0,0,0,0,-,
10.9.2022,4.,DHL ELJ,TRI – PLZ,6:4,0,0,0,-2,0,-,
9.9.2022,3.,DHL ELJ,VIT – PLZ,3:1,0,1,1,0,2,-,
3.9.2022,2.,DHL ELJ,SPA – PLZ,2:1,0,0,0,-1,0,-,
