datum,kolo,soutěž,zápas,skóre,G,A,B,+-,TM,TOI,
24.2.2023,49.,Tipsport extraliga,MBL – LIT,1:2,0,0,0,0,2,05:40,
19.2.2023,48.,Tipsport extraliga,KOM – MBL,1:4,0,0,0,0,0,10:10,
18.2.2023,48.,CHANCE LIGA,SUM – SLA,4:5,1,0,1,0,0,16:06,
24.1.2023,41.,Tipsport extraliga,MBL – OLO,4:0,0,0,0,0,0,04:08,
22.1.2023,40.,Tipsport extraliga,SPA – MBL,4:1,0,0,0,-1,2,07:20,
20.1.2023,39.,Tipsport extraliga,MBL – TRI,1:0,0,0,0,0,0,08:27,
18.1.2023,39.,CHANCE LIGA,SLA – JIH,3:2,0,0,0,-1,0,13:34,
17.1.2023,19.,Tipsport extraliga,MBL – VIT,3:2,0,0,0,0,0,08:12,
15.1.2023,38.,Tipsport extraliga,PLZ – MBL,3:2,0,1,1,1,0,06:05,
13.1.2023,37.,Tipsport extraliga,MBL – MHK,3:2,0,0,0,-1,0,04:34,
8.1.2023,36.,Tipsport extraliga,LIT – MBL,4:3,0,0,0,0,0,04:44,
6.1.2023,35.,Tipsport extraliga,MBL – KOM,7:3,0,0,0,0,2,08:17,
20.12.2022,29.,Tipsport extraliga,MBL – CEB,2:1,0,0,0,0,0,01:35,
11.12.2022,28.,Tipsport extraliga,OLO – MBL,2:0,0,0,0,0,0,09:58,
9.12.2022,27.,Tipsport extraliga,MBL – SPA,1:2,0,0,0,0,0,08:27,
4.12.2022,26.,Tipsport extraliga,TRI – MBL,3:0,0,0,0,0,0,11:43,
1.12.2022,25.,Tipsport extraliga,MBL – PLZ,0:1,0,0,0,0,0,06:25,
29.11.2022,24.,Tipsport extraliga,MHK – MBL,0:2,0,0,0,0,0,09:35,
27.11.2022,23.,Tipsport extraliga,MBL – LIT,6:4,0,0,0,2,0,11:14,
25.11.2022,22.,Tipsport extraliga,KOM – MBL,1:3,0,0,0,0,0,13:33,
20.11.2022,21.,Tipsport extraliga,KVA – MBL,4:3,0,0,0,2,0,13:07,
18.11.2022,20.,Tipsport extraliga,KLA – MBL,1:2,0,0,0,-1,0,06:49,
4.11.2022,18.,Tipsport extraliga,LIB – MBL,6:2,0,1,1,0,0,11:26,
1.11.2022,17.,Tipsport extraliga,MBL – PCE,0:1,0,0,0,0,0,09:23,
30.10.2022,16.,Tipsport extraliga,CEB – MBL,3:0,0,0,0,0,0,13:03,
26.10.2022,16.,CHANCE LIGA,SLA – PRE,0:3,0,0,0,0,0,10:45,
24.10.2022,15.,CHANCE LIGA,SOK – SLA,2:3,0,0,0,0,0,14:29,
22.10.2022,14.,CHANCE LIGA,SLA – TRE,6:1,0,0,0,0,0,16:03,
19.10.2022,13.,CHANCE LIGA,SLA – JIH,2:3,0,0,0,-1,0,18:05,
12.10.2022,11.,CHANCE LIGA,SLA – PRO,2:4,0,0,0,-1,0,13:03,
10.10.2022,10.,CHANCE LIGA,ZLN – SLA,5:2,0,0,0,-1,0,13:03,
8.10.2022,9.,CHANCE LIGA,SLA – SUM,5:0,0,0,0,1,0,13:14,
5.10.2022,8.,CHANCE LIGA,FRM – SLA,7:2,0,0,0,0,0,12:15,
1.10.2022,7.,CHANCE LIGA,SLA – POR,3:2,0,1,1,1,0,10:30,
28.9.2022,6.,CHANCE LIGA,KOL – SLA,3:1,0,0,0,-1,0,10:59,
26.9.2022,5.,CHANCE LIGA,SLA – PCE,4:0,0,0,0,0,,13:33,
24.9.2022,4.,CHANCE LIGA,SLA – LTM,2:4,0,0,0,0,0,14:34,
21.9.2022,3.,CHANCE LIGA,PRE – SLA,3:2,0,0,0,1,,13:27,
17.9.2022,2.,CHANCE LIGA,SLA – SOK,4:3,1,0,1,2,0,13:43,
14.9.2022,1.,CHANCE LIGA,TRE – SLA,5:1,0,1,1,1,0,13:56,
