datum,kolo,soutěž,zápas,skóre,G,A,B,+-,TM,TOI,
24.2.2023,49.,Tipsport extraliga,PCE – KOM,1:3,0,1,1,1,0,17:13,
19.2.2023,48.,Tipsport extraliga,KVA – PCE,0:5,0,0,0,0,0,16:16,
17.2.2023,47.,Tipsport extraliga,PCE – VIT,1:4,0,0,0,-1,0,17:22,
15.2.2023,46.,Tipsport extraliga,CEB – PCE,3:7,0,0,0,2,0,17:24,
5.2.2023,45.,Tipsport extraliga,SPA – PCE,4:2,0,0,0,0,0,15:31,
3.2.2023,44.,Tipsport extraliga,PCE – OLO,4:1,0,0,0,0,2,17:16,
29.1.2023,43.,Tipsport extraliga,MBL – PCE,3:5,0,0,0,2,0,17:37,
26.1.2023,42.,Tipsport extraliga,PCE – PLZ,4:3,0,1,1,0,0,17:38,
24.1.2023,41.,Tipsport extraliga,TRI – PCE,0:4,0,0,0,2,0,17:43,
22.1.2023,40.,Tipsport extraliga,PCE – KLA,4:2,0,0,0,1,0,19:50,
20.1.2023,39.,Tipsport extraliga,PCE – MHK,4:1,0,0,0,1,0,17:03,
18.1.2023,27.,Tipsport extraliga,KLA – PCE,1:4,0,0,0,1,0,16:52,
15.1.2023,38.,Tipsport extraliga,LIT – PCE,1:2,0,0,0,0,0,20:17,
13.1.2023,37.,Tipsport extraliga,LIB – PCE,3:4,0,0,0,0,0,20:22,
10.1.2023,32.,Tipsport extraliga,PCE – SPA,0:3,0,0,0,0,0,18:29,
8.1.2023,36.,Tipsport extraliga,KOM – PCE,1:4,1,1,2,2,0,21:13,
6.1.2023,35.,Tipsport extraliga,PCE – KVA,7:4,0,0,0,2,0,20:39,
17.11.2022,20.,Tipsport extraliga,CEB – PCE,2:4,0,0,0,0,0,10:25,
27.10.2022,15.,Tipsport extraliga,TRI – PCE,2:3,0,0,0,0,0,04:33,
23.10.2022,14.,Tipsport extraliga,PCE – KLA,6:2,0,1,1,2,0,16:25,
21.10.2022,13.,Tipsport extraliga,PCE – MHK,5:2,0,0,0,0,0,19:08,
18.10.2022,12.,Tipsport extraliga,LIT – PCE,0:1,0,0,0,0,0,17:43,
16.10.2022,11.,Tipsport extraliga,PCE – LIB,1:0,0,0,0,0,0,17:41,
13.10.2022,10.,Tipsport extraliga,KOM – PCE,4:3,0,0,0,0,0,16:53,
1.10.2022,7.,CHANCE LIGA,PRE – PCE,4:3,0,0,0,-1,0,20:36,
28.9.2022,6.,CHANCE LIGA,PCE – TRE,2:3,0,0,0,-1,2,22:37,
26.9.2022,5.,CHANCE LIGA,SLA – PCE,4:0,0,0,0,-2,,19:36,
