datum,kolo,soutěž,zápas,skóre,G,A,B,+-,TM,TOI,
3.2.2023,44.,Tipsport extraliga,KOM – TRI,5:1,0,0,0,-1,0,17:41,
31.1.2023,43.,Tipsport extraliga,VIT – TRI,1:2,0,0,0,0,2,09:04,
27.1.2023,42.,Tipsport extraliga,KVA – TRI,4:1,0,0,0,0,0,09:31,
17.1.2023,38.,Tipsport extraliga,TRI – OLO,1:3,0,0,0,-1,0,05:16,
13.1.2023,18.,Tipsport extraliga,TRI – KOM,6:1,0,0,0,0,0,08:53,
8.1.2023,36.,Tipsport extraliga,TRI – PLZ,6:1,1,0,1,2,2,16:54,
6.1.2023,35.,Tipsport extraliga,TRI – LIT,3:2,0,1,1,1,0,13:42,
3.1.2023,34.,Tipsport extraliga,MHK – TRI,2:3,0,0,0,-1,2,08:29,
30.12.2022,33.,Tipsport extraliga,TRI – LIB,6:3,0,2,2,4,0,16:27,
28.12.2022,32.,Tipsport extraliga,KLA – TRI,4:3,0,0,0,0,0,13:48,
26.12.2022,31.,Tipsport extraliga,TRI – KOM,7:2,0,0,0,1,2,15:46,
22.12.2022,30.,Tipsport extraliga,VIT – TRI,1:2,0,1,1,2,0,12:10,
20.12.2022,29.,Tipsport extraliga,TRI – KVA,4:2,0,0,0,1,0,15:15,
11.12.2022,28.,Tipsport extraliga,PCE – TRI,0:3,0,0,0,0,0,14:29,
9.12.2022,27.,Tipsport extraliga,TRI – CEB,2:3,0,0,0,-2,0,12:46,
4.12.2022,26.,Tipsport extraliga,TRI – MBL,3:0,0,0,0,0,0,14:27,
29.11.2022,24.,Tipsport extraliga,SPA – TRI,1:0,0,0,0,0,0,09:44,
27.11.2022,23.,Tipsport extraliga,PLZ – TRI,2:1,0,0,0,-1,0,05:59,
25.11.2022,22.,Tipsport extraliga,LIT – TRI,1:2,0,0,0,0,0,04:08,
18.11.2022,20.,Tipsport extraliga,LIB – TRI,1:4,0,0,0,1,0,15:12,
6.11.2022,19.,Tipsport extraliga,TRI – KLA,8:0,0,1,1,3,0,13:17,
5.11.2022,19.,CHANCE LIGA,PRE – FRM,0:1,0,0,0,0,0,21:28,
27.10.2022,15.,Tipsport extraliga,TRI – PCE,2:3,0,0,0,-1,0,15:15,
23.10.2022,14.,Tipsport extraliga,CEB – TRI,3:2,0,0,0,-1,0,12:31,
21.10.2022,13.,Tipsport extraliga,MBL – TRI,2:3,0,0,0,0,2,14:25,
16.10.2022,11.,Tipsport extraliga,TRI – SPA,4:2,0,0,0,0,0,11:48,
14.10.2022,10.,Tipsport extraliga,TRI – PLZ,3:2,0,0,0,0,0,12:25,
9.10.2022,9.,Tipsport extraliga,TRI – LIT,4:1,0,0,0,2,0,16:12,
2.10.2022,7.,Tipsport extraliga,TRI – LIB,3:4,0,0,0,-1,0,15:43,
29.9.2022,6.,Tipsport extraliga,KLA – TRI,1:2,0,0,0,0,4,14:47,
27.9.2022,5.,Tipsport extraliga,KOM – TRI,2:4,0,1,1,2,0,14:49,
25.9.2022,4.,Tipsport extraliga,TRI – VIT,3:5,0,0,0,-1,0,13:55,
23.9.2022,3.,Tipsport extraliga,TRI – KVA,1:2,0,0,0,0,0,16:57,
