datum,kolo,soutěž,zápas,skóre,G,A,B,+-,TM,TOI,
22.2.2023,49.,Tipsport extraliga,CEB – LIB,3:4,0,0,0,0,0,04:58,
19.2.2023,48.,Tipsport extraliga,LIB – SPA,2:1,0,0,0,-1,0,02:08,
17.2.2023,47.,Tipsport extraliga,OLO – LIB,2:3,0,0,0,0,0,06:26,
15.2.2023,46.,Tipsport extraliga,LIB – TRI,3:2,0,0,0,1,0,11:32,
3.2.2023,44.,Tipsport extraliga,LIB – MBL,4:3,0,0,0,1,0,07:41,
29.1.2023,43.,Tipsport extraliga,KOM – LIB,3:0,0,0,0,0,0,10:54,
27.1.2023,42.,Tipsport extraliga,LIB – LIT,5:1,0,0,0,2,2,11:32,
24.1.2023,41.,Tipsport extraliga,KLA – LIB,3:2,0,0,0,0,0,13:56,
22.1.2023,40.,Tipsport extraliga,LIB – MHK,3:1,0,0,0,1,2,11:49,
20.1.2023,39.,Tipsport extraliga,VIT – LIB,2:0,0,0,0,0,0,07:02,
15.1.2023,38.,Tipsport extraliga,LIB – KVA,3:1,0,0,0,0,0,10:40,
13.1.2023,37.,Tipsport extraliga,LIB – PCE,3:4,0,0,0,0,0,15:24,
10.1.2023,27.,Tipsport extraliga,MHK – LIB,5:4,0,0,0,0,0,08:51,
8.1.2023,36.,Tipsport extraliga,LIB – CEB,2:3,0,0,0,0,0,12:56,
6.1.2023,35.,Tipsport extraliga,SPA – LIB,2:5,0,0,0,0,2,12:47,
3.1.2023,34.,Tipsport extraliga,LIB – OLO,6:1,0,0,0,4,0,15:21,
28.12.2022,32.,Tipsport extraliga,LIB – PLZ,2:1,0,0,0,0,0,15:25,
26.12.2022,31.,Tipsport extraliga,MBL – LIB,3:7,0,0,0,0,0,12:33,
22.12.2022,30.,Tipsport extraliga,LIB – KOM,2:1,0,0,0,1,0,16:18,
20.12.2022,29.,Tipsport extraliga,LIT – LIB,3:2,0,0,0,0,0,14:46,
11.12.2022,28.,Tipsport extraliga,LIB – KLA,7:3,0,0,0,0,0,09:19,
6.11.2022,19.,Tipsport extraliga,PLZ – LIB,3:4,0,0,0,0,0,20:09,
4.11.2022,18.,Tipsport extraliga,LIB – MBL,6:2,0,0,0,-1,0,18:23,
30.10.2022,16.,Tipsport extraliga,LIB – LIT,2:3,0,0,0,0,2,16:51,
28.10.2022,15.,Tipsport extraliga,KLA – LIB,3:2,0,0,0,0,0,19:25,
23.10.2022,14.,Tipsport extraliga,LIB – MHK,3:6,0,1,1,-2,2,15:46,
21.10.2022,13.,Tipsport extraliga,VIT – LIB,6:3,0,0,0,0,0,17:22,
18.10.2022,12.,Tipsport extraliga,LIB – KVA,3:4,0,1,1,2,0,15:41,
16.10.2022,11.,Tipsport extraliga,PCE – LIB,1:0,0,0,0,0,0,15:08,
7.10.2022,8.,Tipsport extraliga,LIB – OLO,6:2,0,0,0,-1,2,14:49,
4.10.2022,10.,Tipsport extraliga,LIB – CEB,6:1,1,0,1,1,0,12:24,
2.10.2022,7.,Tipsport extraliga,TRI – LIB,3:4,0,0,0,1,2,12:40,
29.9.2022,6.,Tipsport extraliga,LIB – PLZ,2:3,0,0,0,0,0,14:45,
27.9.2022,5.,Tipsport extraliga,MBL – LIB,2:1,0,0,0,0,0,14:44,
25.9.2022,4.,Tipsport extraliga,LIB – KOM,2:3,0,0,0,-1,0,16:54,
23.9.2022,3.,Tipsport extraliga,LIT – LIB,2:3,1,0,1,1,2,15:48,
