datum,kolo,soutěž,zápas,skóre,G,A,B,+-,TM,TOI,
24.2.2023,49.,Tipsport extraliga,OLO – MHK,0:4,0,0,0,-3,0,13:52,
19.2.2023,48.,Tipsport extraliga,KLA – OLO,4:5,0,1,1,-1,0,14:02,
17.2.2023,47.,Tipsport extraliga,OLO – LIB,2:3,1,0,1,1,0,17:59,
15.2.2023,46.,Tipsport extraliga,VIT – OLO,3:1,0,0,0,-1,0,21:28,
5.2.2023,45.,Tipsport extraliga,OLO – CEB,3:2,0,1,1,1,0,19:12,
3.2.2023,44.,Tipsport extraliga,PCE – OLO,4:1,0,1,1,-1,0,14:06,
29.1.2023,43.,Tipsport extraliga,OLO – KVA,3:4,1,0,1,-1,0,19:54,
24.1.2023,41.,Tipsport extraliga,MBL – OLO,4:0,0,0,0,-1,0,20:41,
22.1.2023,40.,Tipsport extraliga,OLO – PLZ,3:2,0,2,2,1,4,17:26,
20.1.2023,39.,Tipsport extraliga,OLO – LIT,1:8,0,0,0,-1,0,16:13,
30.12.2022,33.,Tipsport extraliga,OLO – VIT,2:4,0,0,0,0,0,15:36,
28.12.2022,32.,Tipsport extraliga,CEB – OLO,4:2,0,0,0,-1,0,15:08,
26.12.2022,31.,Tipsport extraliga,OLO – PCE,3:2,1,1,2,-1,0,17:06,
22.12.2022,30.,Tipsport extraliga,KVA – OLO,0:3,0,0,0,0,2,15:04,
9.12.2022,27.,Tipsport extraliga,PLZ – OLO,5:4,0,2,2,0,27,14:57,
4.12.2022,26.,Tipsport extraliga,LIT – OLO,5:3,0,1,1,0,0,21:30,
2.12.2022,25.,Tipsport extraliga,OLO – TRI,4:2,0,1,1,1,0,17:33,
29.11.2022,24.,Tipsport extraliga,KOM – OLO,1:0,0,0,0,0,0,20:10,
27.11.2022,23.,Tipsport extraliga,OLO – MHK,5:0,1,1,2,1,0,16:18,
25.11.2022,22.,Tipsport extraliga,KLA – OLO,5:2,0,1,1,1,0,15:21,
22.11.2022,12.,Tipsport extraliga,TRI – OLO,2:3,0,1,1,-1,0,19:34,
20.11.2022,21.,Tipsport extraliga,OLO – LIB,4:1,0,1,1,0,0,16:41,
18.11.2022,20.,Tipsport extraliga,VIT – OLO,3:0,0,0,0,-1,0,17:53,
15.11.2022,4.,Tipsport extraliga,KVA – OLO,3:2,0,1,1,0,0,18:32,
6.11.2022,19.,Tipsport extraliga,OLO – CEB,3:1,0,0,0,0,0,22:19,
3.11.2022,18.,Tipsport extraliga,PCE – OLO,3:0,0,0,0,-1,0,16:17,
1.11.2022,17.,Tipsport extraliga,OLO – KVA,2:0,0,0,0,0,0,16:32,
30.10.2022,16.,Tipsport extraliga,SPA – OLO,2:5,2,1,3,1,2,15:57,
28.10.2022,15.,Tipsport extraliga,MBL – OLO,2:3,0,1,1,1,0,17:30,
23.10.2022,14.,Tipsport extraliga,OLO – PLZ,1:4,0,0,0,-2,0,17:42,
21.10.2022,13.,Tipsport extraliga,OLO – LIT,5:3,2,0,2,0,0,18:25,
16.10.2022,11.,Tipsport extraliga,OLO – KOM,2:3,0,0,0,-1,0,19:30,
14.10.2022,10.,Tipsport extraliga,MHK – OLO,0:3,0,1,1,1,0,15:41,
9.10.2022,9.,Tipsport extraliga,OLO – KLA,3:0,1,0,1,0,2,16:29,
7.10.2022,8.,Tipsport extraliga,LIB – OLO,6:2,0,0,0,-1,4,18:04,
2.10.2022,7.,Tipsport extraliga,OLO – VIT,5:4,0,1,1,1,0,17:57,
30.9.2022,6.,Tipsport extraliga,CEB – OLO,1:2,0,0,0,0,0,17:50,
27.9.2022,5.,Tipsport extraliga,OLO – PCE,1:2,1,0,1,0,0,20:23,
22.9.2022,3.,Tipsport extraliga,OLO – SPA,4:0,1,1,2,1,0,15:07,
18.9.2022,2.,Tipsport extraliga,OLO – MBL,2:1,0,0,0,0,0,19:29,
16.9.2022,1.,Tipsport extraliga,PLZ – OLO,1:2,1,0,1,1,0,15:35,
