datum,kolo,soutěž,zápas,skóre,G,A,B,+-,TM,TOI,
26.2.2023,50.,Tipsport extraliga,KLA – VIT,0:1,0,0,0,-1,0,07:57,
24.2.2023,49.,Tipsport extraliga,KLA – SPA,3:4,0,0,0,-1,0,09:41,
19.2.2023,48.,Tipsport extraliga,KLA – OLO,4:5,0,0,0,0,0,12:09,
17.2.2023,47.,Tipsport extraliga,PLZ – KLA,0:3,1,0,1,2,0,09:37,
15.2.2023,46.,Tipsport extraliga,KLA – MBL,2:1,0,0,0,0,0,09:09,
5.2.2023,45.,Tipsport extraliga,TRI – KLA,5:4,0,0,0,0,0,08:27,
3.2.2023,44.,Tipsport extraliga,KLA – LIT,5:2,0,0,0,1,0,07:40,
29.1.2023,43.,Tipsport extraliga,MHK – KLA,4:2,0,0,0,0,0,07:54,
27.1.2023,42.,Tipsport extraliga,KLA – KOM,0:3,0,0,0,-1,2,06:39,
24.1.2023,41.,Tipsport extraliga,KLA – LIB,3:2,0,0,0,0,2,09:36,
22.1.2023,40.,Tipsport extraliga,PCE – KLA,4:2,0,0,0,0,0,09:55,
20.1.2023,39.,Tipsport extraliga,KVA – KLA,4:2,0,0,0,0,0,06:17,
18.1.2023,27.,Tipsport extraliga,KLA – PCE,1:4,0,0,0,0,0,10:57,
15.1.2023,38.,Tipsport extraliga,CEB – KLA,6:2,0,0,0,-1,0,06:29,
13.1.2023,37.,Tipsport extraliga,VIT – KLA,0:3,0,0,0,0,0,09:40,
8.1.2023,36.,Tipsport extraliga,SPA – KLA,4:0,0,0,0,0,0,10:17,
6.1.2023,35.,Tipsport extraliga,OLO – KLA,6:2,0,0,0,-1,0,14:04,
3.1.2023,34.,Tipsport extraliga,KLA – PLZ,3:4,1,0,1,1,0,09:40,
30.12.2022,33.,Tipsport extraliga,MBL – KLA,1:2,0,0,0,0,0,10:00,
28.12.2022,32.,Tipsport extraliga,KLA – TRI,4:3,0,0,0,0,0,06:39,
26.12.2022,31.,Tipsport extraliga,LIT – KLA,2:3,0,1,1,2,0,11:12,
22.12.2022,30.,Tipsport extraliga,KLA – MHK,3:6,0,0,0,-1,0,10:14,
20.12.2022,29.,Tipsport extraliga,KOM – KLA,3:2,0,0,0,0,0,10:57,
11.12.2022,28.,Tipsport extraliga,LIB – KLA,7:3,0,0,0,-1,0,13:24,
4.12.2022,26.,Tipsport extraliga,KLA – KVA,4:1,0,0,0,-1,0,09:17,
2.12.2022,25.,Tipsport extraliga,KLA – CEB,1:6,0,0,0,-2,0,10:23,
29.11.2022,24.,Tipsport extraliga,KLA – VIT,2:3,0,0,0,0,0,13:37,
27.11.2022,23.,Tipsport extraliga,SPA – KLA,5:1,0,0,0,0,0,14:44,
25.11.2022,22.,Tipsport extraliga,KLA – OLO,5:2,0,0,0,0,0,13:29,
20.11.2022,21.,Tipsport extraliga,PLZ – KLA,1:2,0,0,0,0,4,10:32,
18.11.2022,20.,Tipsport extraliga,KLA – MBL,1:2,0,0,0,0,0,07:29,
14.11.2022,20.,CHANCE LIGA,SUM – PRO,2:3,0,0,0,0,0,08:05,
29.10.2022,17.,CHANCE LIGA,PRO – PCE,2:1,0,0,0,2,0,14:54,
