datum,kolo,soutěž,zápas,skóre,G,A,B,+-,TM,TOI,
26.2.2023,50.,Tipsport extraliga,KLA – VIT,0:1,0,0,0,0,2,11:34,
24.2.2023,49.,Tipsport extraliga,KLA – SPA,3:4,0,1,1,1,0,16:09,
19.2.2023,48.,Tipsport extraliga,KLA – OLO,4:5,1,0,1,0,2,16:07,
17.2.2023,47.,Tipsport extraliga,PLZ – KLA,0:3,0,0,0,0,0,15:32,
15.2.2023,46.,Tipsport extraliga,KLA – MBL,2:1,0,0,0,-1,0,15:15,
5.2.2023,45.,Tipsport extraliga,TRI – KLA,5:4,1,1,2,0,0,18:43,
3.2.2023,44.,Tipsport extraliga,KLA – LIT,5:2,0,0,0,0,0,14:09,
29.1.2023,43.,Tipsport extraliga,MHK – KLA,4:2,0,0,0,-1,0,13:17,
27.1.2023,42.,Tipsport extraliga,KLA – KOM,0:3,0,0,0,0,0,16:18,
24.1.2023,41.,Tipsport extraliga,KLA – LIB,3:2,0,0,0,0,0,09:23,
22.1.2023,40.,Tipsport extraliga,PCE – KLA,4:2,0,0,0,0,2,17:21,
20.1.2023,39.,Tipsport extraliga,KVA – KLA,4:2,1,0,1,-1,2,18:50,
18.1.2023,27.,Tipsport extraliga,KLA – PCE,1:4,0,1,1,-1,0,16:42,
15.1.2023,38.,Tipsport extraliga,CEB – KLA,6:2,0,1,1,0,2,17:16,
13.1.2023,37.,Tipsport extraliga,VIT – KLA,0:3,0,0,0,1,2,15:19,
8.1.2023,36.,Tipsport extraliga,SPA – KLA,4:0,0,0,0,-1,2,15:30,
6.1.2023,35.,Tipsport extraliga,OLO – KLA,6:2,0,0,0,-2,0,11:44,
3.1.2023,34.,Tipsport extraliga,KLA – PLZ,3:4,1,0,1,1,0,19:38,
30.12.2022,33.,Tipsport extraliga,MBL – KLA,1:2,0,0,0,0,0,16:22,
28.12.2022,32.,Tipsport extraliga,KLA – TRI,4:3,0,2,2,1,0,16:19,
26.12.2022,31.,Tipsport extraliga,LIT – KLA,2:3,0,0,0,1,0,12:56,
22.12.2022,30.,Tipsport extraliga,KLA – MHK,3:6,0,0,0,0,2,13:24,
20.12.2022,29.,Tipsport extraliga,KOM – KLA,3:2,0,1,1,1,0,14:31,
11.12.2022,28.,Tipsport extraliga,LIB – KLA,7:3,0,2,2,-1,0,15:06,
