datum,kolo,soutěž,zápas,skóre,G,A,B,+-,TM,TOI,
22.2.2023,49.,Tipsport extraliga,CEB – LIB,3:4,0,0,0,0,2,19:11,
19.2.2023,48.,Tipsport extraliga,LIB – SPA,2:1,0,0,0,0,0,17:24,
17.2.2023,47.,Tipsport extraliga,OLO – LIB,2:3,1,0,1,-1,0,15:23,
15.2.2023,46.,Tipsport extraliga,LIB – TRI,3:2,0,1,1,0,4,16:45,
5.2.2023,45.,Tipsport extraliga,PLZ – LIB,2:4,0,0,0,0,0,15:25,
3.2.2023,44.,Tipsport extraliga,LIB – MBL,4:3,0,2,2,2,0,15:30,
29.1.2023,43.,Tipsport extraliga,KOM – LIB,3:0,0,0,0,0,0,13:45,
27.1.2023,42.,Tipsport extraliga,LIB – LIT,5:1,0,0,0,0,2,14:14,
24.1.2023,41.,Tipsport extraliga,KLA – LIB,3:2,0,0,0,-1,0,11:52,
22.1.2023,40.,Tipsport extraliga,LIB – MHK,3:1,0,0,0,0,2,11:37,
20.1.2023,39.,Tipsport extraliga,VIT – LIB,2:0,0,0,0,0,0,14:38,
15.1.2023,38.,Tipsport extraliga,LIB – KVA,3:1,0,0,0,1,2,16:30,
13.1.2023,37.,Tipsport extraliga,LIB – PCE,3:4,0,1,1,0,0,20:11,
10.1.2023,27.,Tipsport extraliga,MHK – LIB,5:4,0,0,0,0,0,19:44,
8.1.2023,36.,Tipsport extraliga,LIB – CEB,2:3,1,0,1,0,2,16:32,
6.1.2023,35.,Tipsport extraliga,SPA – LIB,2:5,0,0,0,0,0,17:42,
3.1.2023,34.,Tipsport extraliga,LIB – OLO,6:1,1,3,4,2,0,15:12,
30.12.2022,33.,Tipsport extraliga,TRI – LIB,6:3,0,1,1,-2,0,16:18,
28.12.2022,32.,Tipsport extraliga,LIB – PLZ,2:1,0,0,0,0,0,17:00,
26.12.2022,31.,Tipsport extraliga,MBL – LIB,3:7,0,0,0,0,0,14:06,
22.12.2022,30.,Tipsport extraliga,LIB – KOM,2:1,0,0,0,0,2,10:15,
20.12.2022,29.,Tipsport extraliga,LIT – LIB,3:2,0,0,0,-1,0,17:19,
11.12.2022,28.,Tipsport extraliga,LIB – KLA,7:3,0,2,2,1,2,11:51,
6.12.2022,9.,Tipsport extraliga,LIB – SPA,0:1,0,0,0,0,0,17:00,
22.11.2022,17.,Tipsport extraliga,KOM – LIB,0:5,0,0,0,0,25,01:47,
20.11.2022,21.,Tipsport extraliga,OLO – LIB,4:1,0,0,0,-1,0,17:10,
18.11.2022,20.,Tipsport extraliga,LIB – TRI,1:4,0,0,0,0,2,17:57,
6.11.2022,19.,Tipsport extraliga,PLZ – LIB,3:4,0,1,1,0,0,22:26,
4.11.2022,18.,Tipsport extraliga,LIB – MBL,6:2,0,1,1,2,9,15:15,
30.10.2022,16.,Tipsport extraliga,LIB – LIT,2:3,0,0,0,-1,2,15:48,
28.10.2022,15.,Tipsport extraliga,KLA – LIB,3:2,0,1,1,0,0,13:22,
23.10.2022,14.,Tipsport extraliga,LIB – MHK,3:6,0,1,1,-2,0,15:54,
21.10.2022,13.,Tipsport extraliga,VIT – LIB,6:3,0,0,0,0,2,13:22,
18.10.2022,12.,Tipsport extraliga,LIB – KVA,3:4,0,0,0,-2,0,13:29,
16.10.2022,11.,Tipsport extraliga,PCE – LIB,1:0,0,0,0,0,0,12:59,
7.10.2022,8.,Tipsport extraliga,LIB – OLO,6:2,1,0,1,0,0,16:37,
4.10.2022,10.,Tipsport extraliga,LIB – CEB,6:1,1,0,1,0,0,15:34,
2.10.2022,7.,Tipsport extraliga,TRI – LIB,3:4,1,0,1,1,0,14:45,
29.9.2022,6.,Tipsport extraliga,LIB – PLZ,2:3,0,1,1,0,0,17:54,
27.9.2022,5.,Tipsport extraliga,MBL – LIB,2:1,0,0,0,0,0,17:42,
25.9.2022,4.,Tipsport extraliga,LIB – KOM,2:3,0,0,0,-1,0,16:42,
23.9.2022,3.,Tipsport extraliga,LIT – LIB,2:3,0,0,0,0,0,13:45,
18.9.2022,2.,Tipsport extraliga,LIB – KLA,4:3,0,0,0,0,0,19:07,
16.9.2022,1.,Tipsport extraliga,MHK – LIB,1:2,0,0,0,0,0,16:10,
