datum,kolo,soutěž,zápas,skóre,G,A,B,+-,TM,TOI,
26.2.2023,50.,Tipsport extraliga,KOM – OLO,1:0,0,0,0,0,0,05:23,
24.2.2023,49.,Tipsport extraliga,PCE – KOM,1:3,0,0,0,0,0,12:57,
19.2.2023,48.,Tipsport extraliga,KOM – MBL,1:4,0,0,0,0,0,13:16,
17.2.2023,47.,Tipsport extraliga,LIT – KOM,3:2,0,0,0,0,2,11:43,
15.2.2023,46.,Tipsport extraliga,KOM – PLZ,3:0,0,0,0,0,2,03:56,
5.2.2023,45.,Tipsport extraliga,MHK – KOM,1:0,0,0,0,-1,0,11:34,
3.2.2023,44.,Tipsport extraliga,KOM – TRI,5:1,0,0,0,0,2,04:49,
15.1.2023,38.,Tipsport extraliga,KOM – VIT,2:5,0,0,0,-1,0,03:37,
9.1.2023,36.,CHANCE LIGA,ZLN – SLA,0:4,0,0,0,0,0,02:19,
7.1.2023,35.,CHANCE LIGA,PRE – ZLN,3:4,0,0,0,-1,0,12:50,
4.1.2023,34.,CHANCE LIGA,ZLN – LTM,2:3,0,0,0,0,2,15:52,
29.12.2022,33.,CHANCE LIGA,TRE – ZLN,3:2,0,0,0,0,2,14:47,
27.12.2022,32.,CHANCE LIGA,ZLN – PRO,6:1,1,0,1,2,0,12:40,
21.12.2022,31.,CHANCE LIGA,SOK – ZLN,4:3,0,0,0,-1,0,17:09,
18.12.2022,30.,CHANCE LIGA,ZLN – VSE,2:5,0,0,0,0,0,14:50,
10.12.2022,29.,CHANCE LIGA,JIH – ZLN,4:3,0,0,0,-1,2,16:26,
7.12.2022,28.,CHANCE LIGA,SUM – ZLN,3:1,0,0,0,-1,0,14:33,
4.12.2022,27.,CHANCE LIGA,ZLN – KOL,4:3,0,0,0,1,0,16:24,
2.12.2022,26.,CHANCE LIGA,ZLN – POR,1:3,0,0,0,-1,0,18:55,
30.11.2022,25.,CHANCE LIGA,FRM – ZLN,2:1,0,0,0,-1,,19:53,
26.11.2022,24.,CHANCE LIGA,ZLN – PCE,2:3,0,0,0,0,2,17:35,
23.11.2022,23.,CHANCE LIGA,SLA – ZLN,2:4,0,0,0,2,,17:46,
11.11.2022,22.,CHANCE LIGA,ZLN – PRE,5:1,0,0,0,-1,2,16:39,
5.11.2022,19.,CHANCE LIGA,PRO – ZLN,5:6,1,0,1,0,2,20:43,
2.11.2022,18.,CHANCE LIGA,ZLN – SOK,3:0,0,0,0,0,2,18:45,
29.10.2022,17.,CHANCE LIGA,VSE – ZLN,4:1,0,0,0,-3,2,19:30,
26.10.2022,16.,CHANCE LIGA,ZLN – JIH,1:3,0,1,1,1,0,17:18,
24.10.2022,15.,CHANCE LIGA,ZLN – SUM,7:1,2,0,2,3,0,13:38,
22.10.2022,14.,CHANCE LIGA,KOL – ZLN,4:3,0,0,0,-1,2,16:55,
19.10.2022,13.,CHANCE LIGA,POR – ZLN,5:3,0,1,1,-1,0,17:29,
15.10.2022,12.,CHANCE LIGA,ZLN – FRM,0:4,0,0,0,-2,0,17:55,
12.10.2022,11.,CHANCE LIGA,PCE – ZLN,2:3,0,1,1,0,2,17:10,
10.10.2022,10.,CHANCE LIGA,ZLN – SLA,5:2,0,1,1,1,0,15:03,
8.10.2022,9.,CHANCE LIGA,PRE – ZLN,1:2,0,0,0,0,0,14:06,
5.10.2022,8.,CHANCE LIGA,ZLN – LTM,4:1,0,1,1,0,0,17:25,
1.10.2022,7.,CHANCE LIGA,TRE – ZLN,2:1,0,0,0,0,0,16:24,
28.9.2022,6.,CHANCE LIGA,ZLN – PRO,1:2,0,0,0,-1,0,18:15,
26.9.2022,5.,CHANCE LIGA,SOK – ZLN,2:1,0,0,0,0,4,15:48,
24.9.2022,4.,CHANCE LIGA,ZLN – VSE,0:2,0,0,0,0,0,17:15,
21.9.2022,3.,CHANCE LIGA,JIH – ZLN,1:2,1,0,1,0,0,19:17,
17.9.2022,2.,CHANCE LIGA,SUM – ZLN,2:4,1,1,2,2,,19:33,
14.9.2022,1.,CHANCE LIGA,ZLN – KOL,1:4,0,0,0,-1,0,18:01,
