datum,kolo,soutěž,zápas,skóre,G,A,B,+-,TM,TOI,
19.2.2023,48.,Tipsport extraliga,KLA – OLO,4:5,0,1,1,1,2,16:16,
17.2.2023,47.,Tipsport extraliga,OLO – LIB,2:3,0,0,0,1,0,26:13,
3.2.2023,44.,Tipsport extraliga,PCE – OLO,4:1,0,1,1,-2,0,18:07,
29.1.2023,43.,Tipsport extraliga,OLO – KVA,3:4,0,0,0,0,0,22:02,
24.1.2023,41.,Tipsport extraliga,MBL – OLO,4:0,0,0,0,-1,0,20:56,
22.1.2023,40.,Tipsport extraliga,OLO – PLZ,3:2,0,0,0,-1,0,26:36,
20.1.2023,39.,Tipsport extraliga,OLO – LIT,1:8,0,1,1,-3,0,17:46,
17.1.2023,38.,Tipsport extraliga,TRI – OLO,1:3,0,0,0,1,0,20:24,
11.1.2023,37.,Tipsport extraliga,OLO – KOM,1:4,0,0,0,-1,0,22:33,
8.1.2023,36.,Tipsport extraliga,MHK – OLO,5:4,0,0,0,2,0,26:48,
6.1.2023,35.,Tipsport extraliga,OLO – KLA,6:2,1,3,4,4,0,14:56,
3.1.2023,34.,Tipsport extraliga,LIB – OLO,6:1,0,0,0,-1,2,18:39,
30.12.2022,33.,Tipsport extraliga,OLO – VIT,2:4,0,0,0,-1,0,22:16,
28.12.2022,32.,Tipsport extraliga,CEB – OLO,4:2,0,0,0,-2,2,28:30,
26.12.2022,31.,Tipsport extraliga,OLO – PCE,3:2,0,2,2,-1,0,24:18,
22.12.2022,30.,Tipsport extraliga,KVA – OLO,0:3,0,0,0,1,0,25:56,
20.12.2022,29.,Tipsport extraliga,OLO – SPA,0:1,0,0,0,0,0,24:42,
11.12.2022,28.,Tipsport extraliga,OLO – MBL,2:0,0,0,0,0,2,26:33,
9.12.2022,27.,Tipsport extraliga,PLZ – OLO,5:4,0,0,0,-1,0,21:38,
4.12.2022,26.,Tipsport extraliga,LIT – OLO,5:3,0,0,0,0,0,23:42,
2.12.2022,25.,Tipsport extraliga,OLO – TRI,4:2,0,0,0,2,0,22:05,
29.11.2022,24.,Tipsport extraliga,KOM – OLO,1:0,0,0,0,0,2,21:29,
27.11.2022,23.,Tipsport extraliga,OLO – MHK,5:0,1,1,2,2,2,23:22,
25.11.2022,22.,Tipsport extraliga,KLA – OLO,5:2,0,0,0,0,0,21:28,
22.11.2022,12.,Tipsport extraliga,TRI – OLO,2:3,0,1,1,2,0,22:15,
20.11.2022,21.,Tipsport extraliga,OLO – LIB,4:1,1,1,2,0,0,22:01,
18.11.2022,20.,Tipsport extraliga,VIT – OLO,3:0,0,0,0,0,0,21:51,
15.11.2022,4.,Tipsport extraliga,KVA – OLO,3:2,0,0,0,0,0,22:19,
6.11.2022,19.,Tipsport extraliga,OLO – CEB,3:1,0,0,0,1,0,26:25,
3.11.2022,18.,Tipsport extraliga,PCE – OLO,3:0,0,0,0,-1,0,20:41,
1.11.2022,17.,Tipsport extraliga,OLO – KVA,2:0,0,1,1,2,2,22:11,
30.10.2022,16.,Tipsport extraliga,SPA – OLO,2:5,0,0,0,1,0,20:48,
28.10.2022,15.,Tipsport extraliga,MBL – OLO,2:3,0,0,0,0,0,25:53,
23.10.2022,14.,Tipsport extraliga,OLO – PLZ,1:4,0,1,1,-3,0,21:17,
21.10.2022,13.,Tipsport extraliga,OLO – LIT,5:3,0,1,1,0,0,21:48,
16.10.2022,11.,Tipsport extraliga,OLO – KOM,2:3,1,0,1,-1,0,21:00,
14.10.2022,10.,Tipsport extraliga,MHK – OLO,0:3,0,1,1,3,0,21:12,
9.10.2022,9.,Tipsport extraliga,OLO – KLA,3:0,0,0,0,0,2,22:42,
7.10.2022,8.,Tipsport extraliga,LIB – OLO,6:2,0,0,0,-1,0,21:41,
2.10.2022,7.,Tipsport extraliga,OLO – VIT,5:4,1,0,1,3,0,24:04,
30.9.2022,6.,Tipsport extraliga,CEB – OLO,1:2,1,0,1,0,0,24:59,
27.9.2022,5.,Tipsport extraliga,OLO – PCE,1:2,0,1,1,-1,2,23:31,
22.9.2022,3.,Tipsport extraliga,OLO – SPA,4:0,0,0,0,0,0,22:36,
18.9.2022,2.,Tipsport extraliga,OLO – MBL,2:1,0,0,0,0,2,22:56,
16.9.2022,1.,Tipsport extraliga,PLZ – OLO,1:2,0,0,0,0,0,19:32,
