datum,kolo,soutěž,zápas,skóre,G,A,B,+-,TM,TOI,
26.2.2023,38.,Liga juniorů,KLA – VSE,4:1,1,1,2,0,2,-,
24.2.2023,37.,Liga juniorů,PIS – KLA,2:4,0,1,1,0,0,-,
19.2.2023,36.,Liga juniorů,KLA – SLA,4:2,0,1,1,0,0,-,
17.2.2023,47.,Tipsport extraliga,PLZ – KLA,0:3,0,0,0,1,2,10:25,
15.2.2023,46.,Tipsport extraliga,KLA – MBL,2:1,0,0,0,-1,0,14:03,
5.2.2023,45.,Tipsport extraliga,TRI – KLA,5:4,0,0,0,1,0,15:37,
3.2.2023,44.,Tipsport extraliga,KLA – LIT,5:2,0,2,2,3,0,17:50,
29.1.2023,43.,Tipsport extraliga,MHK – KLA,4:2,0,0,0,-1,0,11:09,
24.1.2023,41.,Tipsport extraliga,KLA – LIB,3:2,0,0,0,0,0,15:12,
22.1.2023,40.,Tipsport extraliga,PCE – KLA,4:2,0,0,0,0,0,14:10,
20.1.2023,39.,Tipsport extraliga,KVA – KLA,4:2,0,0,0,0,0,12:47,
18.1.2023,27.,Tipsport extraliga,KLA – PCE,1:4,0,0,0,-1,0,20:03,
15.1.2023,38.,Tipsport extraliga,CEB – KLA,6:2,0,0,0,0,0,14:05,
13.1.2023,37.,Tipsport extraliga,VIT – KLA,0:3,0,0,0,0,0,12:37,
6.1.2023,,MS 20 – 2023 – play off,CZE – CAN,2:3,0,0,0,0,,-,
4.1.2023,,MS 20 – 2023 – play off,CZE – SWE,2:1,0,0,0,0,2,-,
2.1.2023,,MS 20 – 2023 – play off,CZE – SUI,9:1,0,2,2,0,,-,
31.12.2022,,MS 20 – 2023 – sk. A,CZE – GER,8:1,0,0,0,0,,-,
29.12.2022,,MS 20 – 2023 – sk. A,SWE – CZE,3:2,1,0,1,0,,-,
28.12.2022,,MS 20 – 2023 – sk. A,AUT – CZE,0:9,0,0,0,0,,-,
27.12.2022,,MS 20 – 2023 – sk. A,CZE – CAN,5:2,0,0,0,0,,-,
23.12.2022,,Reprezentace 20 – příp.,SUI – CZE,4:2,0,0,0,0,,-,
21.12.2022,,Reprezentace 20 – příp.,CZE – LAT,6:3,0,0,0,0,,-,
11.12.2022,28.,Tipsport extraliga,LIB – KLA,7:3,0,0,0,-2,0,16:58,
4.12.2022,26.,Tipsport extraliga,KLA – KVA,4:1,0,0,0,-1,0,12:49,
2.12.2022,25.,Tipsport extraliga,KLA – CEB,1:6,0,0,0,0,2,12:38,
29.11.2022,24.,Tipsport extraliga,KLA – VIT,2:3,0,0,0,-1,0,15:41,
27.11.2022,23.,Tipsport extraliga,SPA – KLA,5:1,0,0,0,-1,0,15:34,
25.11.2022,22.,Tipsport extraliga,KLA – OLO,5:2,0,1,1,2,0,19:17,
20.11.2022,21.,Tipsport extraliga,PLZ – KLA,1:2,0,1,1,0,0,20:58,
18.11.2022,20.,Tipsport extraliga,KLA – MBL,1:2,0,0,0,0,0,13:01,
13.11.2022,,Turnaj pěti v Porubě – 20,CZE – FIN,0:4,0,0,0,-3,0,17:05,
12.11.2022,,Turnaj pěti v Porubě – 20,CZE – FIN,6:3,0,0,0,0,0,16:14,
10.11.2022,,Turnaj pěti v Porubě – 20,CZE – SWE,3:4,0,0,0,3,0,17:20,
6.11.2022,19.,Tipsport extraliga,TRI – KLA,8:0,0,0,0,-2,0,12:09,
4.11.2022,18.,Tipsport extraliga,KLA – LIT,3:2,0,0,0,-1,0,17:44,
1.11.2022,17.,Tipsport extraliga,MHK – KLA,8:7,0,0,0,0,0,13:10,
30.10.2022,16.,Tipsport extraliga,KLA – KOM,3:5,0,0,0,-2,0,16:38,
28.10.2022,15.,Tipsport extraliga,KLA – LIB,3:2,0,0,0,1,0,17:29,
23.10.2022,14.,Tipsport extraliga,PCE – KLA,6:2,0,0,0,-2,0,19:58,
21.10.2022,13.,Tipsport extraliga,KVA – KLA,4:3,0,0,0,-2,0,20:07,
18.10.2022,12.,Tipsport extraliga,KLA – CEB,2:1,0,0,0,-1,2,16:33,
16.10.2022,11.,Tipsport extraliga,VIT – KLA,2:0,0,0,0,-1,2,16:34,
14.10.2022,10.,Tipsport extraliga,KLA – SPA,2:5,0,0,0,0,2,14:57,
9.10.2022,9.,Tipsport extraliga,OLO – KLA,3:0,0,0,0,-1,2,14:15,
7.10.2022,8.,Tipsport extraliga,KLA – PLZ,0:4,0,0,0,-1,0,17:50,
2.10.2022,7.,Tipsport extraliga,MBL – KLA,4:0,0,0,0,-2,0,16:45,
29.9.2022,6.,Tipsport extraliga,KLA – TRI,1:2,0,0,0,1,0,17:39,
27.9.2022,5.,Tipsport extraliga,LIT – KLA,1:2,0,0,0,-1,0,16:43,
25.9.2022,4.,Tipsport extraliga,KLA – MHK,2:1,0,0,0,0,0,17:11,
23.9.2022,3.,Tipsport extraliga,KOM – KLA,1:3,0,1,1,1,0,19:28,
18.9.2022,2.,Tipsport extraliga,LIB – KLA,4:3,0,0,0,0,0,22:22,
16.9.2022,1.,Tipsport extraliga,KLA – PCE,4:5,0,0,0,-1,0,18:06,
