datum,kolo,soutěž,zápas,skóre,G,A,B,+-,TM,TOI,
26.2.2023,50.,Tipsport extraliga,LIT – PLZ,2:0,0,0,0,0,0,10:00,
24.2.2023,49.,Tipsport extraliga,MBL – LIT,1:2,0,0,0,0,0,11:30,
19.2.2023,48.,Tipsport extraliga,LIT – TRI,4:3,0,0,0,0,0,09:04,
17.2.2023,47.,Tipsport extraliga,LIT – KOM,3:2,0,0,0,0,2,08:47,
15.2.2023,46.,Tipsport extraliga,MHK – LIT,3:0,0,0,0,-1,0,02:02,
13.2.2023,46.,CHANCE LIGA,JIH – LTM,3:2,1,1,2,2,0,14:11,
3.2.2023,44.,Tipsport extraliga,KLA – LIT,5:2,0,0,0,0,0,09:18,
25.1.2023,41.,Tipsport extraliga,SPA – LIT,3:2,0,0,0,0,4,10:03,
22.1.2023,40.,Tipsport extraliga,VIT – LIT,2:3,0,0,0,0,2,11:58,
20.1.2023,39.,Tipsport extraliga,OLO – LIT,1:8,0,0,0,0,0,12:21,
18.1.2023,39.,CHANCE LIGA,SLA – JIH,3:2,0,0,0,0,2,15:52,
20.12.2022,29.,Tipsport extraliga,LIT – LIB,3:2,0,0,0,0,0,02:54,
11.12.2022,28.,Tipsport extraliga,LIT – SPA,5:2,0,0,0,0,0,08:32,
9.12.2022,27.,Tipsport extraliga,LIT – VIT,5:3,1,0,1,1,0,08:20,
7.12.2022,28.,CHANCE LIGA,FRM – JIH,1:4,0,0,0,1,0,17:36,
5.12.2022,27.,CHANCE LIGA,JIH – POR,2:3,0,2,2,1,2,18:38,
3.12.2022,26.,CHANCE LIGA,JIH – SLA,5:2,1,0,1,1,0,17:29,
30.11.2022,25.,CHANCE LIGA,PCE – JIH,2:4,0,1,1,0,2,17:20,
26.11.2022,24.,CHANCE LIGA,JIH – PRE,1:2,0,0,0,0,0,16:51,
23.11.2022,23.,CHANCE LIGA,KOL – JIH,6:1,1,0,1,0,,19:51,
20.11.2022,22.,CHANCE LIGA,JIH – TRE,2:6,0,0,0,0,,15:11,
16.11.2022,21.,CHANCE LIGA,SOK – JIH,1:2,0,2,2,2,0,17:55,
14.11.2022,20.,CHANCE LIGA,JIH – LTM,2:5,0,0,0,-2,,18:47,
5.11.2022,19.,CHANCE LIGA,VSE – JIH,1:2,0,0,0,1,,18:05,
2.11.2022,18.,CHANCE LIGA,JIH – PRO,3:5,1,0,1,-1,,18:26,
29.10.2022,17.,CHANCE LIGA,JIH – SUM,3:4,0,0,0,0,0,19:15,
26.10.2022,16.,CHANCE LIGA,ZLN – JIH,1:3,1,1,2,0,0,20:35,
24.10.2022,15.,CHANCE LIGA,JIH – FRM,4:1,0,0,0,0,2,17:19,
22.10.2022,14.,CHANCE LIGA,POR – JIH,4:1,0,0,0,-1,0,17:37,
19.10.2022,13.,CHANCE LIGA,SLA – JIH,2:3,0,0,0,-1,0,17:08,
15.10.2022,12.,CHANCE LIGA,JIH – PCE,3:2,1,1,2,1,0,14:30,
12.10.2022,11.,CHANCE LIGA,PRE – JIH,2:3,1,1,2,1,0,15:34,
10.10.2022,10.,CHANCE LIGA,JIH – KOL,3:2,0,0,0,0,0,16:21,
8.10.2022,9.,CHANCE LIGA,TRE – JIH,4:1,0,0,0,-1,0,14:53,
2.10.2022,7.,Tipsport extraliga,LIT – MHK,3:2,0,0,0,0,0,01:08,
28.9.2022,6.,CHANCE LIGA,JIH – VSE,2:1,0,0,0,-1,,14:18,
26.9.2022,5.,CHANCE LIGA,PRO – JIH,2:4,0,3,3,2,,15:49,
16.9.2022,1.,Tipsport extraliga,LIT – VIT,2:3,0,0,0,0,0,06:25,
