datum,kolo,soutěž,zápas,skóre,G,A,B,+-,TM,TOI,
26.2.2023,50.,Tipsport extraliga,KVA – CEB,5:1,1,0,1,2,0,07:58,
24.2.2023,49.,Tipsport extraliga,VIT – KVA,6:1,0,0,0,-2,0,18:24,
19.2.2023,48.,Tipsport extraliga,KVA – PCE,0:5,0,0,0,-2,0,18:40,
17.2.2023,47.,Tipsport extraliga,MBL – KVA,0:2,0,1,1,0,0,19:57,
15.2.2023,46.,Tipsport extraliga,KVA – SPA,3:6,0,0,0,-1,2,18:12,
12.2.2023,,Beijer Hockey Games 2023,SUI – CZE,1:2,0,0,0,-1,0,-,
11.2.2023,,Beijer Hockey Games 2023,FIN – CZE,6:1,0,0,0,-2,0,-,
9.2.2023,,Beijer Hockey Games 2023,CZE – SWE,2:1,0,0,0,0,0,-,
5.2.2023,45.,Tipsport extraliga,LIT – KVA,1:2,0,1,1,1,0,22:49,
3.2.2023,44.,Tipsport extraliga,KVA – PLZ,3:1,0,0,0,0,0,21:49,
31.1.2023,33.,Tipsport extraliga,SPA – KVA,6:3,0,0,0,-1,0,18:19,
29.1.2023,43.,Tipsport extraliga,OLO – KVA,3:4,0,1,1,0,0,20:12,
27.1.2023,42.,Tipsport extraliga,KVA – TRI,4:1,1,0,1,1,0,18:02,
24.1.2023,41.,Tipsport extraliga,MHK – KVA,3:0,0,0,0,-1,2,17:25,
22.1.2023,40.,Tipsport extraliga,KVA – KOM,5:4,0,3,3,1,0,22:41,
20.1.2023,39.,Tipsport extraliga,KVA – KLA,4:2,2,0,2,2,0,20:46,
15.1.2023,38.,Tipsport extraliga,LIB – KVA,3:1,0,1,1,0,2,18:31,
13.1.2023,37.,Tipsport extraliga,CEB – KVA,2:4,1,0,1,1,0,19:04,
8.1.2023,36.,Tipsport extraliga,KVA – VIT,1:3,0,0,0,-1,12,20:11,
6.1.2023,35.,Tipsport extraliga,PCE – KVA,7:4,0,1,1,-2,0,19:28,
3.1.2023,34.,Tipsport extraliga,KVA – MBL,4:1,0,0,0,1,0,20:37,
28.12.2022,32.,Tipsport extraliga,KVA – LIT,3:0,1,0,1,1,0,21:23,
26.12.2022,31.,Tipsport extraliga,PLZ – KVA,1:0,0,0,0,0,0,20:55,
22.12.2022,30.,Tipsport extraliga,KVA – OLO,0:3,0,0,0,0,4,19:47,
20.12.2022,29.,Tipsport extraliga,TRI – KVA,4:2,0,1,1,0,0,19:34,
18.12.2022,,Swiss Ice Hockey Games 2022,CZE – SWE,0:4,0,0,0,0,0,-,
17.12.2022,,Swiss Ice Hockey Games 2022,SUI – CZE,1:2,0,0,0,0,2,-,
15.12.2022,,Swiss Ice Hockey Games 2022,FIN – CZE,2:3,0,1,1,1,0,-,
11.12.2022,28.,Tipsport extraliga,KVA – MHK,1:4,1,0,1,1,0,21:24,
9.12.2022,27.,Tipsport extraliga,KOM – KVA,2:3,0,0,0,0,0,18:30,
4.12.2022,26.,Tipsport extraliga,KLA – KVA,4:1,0,0,0,-3,0,19:32,
2.12.2022,25.,Tipsport extraliga,KVA – LIB,0:2,0,0,0,0,0,18:01,
29.11.2022,24.,Tipsport extraliga,CEB – KVA,0:3,0,1,1,1,2,21:11,
27.11.2022,23.,Tipsport extraliga,VIT – KVA,4:2,0,0,0,-1,0,19:32,
25.11.2022,22.,Tipsport extraliga,KVA – PCE,1:3,0,1,1,-2,0,17:46,
20.11.2022,21.,Tipsport extraliga,KVA – MBL,4:3,0,0,0,0,2,19:55,
18.11.2022,20.,Tipsport extraliga,KVA – SPA,1:5,1,0,1,-1,0,16:38,
15.11.2022,4.,Tipsport extraliga,KVA – OLO,3:2,0,0,0,0,0,22:14,
1.11.2022,17.,Tipsport extraliga,OLO – KVA,2:0,0,0,0,0,0,08:55,
30.10.2022,16.,Tipsport extraliga,KVA – TRI,2:6,0,1,1,-2,0,18:02,
28.10.2022,15.,Tipsport extraliga,MHK – KVA,1:2,0,0,0,0,2,19:50,
23.10.2022,14.,Tipsport extraliga,KVA – KOM,2:3,0,0,0,-1,0,21:44,
21.10.2022,13.,Tipsport extraliga,KVA – KLA,4:3,0,0,0,0,0,19:20,
18.10.2022,12.,Tipsport extraliga,LIB – KVA,3:4,0,1,1,0,0,21:14,
16.10.2022,11.,Tipsport extraliga,KVA – CEB,4:3,1,0,1,1,0,17:47,
14.10.2022,10.,Tipsport extraliga,KVA – VIT,4:5,0,0,0,-1,0,18:47,
9.10.2022,9.,Tipsport extraliga,PCE – KVA,2:4,1,1,2,1,0,20:06,
6.10.2022,8.,Tipsport extraliga,MBL – KVA,0:1,0,0,0,0,0,20:49,
4.10.2022,6.,Tipsport extraliga,KVA – LIT,1:4,0,0,0,-2,0,18:38,
2.10.2022,7.,Tipsport extraliga,SPA – KVA,4:5,1,0,1,0,2,18:43,
27.9.2022,5.,Tipsport extraliga,PLZ – KVA,6:3,0,1,1,-2,0,19:47,
23.9.2022,3.,Tipsport extraliga,TRI – KVA,1:2,0,0,0,-1,0,17:05,
18.9.2022,2.,Tipsport extraliga,KVA – MHK,2:3,1,0,1,0,0,18:29,
15.9.2022,1.,Tipsport extraliga,KOM – KVA,6:1,0,0,0,-1,0,16:57,
