datum,kolo,soutěž,zápas,skóre,G,A,B,+-,TM,TOI,
26.2.2023,50.,Tipsport extraliga,KVA – CEB,5:1,0,0,0,0,0,10:41,
24.2.2023,49.,Tipsport extraliga,VIT – KVA,6:1,0,0,0,-2,0,23:51,
19.2.2023,48.,Tipsport extraliga,KVA – PCE,0:5,0,0,0,-2,0,18:17,
17.2.2023,47.,Tipsport extraliga,MBL – KVA,0:2,0,0,0,0,2,17:55,
5.2.2023,45.,Tipsport extraliga,LIT – KVA,1:2,0,0,0,0,4,14:20,
3.2.2023,44.,Tipsport extraliga,KVA – PLZ,3:1,0,0,0,0,2,16:17,
31.1.2023,33.,Tipsport extraliga,SPA – KVA,6:3,0,0,0,1,0,16:52,
29.1.2023,43.,Tipsport extraliga,OLO – KVA,3:4,0,0,0,0,2,12:56,
27.1.2023,42.,Tipsport extraliga,KVA – TRI,4:1,0,1,1,0,0,17:06,
24.1.2023,41.,Tipsport extraliga,MHK – KVA,3:0,0,0,0,0,0,16:11,
22.1.2023,40.,Tipsport extraliga,KVA – KOM,5:4,0,0,0,0,2,12:37,
20.1.2023,39.,Tipsport extraliga,KVA – KLA,4:2,0,0,0,1,0,11:17,
15.1.2023,38.,Tipsport extraliga,LIB – KVA,3:1,0,0,0,-1,0,15:59,
13.1.2023,37.,Tipsport extraliga,CEB – KVA,2:4,0,0,0,1,0,13:52,
8.1.2023,36.,Tipsport extraliga,KVA – VIT,1:3,0,0,0,-2,0,11:01,
6.1.2023,35.,Tipsport extraliga,PCE – KVA,7:4,0,0,0,-1,0,16:12,
3.1.2023,34.,Tipsport extraliga,KVA – MBL,4:1,0,0,0,0,2,18:54,
28.12.2022,32.,Tipsport extraliga,KVA – LIT,3:0,0,0,0,0,0,14:23,
26.12.2022,31.,Tipsport extraliga,PLZ – KVA,1:0,0,0,0,0,2,05:58,
22.12.2022,30.,Tipsport extraliga,KVA – OLO,0:3,0,0,0,-1,0,19:45,
20.12.2022,29.,Tipsport extraliga,TRI – KVA,4:2,0,0,0,-2,0,18:18,
11.12.2022,28.,Tipsport extraliga,KVA – MHK,1:4,0,0,0,-1,2,21:33,
9.12.2022,27.,Tipsport extraliga,KOM – KVA,2:3,0,0,0,2,0,17:28,
4.12.2022,26.,Tipsport extraliga,KLA – KVA,4:1,0,0,0,-1,0,24:49,
2.12.2022,25.,Tipsport extraliga,KVA – LIB,0:2,0,0,0,-1,0,21:11,
29.11.2022,24.,Tipsport extraliga,CEB – KVA,0:3,0,0,0,0,0,18:30,
27.11.2022,23.,Tipsport extraliga,VIT – KVA,4:2,0,0,0,0,0,19:02,
25.11.2022,22.,Tipsport extraliga,KVA – PCE,1:3,0,0,0,-1,0,18:04,
20.11.2022,21.,Tipsport extraliga,KVA – MBL,4:3,1,1,2,-1,0,17:04,
18.11.2022,20.,Tipsport extraliga,KVA – SPA,1:5,0,0,0,0,0,17:55,
15.11.2022,4.,Tipsport extraliga,KVA – OLO,3:2,0,0,0,-2,0,17:10,
6.11.2022,19.,Tipsport extraliga,MHK – KOM,5:1,0,0,0,2,0,11:11,
4.11.2022,18.,Tipsport extraliga,CEB – MHK,2:1,0,0,0,0,4,15:26,
1.11.2022,17.,Tipsport extraliga,MHK – KLA,8:7,0,0,0,1,0,11:06,
30.10.2022,16.,Tipsport extraliga,VIT – MHK,5:2,0,1,1,0,0,12:12,
23.10.2022,14.,Tipsport extraliga,LIB – MHK,3:6,0,1,1,-1,0,14:05,
21.10.2022,13.,Tipsport extraliga,PCE – MHK,5:2,0,0,0,0,0,05:49,
18.10.2022,12.,Tipsport extraliga,MHK – SPA,3:2,0,1,1,1,2,12:03,
16.10.2022,11.,Tipsport extraliga,MBL – MHK,0:2,0,0,0,0,0,12:26,
