datum,kolo,soutěž,zápas,skóre,G,A,B,+-,TM,TOI,
26.2.2023,50.,Tipsport extraliga,MHK – MBL,3:2,0,0,0,-1,0,10:35,
24.2.2023,49.,Tipsport extraliga,OLO – MHK,0:4,0,0,0,0,0,15:02,
19.2.2023,48.,Tipsport extraliga,MHK – PLZ,2:1,0,0,0,-1,0,16:38,
17.2.2023,47.,Tipsport extraliga,TRI – MHK,1:2,0,0,0,0,0,14:50,
15.2.2023,46.,Tipsport extraliga,MHK – LIT,3:0,0,0,0,0,0,17:34,
13.2.2023,8.,Tipsport extraliga,MHK – TRI,4:3,0,0,0,0,0,14:35,
5.2.2023,45.,Tipsport extraliga,MHK – KOM,1:0,0,0,0,0,0,18:27,
2.2.2023,44.,Tipsport extraliga,CEB – MHK,2:3,0,0,0,1,0,15:54,
29.1.2023,43.,Tipsport extraliga,MHK – KLA,4:2,0,3,3,2,2,17:17,
27.1.2023,42.,Tipsport extraliga,VIT – MHK,2:5,0,2,2,2,2,17:15,
24.1.2023,41.,Tipsport extraliga,MHK – KVA,3:0,1,0,1,1,0,14:58,
22.1.2023,40.,Tipsport extraliga,LIB – MHK,3:1,0,0,0,-3,0,16:14,
20.1.2023,39.,Tipsport extraliga,PCE – MHK,4:1,0,0,0,-2,0,21:20,
15.1.2023,38.,Tipsport extraliga,MHK – SPA,3:4,0,1,1,1,5,17:39,
13.1.2023,37.,Tipsport extraliga,MBL – MHK,3:2,1,0,1,0,0,17:53,
10.1.2023,27.,Tipsport extraliga,MHK – LIB,5:4,0,0,0,1,0,20:02,
8.1.2023,36.,Tipsport extraliga,MHK – OLO,5:4,1,0,1,0,0,20:50,
5.1.2023,35.,Tipsport extraliga,PLZ – MHK,0:4,1,0,1,1,0,16:36,
3.1.2023,34.,Tipsport extraliga,MHK – TRI,2:3,0,1,1,0,0,19:19,
30.12.2022,33.,Tipsport extraliga,LIT – MHK,2:3,0,0,0,0,2,18:34,
28.12.2022,32.,Tipsport extraliga,KOM – MHK,2:3,0,1,1,0,2,21:39,
26.12.2022,31.,Tipsport extraliga,MHK – CEB,1:4,0,0,0,-1,2,18:09,
22.12.2022,30.,Tipsport extraliga,KLA – MHK,3:6,0,0,0,1,0,15:15,
20.12.2022,29.,Tipsport extraliga,MHK – VIT,4:3,0,1,1,-1,0,14:45,
