datum,kolo,soutěž,zápas,skóre,G,A,B,+-,TM,TOI,
25.2.2023,50.,CHANCE LIGA,SOK – LTM,3:4,0,1,1,1,0,12:29,
22.2.2023,49.,CHANCE LIGA,LTM – PRO,4:3,0,0,0,0,0,16:04,
11.2.2023,24.,CHANCE LIGA,SOK – LTM,6:4,0,0,0,-1,0,20:15,
4.2.2023,45.,CHANCE LIGA,LTM – SUM,3:0,0,0,0,0,0,18:43,
1.2.2023,44.,CHANCE LIGA,POR – LTM,1:3,0,0,0,0,2,16:33,
30.1.2023,43.,CHANCE LIGA,LTM – SLA,1:2,0,1,1,1,0,12:40,
28.1.2023,42.,CHANCE LIGA,KOL – LTM,5:2,0,0,0,-1,2,12:40,
27.1.2023,42.,Tipsport extraliga,CEB – MBL,5:4,1,0,1,1,0,08:51,
25.1.2023,41.,CHANCE LIGA,LTM – PCE,5:6,1,1,2,1,0,20:51,
24.1.2023,41.,Tipsport extraliga,KOM – CEB,5:2,0,0,0,0,2,04:39,
22.1.2023,40.,Tipsport extraliga,CEB – TRI,3:2,0,0,0,0,0,02:52,
21.1.2023,40.,CHANCE LIGA,PRE – LTM,1:2,0,0,0,-1,0,17:37,
20.1.2023,39.,Tipsport extraliga,CEB – PLZ,3:4,0,0,0,-1,0,04:46,
17.1.2023,21.,Tipsport extraliga,SPA – CEB,5:0,0,0,0,0,0,10:49,
15.1.2023,38.,Tipsport extraliga,CEB – KLA,6:2,0,0,0,0,0,04:45,
14.1.2023,38.,CHANCE LIGA,LTM – TRE,2:1,0,0,0,0,0,16:22,
11.1.2023,37.,CHANCE LIGA,LTM – SOK,4:6,1,0,1,-2,0,16:38,
9.1.2023,36.,CHANCE LIGA,PRO – LTM,3:5,1,0,1,2,0,14:03,
7.1.2023,35.,CHANCE LIGA,LTM – VSE,3:0,0,0,0,0,0,17:52,
6.1.2023,35.,Tipsport extraliga,CEB – VIT,0:2,0,0,0,-1,0,05:27,
4.1.2023,34.,CHANCE LIGA,ZLN – LTM,2:3,0,0,0,0,0,22:06,
30.12.2022,33.,Tipsport extraliga,PCE – CEB,4:1,0,0,0,-1,0,09:03,
29.12.2022,33.,CHANCE LIGA,LTM – JIH,5:0,0,0,0,0,0,20:49,
27.12.2022,32.,CHANCE LIGA,SUM – LTM,6:3,0,0,0,-1,0,16:31,
26.12.2022,31.,Tipsport extraliga,MHK – CEB,1:4,0,0,0,0,0,08:24,
21.12.2022,31.,CHANCE LIGA,LTM – POR,2:1,0,1,1,0,0,16:23,
19.12.2022,30.,CHANCE LIGA,SLA – LTM,7:2,1,0,1,0,0,17:35,
10.12.2022,29.,CHANCE LIGA,LTM – KOL,2:1,0,0,0,0,0,18:18,
7.12.2022,28.,CHANCE LIGA,PCE – LTM,4:1,0,0,0,-1,0,18:56,
4.12.2022,27.,CHANCE LIGA,LTM – PRE,2:1,1,0,1,1,0,15:36,
3.12.2022,26.,CHANCE LIGA,LTM – FRM,2:1,0,0,0,0,0,14:26,
30.11.2022,25.,CHANCE LIGA,TRE – LTM,2:4,0,2,2,2,,18:07,
27.11.2022,23.,Tipsport extraliga,CEB – LIB,4:1,0,0,0,0,0,04:04,
19.11.2022,18.,2. liga – Západ – z. č.,CHM – DEC,3:2,0,1,1,0,0,-,
17.11.2022,20.,Tipsport extraliga,CEB – PCE,2:4,0,0,0,0,0,05:20,
1.11.2022,17.,Tipsport extraliga,LIT – CEB,6:4,0,0,0,0,0,11:09,
30.10.2022,16.,Tipsport extraliga,CEB – MBL,3:0,1,0,1,1,0,11:44,
28.10.2022,15.,Tipsport extraliga,KOM – CEB,3:0,0,0,0,0,0,12:30,
23.10.2022,14.,Tipsport extraliga,CEB – TRI,3:2,0,0,0,0,0,06:27,
20.10.2022,13.,Tipsport extraliga,CEB – PLZ,3:2,0,0,0,0,0,07:40,
18.10.2022,12.,Tipsport extraliga,KLA – CEB,2:1,0,0,0,0,2,07:29,
16.10.2022,11.,Tipsport extraliga,KVA – CEB,4:3,1,0,1,0,2,11:23,
12.10.2022,7.,2. liga – Západ – z. č.,CHM – CHB,2:1,0,1,1,0,0,-,
8.10.2022,6.,2. liga – Západ – z. č.,LET – CHM,3:2,0,1,1,0,0,-,
5.10.2022,5.,2. liga – Západ – z. č.,PRI – CHM,6:3,0,1,1,0,0,-,
4.10.2022,10.,Tipsport extraliga,LIB – CEB,6:1,0,0,0,0,0,04:03,
2.10.2022,7.,Tipsport extraliga,PCE – CEB,6:1,0,0,0,-1,0,11:45,
30.9.2022,6.,Tipsport extraliga,CEB – OLO,1:2,0,0,0,0,0,02:48,
28.9.2022,3.,2. liga – Západ – z. č.,CHM – JBN,6:4,2,1,3,0,2,-,
27.9.2022,5.,Tipsport extraliga,MHK – CEB,3:1,0,0,0,-1,2,04:45,
24.9.2022,2.,2. liga – Západ – z. č.,VRC – CHM,0:5,0,1,1,0,2,-,
21.9.2022,1.,2. liga – Západ – z. č.,CHM – KLT,6:2,2,1,3,1,0,-,
20.9.2022,4.,Tipsport extraliga,CEB – LIT,6:3,0,0,0,0,0,04:43,
18.9.2022,2.,Tipsport extraliga,CEB – KOM,6:2,0,0,0,-1,0,09:20,
16.9.2022,1.,Tipsport extraliga,TRI – CEB,0:2,0,0,0,0,0,04:16,
