datum,kolo,soutěž,zápas,skóre,G,A,B,+-,TM,TOI,
17.2.2023,47.,Tipsport extraliga,LIT – KOM,3:2,0,0,0,-1,0,15:43,
3.2.2023,44.,Tipsport extraliga,KLA – LIT,5:2,0,0,0,0,0,07:20,
29.1.2023,43.,Tipsport extraliga,LIT – CEB,1:0,0,0,0,0,0,17:25,
27.1.2023,42.,Tipsport extraliga,LIB – LIT,5:1,0,0,0,-2,0,13:14,
25.1.2023,41.,Tipsport extraliga,SPA – LIT,3:2,0,0,0,1,0,13:05,
8.1.2023,36.,Tipsport extraliga,LIT – MBL,4:3,0,0,0,0,2,16:02,
6.1.2023,35.,Tipsport extraliga,TRI – LIT,3:2,0,0,0,0,0,18:35,
3.1.2023,34.,Tipsport extraliga,KOM – LIT,3:1,0,0,0,0,0,10:47,
30.12.2022,33.,Tipsport extraliga,LIT – MHK,2:3,0,0,0,0,0,10:45,
28.12.2022,32.,Tipsport extraliga,KVA – LIT,3:0,0,0,0,0,0,11:45,
26.12.2022,31.,Tipsport extraliga,LIT – KLA,2:3,0,0,0,0,0,07:11,
22.12.2022,30.,Tipsport extraliga,CEB – LIT,2:5,0,0,0,1,2,11:00,
4.12.2022,26.,Tipsport extraliga,LIT – OLO,5:3,0,0,0,-1,0,03:50,
29.11.2022,24.,Tipsport extraliga,LIT – PLZ,2:4,0,0,0,0,0,14:41,
27.11.2022,23.,Tipsport extraliga,MBL – LIT,6:4,0,0,0,-1,0,15:48,
25.11.2022,22.,Tipsport extraliga,LIT – TRI,1:2,0,0,0,0,0,18:38,
20.11.2022,21.,Tipsport extraliga,LIT – KOM,5:1,0,1,1,2,0,19:58,
18.11.2022,20.,Tipsport extraliga,MHK – LIT,3:0,0,0,0,-1,2,14:32,
6.11.2022,19.,Tipsport extraliga,LIT – KVA,5:3,0,0,0,-1,0,17:31,
4.11.2022,18.,Tipsport extraliga,KLA – LIT,3:2,0,0,0,0,0,20:43,
1.11.2022,17.,Tipsport extraliga,LIT – CEB,6:4,0,0,0,-2,0,18:02,
30.10.2022,16.,Tipsport extraliga,LIB – LIT,2:3,0,0,0,-1,2,16:44,
28.10.2022,15.,Tipsport extraliga,LIT – SPA,4:0,0,0,0,0,0,20:39,
23.10.2022,14.,Tipsport extraliga,VIT – LIT,5:3,1,0,1,-2,0,18:44,
21.10.2022,13.,Tipsport extraliga,OLO – LIT,5:3,0,0,0,1,0,20:13,
18.10.2022,12.,Tipsport extraliga,LIT – PCE,0:1,0,0,0,0,0,21:51,
16.10.2022,11.,Tipsport extraliga,PLZ – LIT,4:3,0,0,0,-1,2,18:07,
14.10.2022,10.,Tipsport extraliga,LIT – MBL,3:4,0,0,0,0,0,17:46,
9.10.2022,9.,Tipsport extraliga,TRI – LIT,4:1,0,0,0,-1,0,17:54,
7.10.2022,8.,Tipsport extraliga,KOM – LIT,5:4,0,0,0,-1,2,19:17,
4.10.2022,6.,Tipsport extraliga,KVA – LIT,1:4,1,0,1,0,0,10:35,
2.10.2022,7.,Tipsport extraliga,LIT – MHK,3:2,0,0,0,0,0,03:06,
