datum,kolo,soutěž,zápas,skóre,G,A,B,+-,TM,TOI,
30.10.2022,16.,Tipsport extraliga,KVA – TRI,2:6,1,0,1,0,0,10:18,
28.10.2022,15.,Tipsport extraliga,MHK – KVA,1:2,1,0,1,1,0,06:45,
23.10.2022,14.,Tipsport extraliga,KVA – KOM,2:3,0,0,0,0,0,09:53,
21.10.2022,13.,Tipsport extraliga,KVA – KLA,4:3,0,0,0,1,0,09:26,
18.10.2022,12.,Tipsport extraliga,LIB – KVA,3:4,0,0,0,0,0,06:51,
16.10.2022,11.,Tipsport extraliga,KVA – CEB,4:3,0,0,0,0,0,09:48,
14.10.2022,10.,Tipsport extraliga,KVA – VIT,4:5,0,0,0,1,0,07:27,
9.10.2022,9.,Tipsport extraliga,PCE – KVA,2:4,0,0,0,0,0,07:20,
6.10.2022,8.,Tipsport extraliga,MBL – KVA,0:1,0,0,0,0,2,04:32,
2.10.2022,7.,Tipsport extraliga,SPA – KVA,4:5,0,0,0,0,2,06:28,
23.9.2022,3.,Tipsport extraliga,TRI – KVA,1:2,0,0,0,0,0,08:26,
18.9.2022,2.,Tipsport extraliga,KVA – MHK,2:3,0,0,0,-1,0,10:55,
15.9.2022,1.,Tipsport extraliga,KOM – KVA,6:1,0,0,0,0,0,07:23,
