datum,kolo,soutěž,zápas,skóre,G,A,B,+-,TM,TOI,
26.2.2023,50.,Tipsport extraliga,KLA – VIT,0:1,0,0,0,0,0,16:34,
24.2.2023,49.,Tipsport extraliga,VIT – KVA,6:1,1,0,1,2,0,20:52,
19.2.2023,48.,Tipsport extraliga,VIT – CEB,1:4,0,0,0,-2,0,22:36,
17.2.2023,47.,Tipsport extraliga,PCE – VIT,1:4,0,0,0,0,0,20:47,
15.2.2023,46.,Tipsport extraliga,VIT – OLO,3:1,0,0,0,0,2,24:51,
5.2.2023,45.,Tipsport extraliga,MBL – VIT,2:3,0,0,0,0,2,22:04,
3.2.2023,44.,Tipsport extraliga,VIT – SPA,3:4,0,0,0,0,0,23:42,
31.1.2023,43.,Tipsport extraliga,VIT – TRI,1:2,0,0,0,-1,0,23:19,
27.1.2023,42.,Tipsport extraliga,VIT – MHK,2:5,0,0,0,-1,2,21:08,
22.1.2023,40.,Tipsport extraliga,VIT – LIT,2:3,0,1,1,0,2,24:26,
20.1.2023,39.,Tipsport extraliga,VIT – LIB,2:0,1,0,1,1,0,23:55,
17.1.2023,19.,Tipsport extraliga,MBL – VIT,3:2,0,0,0,0,0,21:24,
15.1.2023,38.,Tipsport extraliga,KOM – VIT,2:5,0,1,1,-1,0,23:14,
13.1.2023,37.,Tipsport extraliga,VIT – KLA,0:3,0,0,0,-1,2,21:37,
10.1.2023,41.,Tipsport extraliga,PLZ – VIT,2:3,0,0,0,2,0,29:25,
8.1.2023,36.,Tipsport extraliga,KVA – VIT,1:3,0,0,0,1,0,24:09,
6.1.2023,35.,Tipsport extraliga,CEB – VIT,0:2,0,1,1,1,0,23:46,
3.1.2023,34.,Tipsport extraliga,VIT – PCE,2:3,0,0,0,-1,0,24:55,
30.12.2022,33.,Tipsport extraliga,OLO – VIT,2:4,0,0,0,1,0,22:49,
28.12.2022,32.,Tipsport extraliga,VIT – MBL,5:2,0,1,1,1,0,23:07,
22.12.2022,30.,Tipsport extraliga,VIT – TRI,1:2,0,0,0,0,0,22:19,
20.12.2022,29.,Tipsport extraliga,MHK – VIT,4:3,1,0,1,0,2,23:41,
11.12.2022,28.,Tipsport extraliga,VIT – PLZ,3:2,0,0,0,0,0,25:10,
9.12.2022,27.,Tipsport extraliga,LIT – VIT,5:3,0,0,0,-2,0,22:37,
4.12.2022,26.,Tipsport extraliga,LIB – VIT,2:3,0,1,1,0,0,27:10,
2.12.2022,25.,Tipsport extraliga,VIT – KOM,4:1,0,0,0,2,0,23:24,
29.11.2022,24.,Tipsport extraliga,KLA – VIT,2:3,0,1,1,0,2,21:36,
27.11.2022,23.,Tipsport extraliga,VIT – KVA,4:2,0,0,0,0,0,24:24,
25.11.2022,22.,Tipsport extraliga,VIT – CEB,4:3,0,1,1,1,0,19:18,
22.11.2022,21.,Tipsport extraliga,VIT – PCE,4:5,0,1,1,0,0,23:40,
18.11.2022,20.,Tipsport extraliga,VIT – OLO,3:0,0,0,0,1,0,22:16,
26.10.2022,31.,Tipsport extraliga,SPA – VIT,3:2,0,0,0,-1,2,20:51,
23.10.2022,14.,Tipsport extraliga,VIT – LIT,5:3,0,1,1,0,0,21:54,
21.10.2022,13.,Tipsport extraliga,VIT – LIB,6:3,1,1,2,1,0,25:08,
18.10.2022,12.,Tipsport extraliga,KOM – VIT,2:1,0,0,0,0,0,23:44,
16.10.2022,11.,Tipsport extraliga,VIT – KLA,2:0,0,0,0,0,2,21:36,
14.10.2022,10.,Tipsport extraliga,KVA – VIT,4:5,0,1,1,0,2,22:43,
9.10.2022,9.,Tipsport extraliga,CEB – VIT,2:3,0,0,0,-1,0,24:48,
6.10.2022,8.,Tipsport extraliga,PCE – VIT,2:1,0,0,0,-1,0,24:04,
2.10.2022,7.,Tipsport extraliga,OLO – VIT,5:4,0,2,2,0,0,26:39,
29.9.2022,6.,Tipsport extraliga,VIT – MBL,4:0,0,2,2,3,0,23:48,
27.9.2022,5.,Tipsport extraliga,SPA – VIT,5:3,0,2,2,1,0,21:29,
25.9.2022,4.,Tipsport extraliga,TRI – VIT,3:5,0,0,0,-1,0,21:39,
23.9.2022,3.,Tipsport extraliga,MHK – VIT,3:2,0,1,1,0,2,29:11,
18.9.2022,2.,Tipsport extraliga,VIT – PLZ,4:2,0,0,0,2,4,19:53,
16.9.2022,1.,Tipsport extraliga,LIT – VIT,2:3,0,2,2,2,2,21:45,
