datum,kolo,soutěž,zápas,skóre,G,A,B,+-,TM,TOI,
26.2.2023,50.,Tipsport extraliga,KOM – OLO,1:0,0,0,0,-1,0,06:33,
24.2.2023,49.,Tipsport extraliga,OLO – MHK,0:4,0,0,0,-1,0,15:28,
19.2.2023,48.,Tipsport extraliga,KLA – OLO,4:5,0,1,1,1,0,21:38,
17.2.2023,47.,Tipsport extraliga,OLO – LIB,2:3,0,0,0,1,0,18:47,
15.2.2023,46.,Tipsport extraliga,VIT – OLO,3:1,0,0,0,0,0,14:59,
5.2.2023,45.,Tipsport extraliga,OLO – CEB,3:2,0,1,1,0,0,16:19,
3.2.2023,44.,Tipsport extraliga,PCE – OLO,4:1,0,0,0,0,0,15:41,
29.1.2023,43.,Tipsport extraliga,OLO – KVA,3:4,1,0,1,0,0,11:46,
24.1.2023,41.,Tipsport extraliga,MBL – OLO,4:0,0,0,0,-1,0,15:50,
22.1.2023,40.,Tipsport extraliga,OLO – PLZ,3:2,0,1,1,0,0,10:19,
20.1.2023,39.,Tipsport extraliga,OLO – LIT,1:8,0,0,0,-1,0,12:04,
17.1.2023,38.,Tipsport extraliga,TRI – OLO,1:3,0,0,0,0,0,14:55,
11.1.2023,37.,Tipsport extraliga,OLO – KOM,1:4,1,0,1,0,0,14:45,
8.1.2023,36.,Tipsport extraliga,MHK – OLO,5:4,0,1,1,1,0,18:23,
6.1.2023,35.,Tipsport extraliga,OLO – KLA,6:2,2,0,2,2,0,16:14,
3.1.2023,34.,Tipsport extraliga,LIB – OLO,6:1,0,0,0,-1,0,15:59,
30.12.2022,33.,Tipsport extraliga,OLO – VIT,2:4,0,0,0,-3,0,14:06,
28.12.2022,32.,Tipsport extraliga,CEB – OLO,4:2,0,0,0,-2,2,13:47,
26.12.2022,31.,Tipsport extraliga,OLO – PCE,3:2,0,0,0,0,0,16:30,
22.12.2022,30.,Tipsport extraliga,KVA – OLO,0:3,0,1,1,1,0,11:45,
20.12.2022,29.,Tipsport extraliga,OLO – SPA,0:1,0,0,0,0,0,15:46,
11.12.2022,28.,Tipsport extraliga,OLO – MBL,2:0,1,0,1,1,4,03:14,
9.12.2022,27.,Tipsport extraliga,PLZ – OLO,5:4,0,1,1,1,0,13:45,
4.12.2022,26.,Tipsport extraliga,LIT – OLO,5:3,0,0,0,0,0,06:14,
2.12.2022,25.,Tipsport extraliga,OLO – TRI,4:2,1,0,1,0,0,14:22,
29.11.2022,24.,Tipsport extraliga,KOM – OLO,1:0,0,0,0,0,2,13:49,
27.11.2022,23.,Tipsport extraliga,OLO – MHK,5:0,0,1,1,2,0,17:00,
25.11.2022,22.,Tipsport extraliga,KLA – OLO,5:2,0,0,0,0,2,15:43,
22.11.2022,12.,Tipsport extraliga,TRI – OLO,2:3,0,2,2,1,0,11:08,
