datum,kolo,soutěž,zápas,skóre,G,A,B,+-,TM,TOI,
25.2.2023,13.,2. liga – Západ – nadstavba sk. A,TAB – VRC,7:3,0,1,1,0,2,-,
22.2.2023,12.,2. liga – Západ – nadstavba sk. A,PRI – TAB,1:2,0,1,1,0,0,-,
18.2.2023,11.,2. liga – Západ – nadstavba sk. A,MOL – TAB,1:1,0,2,2,0,0,-,
15.2.2023,10.,2. liga – Západ – nadstavba sk. A,TAB – KOP,6:2,0,1,1,0,0,-,
11.2.2023,9.,2. liga – Západ – nadstavba sk. A,CHM – TAB,2:3,0,0,0,0,2,-,
8.2.2023,8.,2. liga – Západ – nadstavba sk. A,TAB – LET,2:1,0,1,1,0,2,-,
1.2.2023,6.,2. liga – Západ – nadstavba sk. A,TAB – PRI,5:1,0,1,1,0,0,-,
28.1.2023,5.,2. liga – Západ – nadstavba sk. A,TAB – MOL,7:0,0,0,0,0,0,-,
25.1.2023,4.,2. liga – Západ – nadstavba sk. A,KOP – TAB,3:2,1,0,1,0,0,-,
21.1.2023,3.,2. liga – Západ – nadstavba sk. A,TAB – CHM,5:4,1,1,2,0,0,-,
18.1.2023,2.,2. liga – Západ – nadstavba sk. A,LET – TAB,2:3,1,0,1,0,0,-,
14.1.2023,1.,2. liga – Západ – nadstavba sk. A,UNL – TAB,3:1,0,0,0,1,2,-,
11.1.2023,30.,2. liga – Západ – z. č.,TAB – PRI,4:5,1,0,1,0,0,-,
21.12.2022,27.,2. liga – Západ – z. č.,BNJ – TAB,2:4,0,1,1,2,0,-,
17.12.2022,26.,2. liga – Západ – z. č.,TAB – JBN,1:0,0,2,2,0,0,-,
14.12.2022,25.,2. liga – Západ – z. č.,TAB – CHM,4:3,0,1,1,0,0,-,
10.12.2022,24.,2. liga – Západ – z. č.,VRC – TAB,3:4,1,1,2,0,0,-,
9.12.2022,27.,Tipsport extraliga,TRI – CEB,2:3,0,0,0,1,0,17:28,
4.12.2022,26.,Tipsport extraliga,PLZ – CEB,4:1,0,0,0,-1,0,18:45,
2.12.2022,25.,Tipsport extraliga,KLA – CEB,1:6,0,1,1,1,2,17:24,
30.11.2022,21.,2. liga – Západ – z. č.,TAB – PIS,8:1,1,0,1,0,0,-,
26.11.2022,20.,2. liga – Západ – z. č.,UNL – TAB,4:2,0,0,0,-1,0,-,
19.11.2022,18.,2. liga – Západ – z. č.,RIS – TAB,4:7,1,2,3,0,0,-,
16.11.2022,17.,2. liga – Západ – z. č.,KOP – TAB,1:1,1,1,2,0,0,-,
12.11.2022,16.,2. liga – Západ – z. č.,TAB – LET,3:4,1,0,1,0,0,-,
9.11.2022,15.,2. liga – Západ – z. č.,PRI – TAB,2:4,0,3,3,0,0,-,
5.11.2022,14.,2. liga – Západ – z. č.,TAB – DEC,6:1,0,1,1,0,2,-,
2.11.2022,13.,2. liga – Západ – z. č.,TAB – CHB,5:1,1,0,1,0,2,-,
29.10.2022,12.,2. liga – Západ – z. č.,JBN – TAB,3:1,2,1,3,0,0,-,
26.10.2022,11.,2. liga – Západ – z. č.,CHM – TAB,7:5,0,1,1,0,2,-,
19.10.2022,9.,2. liga – Západ – z. č.,TAB – MOL,7:2,2,0,2,0,0,-,
15.10.2022,8.,2. liga – Západ – z. č.,HRO – TAB,3:1,0,3,3,0,4,-,
12.10.2022,7.,2. liga – Západ – z. č.,PIS – TAB,2:5,2,0,2,0,0,-,
8.10.2022,6.,2. liga – Západ – z. č.,TAB – UNL,4:3,0,1,1,0,0,-,
5.10.2022,5.,2. liga – Západ – z. č.,KLT – TAB,1:5,0,2,2,0,2,-,
1.10.2022,4.,2. liga – Západ – z. č.,TAB – RIS,5:0,0,0,0,0,2,-,
28.9.2022,3.,2. liga – Západ – z. č.,TAB – BNJ,5:2,0,0,0,0,,-,
24.9.2022,2.,2. liga – Západ – z. č.,LET – TAB,5:1,0,0,0,0,0,-,
21.9.2022,1.,2. liga – Západ – z. č.,TAB – KOP,6:3,0,1,1,0,2,-,
