datum,kolo,soutěž,zápas,skóre,G,A,B,+-,TM,TOI,
19.2.2023,48.,Tipsport extraliga,LIT – TRI,4:3,0,1,1,0,0,17:46,
17.2.2023,47.,Tipsport extraliga,TRI – MHK,1:2,0,0,0,0,0,16:24,
15.2.2023,46.,Tipsport extraliga,LIB – TRI,3:2,0,0,0,0,2,16:40,
13.2.2023,8.,Tipsport extraliga,MHK – TRI,4:3,0,0,0,-1,0,18:24,
5.2.2023,45.,Tipsport extraliga,TRI – KLA,5:4,0,0,0,1,0,21:24,
3.2.2023,44.,Tipsport extraliga,KOM – TRI,5:1,0,0,0,0,4,16:26,
31.1.2023,43.,Tipsport extraliga,VIT – TRI,1:2,0,0,0,0,0,20:17,
27.1.2023,42.,Tipsport extraliga,KVA – TRI,4:1,0,0,0,-1,0,19:14,
24.1.2023,41.,Tipsport extraliga,TRI – PCE,0:4,0,0,0,0,0,19:18,
22.1.2023,40.,Tipsport extraliga,CEB – TRI,3:2,0,0,0,0,0,17:39,
20.1.2023,39.,Tipsport extraliga,MBL – TRI,1:0,0,0,0,0,0,24:02,
17.1.2023,38.,Tipsport extraliga,TRI – OLO,1:3,0,0,0,-1,0,16:44,
13.1.2023,18.,Tipsport extraliga,TRI – KOM,6:1,0,0,0,3,0,17:05,
8.1.2023,36.,Tipsport extraliga,TRI – PLZ,6:1,0,0,0,1,0,20:18,
6.1.2023,35.,Tipsport extraliga,TRI – LIT,3:2,0,0,0,2,0,20:51,
3.1.2023,34.,Tipsport extraliga,MHK – TRI,2:3,0,1,1,0,0,20:15,
30.12.2022,33.,Tipsport extraliga,TRI – LIB,6:3,0,0,0,1,0,19:20,
28.12.2022,32.,Tipsport extraliga,KLA – TRI,4:3,1,0,1,0,0,24:10,
26.12.2022,31.,Tipsport extraliga,TRI – KOM,7:2,0,0,0,0,0,19:00,
22.12.2022,30.,Tipsport extraliga,VIT – TRI,1:2,0,0,0,0,0,19:57,
20.12.2022,29.,Tipsport extraliga,TRI – KVA,4:2,0,1,1,2,0,19:16,
11.12.2022,28.,Tipsport extraliga,PCE – TRI,0:3,0,0,0,2,0,22:16,
9.12.2022,27.,Tipsport extraliga,TRI – CEB,2:3,0,0,0,0,0,20:33,
4.12.2022,26.,Tipsport extraliga,TRI – MBL,3:0,0,0,0,0,0,20:29,
2.12.2022,25.,Tipsport extraliga,OLO – TRI,4:2,0,2,2,1,0,20:04,
29.11.2022,24.,Tipsport extraliga,SPA – TRI,1:0,0,0,0,-1,2,17:21,
27.11.2022,23.,Tipsport extraliga,PLZ – TRI,2:1,0,0,0,0,0,17:58,
25.11.2022,22.,Tipsport extraliga,LIT – TRI,1:2,0,0,0,0,0,18:29,
22.11.2022,12.,Tipsport extraliga,TRI – OLO,2:3,0,0,0,0,0,21:07,
20.11.2022,21.,Tipsport extraliga,TRI – MHK,4:1,0,0,0,0,2,18:12,
18.11.2022,20.,Tipsport extraliga,LIB – TRI,1:4,0,0,0,1,0,18:35,
16.11.2022,37.,Tipsport extraliga,TRI – SPA,2:1,0,0,0,0,0,17:30,
6.11.2022,19.,Tipsport extraliga,TRI – KLA,8:0,1,0,1,3,2,19:30,
2.11.2022,17.,Tipsport extraliga,TRI – VIT,1:2,0,0,0,1,0,19:10,
30.10.2022,16.,Tipsport extraliga,KVA – TRI,2:6,0,1,1,2,0,20:33,
27.10.2022,15.,Tipsport extraliga,TRI – PCE,2:3,0,0,0,1,2,18:59,
23.10.2022,14.,Tipsport extraliga,CEB – TRI,3:2,0,0,0,-1,0,17:30,
21.10.2022,13.,Tipsport extraliga,MBL – TRI,2:3,0,0,0,0,2,17:18,
16.10.2022,11.,Tipsport extraliga,TRI – SPA,4:2,0,0,0,0,0,16:25,
14.10.2022,10.,Tipsport extraliga,TRI – PLZ,3:2,0,0,0,1,0,20:02,
9.10.2022,9.,Tipsport extraliga,TRI – LIT,4:1,0,0,0,0,0,17:12,
2.10.2022,7.,Tipsport extraliga,TRI – LIB,3:4,0,0,0,-1,0,13:14,
29.9.2022,6.,Tipsport extraliga,KLA – TRI,1:2,0,0,0,1,0,18:47,
27.9.2022,5.,Tipsport extraliga,KOM – TRI,2:4,0,0,0,0,0,18:25,
25.9.2022,4.,Tipsport extraliga,TRI – VIT,3:5,0,0,0,-4,0,18:45,
23.9.2022,3.,Tipsport extraliga,TRI – KVA,1:2,0,0,0,-1,2,12:12,
18.9.2022,2.,Tipsport extraliga,PCE – TRI,4:3,0,0,0,-1,0,20:46,
16.9.2022,1.,Tipsport extraliga,TRI – CEB,0:2,0,0,0,0,0,18:12,
