datum,kolo,soutěž,zápas,skóre,G,A,B,+-,TM,TOI,
26.2.2023,50.,Tipsport extraliga,MHK – MBL,3:2,0,0,0,1,0,09:20,
17.2.2023,47.,Tipsport extraliga,MBL – KVA,0:2,0,0,0,0,2,11:36,
15.2.2023,46.,Tipsport extraliga,KLA – MBL,2:1,0,0,0,0,0,11:02,
3.2.2023,44.,Tipsport extraliga,LIB – MBL,4:3,0,0,0,1,0,12:01,
29.1.2023,43.,Tipsport extraliga,MBL – PCE,3:5,0,0,0,-1,0,10:01,
27.1.2023,42.,Tipsport extraliga,CEB – MBL,5:4,0,0,0,0,0,14:10,
24.1.2023,41.,Tipsport extraliga,MBL – OLO,4:0,1,0,1,2,0,14:25,
22.1.2023,40.,Tipsport extraliga,SPA – MBL,4:1,0,0,0,-1,0,14:20,
20.1.2023,39.,Tipsport extraliga,MBL – TRI,1:0,0,0,0,0,0,17:09,
17.1.2023,19.,Tipsport extraliga,MBL – VIT,3:2,0,1,1,1,0,15:58,
15.1.2023,38.,Tipsport extraliga,PLZ – MBL,3:2,0,0,0,-1,0,14:17,
13.1.2023,37.,Tipsport extraliga,MBL – MHK,3:2,0,0,0,1,0,16:14,
8.1.2023,36.,Tipsport extraliga,LIT – MBL,4:3,0,0,0,-1,2,11:58,
6.1.2023,35.,Tipsport extraliga,MBL – KOM,7:3,0,0,0,1,0,12:34,
3.1.2023,34.,Tipsport extraliga,MHK – TRI,2:3,0,0,0,0,0,09:46,
26.12.2022,31.,Tipsport extraliga,MHK – CEB,1:4,0,0,0,-1,0,08:06,
22.12.2022,30.,Tipsport extraliga,KLA – MHK,3:6,0,0,0,0,0,09:55,
20.12.2022,29.,Tipsport extraliga,MHK – VIT,4:3,0,0,0,0,2,05:36,
11.12.2022,28.,Tipsport extraliga,KVA – MHK,1:4,0,0,0,-1,7,12:44,
4.12.2022,26.,Tipsport extraliga,MHK – PCE,4:0,0,0,0,1,0,13:50,
29.11.2022,24.,Tipsport extraliga,MHK – MBL,0:2,0,0,0,0,0,14:29,
27.11.2022,23.,Tipsport extraliga,OLO – MHK,5:0,0,0,0,-1,5,11:15,
25.11.2022,22.,Tipsport extraliga,MHK – PLZ,1:4,0,0,0,0,0,17:04,
20.11.2022,21.,Tipsport extraliga,TRI – MHK,4:1,0,0,0,0,2,14:59,
18.11.2022,20.,Tipsport extraliga,MHK – LIT,3:0,0,0,0,1,0,13:05,
6.11.2022,19.,Tipsport extraliga,MHK – KOM,5:1,0,0,0,1,0,13:43,
4.11.2022,18.,Tipsport extraliga,CEB – MHK,2:1,0,0,0,0,0,18:10,
1.11.2022,17.,Tipsport extraliga,MHK – KLA,8:7,0,1,1,0,2,14:30,
28.10.2022,15.,Tipsport extraliga,MHK – KVA,1:2,0,0,0,-1,0,10:24,
23.10.2022,14.,Tipsport extraliga,LIB – MHK,3:6,0,0,0,0,0,12:25,
21.10.2022,13.,Tipsport extraliga,PCE – MHK,5:2,0,0,0,-2,0,13:05,
18.10.2022,12.,Tipsport extraliga,MHK – SPA,3:2,1,0,1,1,0,15:08,
16.10.2022,11.,Tipsport extraliga,MBL – MHK,0:2,0,0,0,0,0,13:43,
23.9.2022,3.,Tipsport extraliga,MHK – VIT,3:2,0,0,0,0,0,12:04,
18.9.2022,2.,Tipsport extraliga,KVA – MHK,2:3,0,0,0,-1,0,08:31,
16.9.2022,1.,Tipsport extraliga,MHK – LIB,1:2,0,0,0,0,2,17:02,
