datum,kolo,soutěž,zápas,skóre,G,A,B,+-,TM,TOI,
26.2.2023,50.,Tipsport extraliga,MHK – MBL,3:2,0,0,0,-1,0,11:17,
24.2.2023,49.,Tipsport extraliga,OLO – MHK,0:4,0,0,0,0,0,17:27,
19.2.2023,48.,Tipsport extraliga,MHK – PLZ,2:1,1,0,1,-1,0,15:41,
17.2.2023,47.,Tipsport extraliga,TRI – MHK,1:2,0,0,0,0,0,16:44,
15.2.2023,46.,Tipsport extraliga,MHK – LIT,3:0,0,0,0,1,0,14:42,
13.2.2023,8.,Tipsport extraliga,MHK – TRI,4:3,0,0,0,0,2,16:04,
5.2.2023,45.,Tipsport extraliga,MHK – KOM,1:0,0,0,0,0,0,16:53,
2.2.2023,44.,Tipsport extraliga,CEB – MHK,2:3,0,0,0,0,0,13:57,
29.1.2023,43.,Tipsport extraliga,MHK – KLA,4:2,1,0,1,1,2,10:23,
15.1.2023,38.,Tipsport extraliga,MHK – SPA,3:4,0,0,0,-1,0,17:23,
13.1.2023,37.,Tipsport extraliga,MBL – MHK,3:2,0,0,0,-1,0,13:00,
10.1.2023,27.,Tipsport extraliga,MHK – LIB,5:4,0,0,0,-3,0,16:07,
8.1.2023,36.,Tipsport extraliga,MHK – OLO,5:4,1,0,1,0,0,17:12,
5.1.2023,35.,Tipsport extraliga,PLZ – MHK,0:4,0,0,0,0,0,13:55,
3.1.2023,34.,Tipsport extraliga,MHK – TRI,2:3,0,0,0,0,0,16:57,
22.12.2022,30.,Tipsport extraliga,KLA – MHK,3:6,1,0,1,1,0,16:45,
20.12.2022,29.,Tipsport extraliga,MHK – VIT,4:3,0,0,0,1,0,17:16,
11.12.2022,28.,Tipsport extraliga,KVA – MHK,1:4,0,0,0,1,0,14:41,
4.12.2022,26.,Tipsport extraliga,MHK – PCE,4:0,1,1,2,1,5,14:31,
2.12.2022,25.,Tipsport extraliga,SPA – MHK,2:1,0,0,0,0,0,18:09,
29.11.2022,24.,Tipsport extraliga,MHK – MBL,0:2,0,0,0,-1,2,17:43,
27.11.2022,23.,Tipsport extraliga,OLO – MHK,5:0,0,0,0,-1,5,15:11,
25.11.2022,22.,Tipsport extraliga,MHK – PLZ,1:4,1,0,1,0,0,17:07,
20.11.2022,21.,Tipsport extraliga,TRI – MHK,4:1,0,0,0,-1,0,18:20,
18.11.2022,20.,Tipsport extraliga,MHK – LIT,3:0,0,0,0,1,0,16:58,
1.11.2022,17.,Tipsport extraliga,MHK – KLA,8:7,1,2,3,1,0,19:56,
30.10.2022,16.,Tipsport extraliga,VIT – MHK,5:2,0,0,0,-3,0,20:01,
28.10.2022,15.,Tipsport extraliga,MHK – KVA,1:2,0,0,0,0,0,18:24,
23.10.2022,14.,Tipsport extraliga,LIB – MHK,3:6,0,2,2,3,0,15:43,
21.10.2022,13.,Tipsport extraliga,PCE – MHK,5:2,0,0,0,-2,0,14:40,
18.10.2022,12.,Tipsport extraliga,MHK – SPA,3:2,1,1,2,2,0,16:18,
16.10.2022,11.,Tipsport extraliga,MBL – MHK,0:2,0,1,1,1,0,17:49,
14.10.2022,10.,Tipsport extraliga,MHK – OLO,0:3,0,0,0,-2,0,17:56,
9.10.2022,9.,Tipsport extraliga,PLZ – MHK,2:5,0,1,1,0,0,14:04,
2.10.2022,7.,Tipsport extraliga,LIT – MHK,3:2,0,0,0,0,0,12:09,
27.9.2022,5.,Tipsport extraliga,MHK – CEB,3:1,0,0,0,1,4,12:00,
25.9.2022,4.,Tipsport extraliga,KLA – MHK,2:1,0,0,0,-1,6,14:53,
23.9.2022,3.,Tipsport extraliga,MHK – VIT,3:2,0,0,0,0,0,14:24,
18.9.2022,2.,Tipsport extraliga,KVA – MHK,2:3,0,0,0,0,4,06:07,
16.9.2022,1.,Tipsport extraliga,MHK – LIB,1:2,0,0,0,0,4,15:36,
