datum,kolo,soutěž,zápas,skóre,G,A,B,+-,TM,TOI,
26.2.2023,50.,Tipsport extraliga,KOM – OLO,1:0,0,0,0,0,0,04:26,
24.2.2023,49.,Tipsport extraliga,PCE – KOM,1:3,0,0,0,1,0,14:18,
19.2.2023,48.,Tipsport extraliga,KOM – MBL,1:4,0,0,0,-1,0,17:51,
17.2.2023,47.,Tipsport extraliga,LIT – KOM,3:2,0,0,0,0,0,15:34,
15.2.2023,46.,Tipsport extraliga,KOM – PLZ,3:0,1,0,1,1,0,13:48,
5.2.2023,45.,Tipsport extraliga,MHK – KOM,1:0,0,0,0,0,2,13:31,
3.2.2023,44.,Tipsport extraliga,KOM – TRI,5:1,0,0,0,0,2,14:25,
29.1.2023,43.,Tipsport extraliga,KOM – LIB,3:0,1,0,1,0,0,11:05,
27.1.2023,42.,Tipsport extraliga,KLA – KOM,0:3,0,0,0,0,0,11:21,
24.1.2023,41.,Tipsport extraliga,KOM – CEB,5:2,0,0,0,0,2,13:37,
15.1.2023,38.,Tipsport extraliga,KOM – VIT,2:5,0,0,0,0,0,15:04,
13.1.2023,18.,Tipsport extraliga,TRI – KOM,6:1,0,0,0,1,0,12:30,
11.1.2023,37.,Tipsport extraliga,OLO – KOM,1:4,0,0,0,0,0,13:45,
8.1.2023,36.,Tipsport extraliga,KOM – PCE,1:4,0,0,0,0,0,14:50,
6.1.2023,35.,Tipsport extraliga,MBL – KOM,7:3,0,0,0,0,2,14:04,
3.1.2023,34.,Tipsport extraliga,KOM – LIT,3:1,0,1,1,1,2,16:22,
30.12.2022,33.,Tipsport extraliga,PLZ – KOM,5:2,0,0,0,-2,0,13:23,
28.12.2022,32.,Tipsport extraliga,KOM – MHK,2:3,0,0,0,0,0,17:56,
26.12.2022,31.,Tipsport extraliga,TRI – KOM,7:2,0,0,0,-1,2,14:07,
22.12.2022,30.,Tipsport extraliga,LIB – KOM,2:1,0,0,0,-1,0,14:58,
20.12.2022,29.,Tipsport extraliga,KOM – KLA,3:2,0,0,0,-1,0,17:34,
11.12.2022,28.,Tipsport extraliga,CEB – KOM,3:1,0,0,0,-1,2,13:38,
9.12.2022,27.,Tipsport extraliga,KOM – KVA,2:3,0,0,0,0,0,17:50,
4.12.2022,26.,Tipsport extraliga,KOM – SPA,2:6,1,0,1,1,0,18:04,
2.12.2022,25.,Tipsport extraliga,VIT – KOM,4:1,1,0,1,1,0,13:26,
29.11.2022,24.,Tipsport extraliga,KOM – OLO,1:0,0,0,0,0,0,20:59,
27.11.2022,23.,Tipsport extraliga,PCE – KOM,4:3,0,0,0,0,0,13:05,
25.11.2022,22.,Tipsport extraliga,KOM – MBL,1:3,1,0,1,1,0,17:13,
22.11.2022,17.,Tipsport extraliga,KOM – LIB,0:5,0,0,0,-3,0,14:11,
20.11.2022,21.,Tipsport extraliga,LIT – KOM,5:1,0,0,0,-1,0,19:13,
18.11.2022,20.,Tipsport extraliga,KOM – PLZ,3:1,0,0,0,0,0,19:38,
6.11.2022,19.,Tipsport extraliga,MHK – KOM,5:1,0,0,0,-1,0,18:14,
30.10.2022,16.,Tipsport extraliga,KLA – KOM,3:5,0,0,0,1,0,17:10,
28.10.2022,15.,Tipsport extraliga,KOM – CEB,3:0,0,0,0,0,0,15:01,
23.10.2022,14.,Tipsport extraliga,KVA – KOM,2:3,0,0,0,0,0,17:54,
21.10.2022,13.,Tipsport extraliga,SPA – KOM,2:3,0,0,0,0,2,17:39,
18.10.2022,12.,Tipsport extraliga,KOM – VIT,2:1,0,1,1,1,0,19:54,
16.10.2022,11.,Tipsport extraliga,OLO – KOM,2:3,1,1,2,1,0,17:35,
13.10.2022,10.,Tipsport extraliga,KOM – PCE,4:3,0,0,0,-1,0,17:46,
9.10.2022,9.,Tipsport extraliga,MBL – KOM,3:2,1,0,1,0,0,15:43,
7.10.2022,8.,Tipsport extraliga,KOM – LIT,5:4,1,0,1,0,0,15:05,
18.9.2022,2.,Tipsport extraliga,CEB – KOM,6:2,0,0,0,0,0,18:40,
15.9.2022,1.,Tipsport extraliga,KOM – KVA,6:1,2,0,2,0,0,13:01,
