datum,kolo,soutěž,zápas,skóre,G,A,B,+-,TM,TOI,
26.2.2023,50.,Tipsport extraliga,KOM – OLO,1:0,0,0,0,0,0,04:27,
24.2.2023,49.,Tipsport extraliga,PCE – KOM,1:3,0,0,0,0,2,17:22,
19.2.2023,48.,Tipsport extraliga,KOM – MBL,1:4,0,0,0,-3,0,14:46,
17.2.2023,47.,Tipsport extraliga,LIT – KOM,3:2,1,0,1,1,8,18:40,
15.2.2023,46.,Tipsport extraliga,KOM – PLZ,3:0,1,0,1,1,0,17:16,
5.2.2023,45.,Tipsport extraliga,MHK – KOM,1:0,0,0,0,0,0,18:38,
3.2.2023,44.,Tipsport extraliga,KOM – TRI,5:1,1,1,2,1,0,13:14,
29.1.2023,43.,Tipsport extraliga,KOM – LIB,3:0,0,2,2,0,0,15:12,
27.1.2023,42.,Tipsport extraliga,KLA – KOM,0:3,1,1,2,1,0,18:59,
24.1.2023,41.,Tipsport extraliga,KOM – CEB,5:2,1,1,2,5,0,15:40,
22.1.2023,40.,Tipsport extraliga,KVA – KOM,5:4,1,0,1,1,0,20:55,
20.1.2023,39.,Tipsport extraliga,SPA – KOM,5:3,0,1,1,-1,0,19:22,
15.1.2023,38.,Tipsport extraliga,KOM – VIT,2:5,0,2,2,1,2,16:47,
13.1.2023,18.,Tipsport extraliga,TRI – KOM,6:1,0,0,0,0,2,16:30,
11.1.2023,37.,Tipsport extraliga,OLO – KOM,1:4,0,0,0,0,2,14:28,
8.1.2023,36.,Tipsport extraliga,KOM – PCE,1:4,0,1,1,0,0,19:12,
6.1.2023,35.,Tipsport extraliga,MBL – KOM,7:3,0,1,1,-2,2,16:21,
3.1.2023,34.,Tipsport extraliga,KOM – LIT,3:1,2,0,2,2,7,11:13,
