datum,kolo,soutěž,zápas,skóre,G,A,B,+-,TM,TOI,
26.2.2023,50.,Tipsport extraliga,KVA – CEB,5:1,0,0,0,1,0,10:33,
22.2.2023,49.,Tipsport extraliga,CEB – LIB,3:4,0,0,0,-1,0,16:33,
19.2.2023,48.,Tipsport extraliga,VIT – CEB,1:4,0,0,0,0,0,19:21,
17.2.2023,47.,Tipsport extraliga,CEB – SPA,3:4,0,0,0,-2,2,13:46,
15.2.2023,46.,Tipsport extraliga,CEB – PCE,3:7,0,0,0,-1,0,18:39,
5.2.2023,45.,Tipsport extraliga,OLO – CEB,3:2,0,0,0,-1,0,19:21,
2.2.2023,44.,Tipsport extraliga,CEB – MHK,2:3,0,0,0,-1,0,14:43,
29.1.2023,43.,Tipsport extraliga,LIT – CEB,1:0,0,0,0,0,0,16:17,
27.1.2023,42.,Tipsport extraliga,CEB – MBL,5:4,0,0,0,-2,0,16:12,
24.1.2023,41.,Tipsport extraliga,KOM – CEB,5:2,0,0,0,-2,0,18:41,
22.1.2023,40.,Tipsport extraliga,CEB – TRI,3:2,0,1,1,1,2,19:28,
20.1.2023,39.,Tipsport extraliga,CEB – PLZ,3:4,0,0,0,0,0,17:28,
17.1.2023,21.,Tipsport extraliga,SPA – CEB,5:0,0,0,0,-2,2,16:18,
15.1.2023,38.,Tipsport extraliga,CEB – KLA,6:2,0,0,0,0,0,17:49,
13.1.2023,37.,Tipsport extraliga,CEB – KVA,2:4,0,0,0,1,0,18:13,
8.1.2023,36.,Tipsport extraliga,LIB – CEB,2:3,0,0,0,0,0,18:50,
6.1.2023,35.,Tipsport extraliga,CEB – VIT,0:2,0,0,0,-1,0,16:45,
30.12.2022,33.,Tipsport extraliga,PCE – CEB,4:1,0,0,0,-1,2,17:54,
28.12.2022,32.,Tipsport extraliga,CEB – OLO,4:2,0,1,1,2,0,16:12,
26.12.2022,31.,Tipsport extraliga,MHK – CEB,1:4,0,0,0,0,0,17:50,
22.12.2022,30.,Tipsport extraliga,CEB – LIT,2:5,0,0,0,0,0,14:23,
20.12.2022,29.,Tipsport extraliga,MBL – CEB,2:1,0,0,0,0,4,14:02,
25.11.2022,22.,Tipsport extraliga,VIT – CEB,4:3,0,0,0,0,0,19:19,
17.11.2022,20.,Tipsport extraliga,CEB – PCE,2:4,0,0,0,0,0,17:45,
6.11.2022,19.,Tipsport extraliga,OLO – CEB,3:1,0,0,0,0,2,20:38,
4.11.2022,18.,Tipsport extraliga,CEB – MHK,2:1,0,0,0,0,0,19:13,
1.11.2022,17.,Tipsport extraliga,LIT – CEB,6:4,0,0,0,0,2,18:11,
30.10.2022,16.,Tipsport extraliga,CEB – MBL,3:0,0,0,0,0,0,19:58,
28.10.2022,15.,Tipsport extraliga,KOM – CEB,3:0,0,0,0,-1,0,18:21,
23.10.2022,14.,Tipsport extraliga,CEB – TRI,3:2,1,0,1,1,0,20:21,
20.10.2022,13.,Tipsport extraliga,CEB – PLZ,3:2,0,0,0,1,0,22:04,
18.10.2022,12.,Tipsport extraliga,KLA – CEB,2:1,0,0,0,0,0,18:45,
16.10.2022,11.,Tipsport extraliga,KVA – CEB,4:3,0,0,0,-2,4,16:33,
9.10.2022,9.,Tipsport extraliga,CEB – VIT,2:3,0,0,0,0,0,17:01,
7.10.2022,8.,Tipsport extraliga,CEB – SPA,2:3,0,0,0,0,2,18:04,
4.10.2022,10.,Tipsport extraliga,LIB – CEB,6:1,0,0,0,-1,2,17:20,
2.10.2022,7.,Tipsport extraliga,PCE – CEB,6:1,0,0,0,-1,0,19:05,
30.9.2022,6.,Tipsport extraliga,CEB – OLO,1:2,0,0,0,-1,2,18:45,
27.9.2022,5.,Tipsport extraliga,MHK – CEB,3:1,0,0,0,0,0,16:57,
23.9.2022,3.,Tipsport extraliga,MBL – CEB,5:1,0,0,0,0,2,18:58,
20.9.2022,4.,Tipsport extraliga,CEB – LIT,6:3,0,0,0,0,2,19:21,
18.9.2022,2.,Tipsport extraliga,CEB – KOM,6:2,0,0,0,1,0,20:32,
16.9.2022,1.,Tipsport extraliga,TRI – CEB,0:2,0,0,0,0,0,20:00,
