datum,kolo,soutěž,zápas,skóre,G,A,B,+-,TM,TOI,
26.2.2023,50.,Tipsport extraliga,KOM – OLO,1:0,0,0,0,0,0,06:25,
24.2.2023,49.,Tipsport extraliga,PCE – KOM,1:3,0,0,0,0,0,18:32,
19.2.2023,48.,Tipsport extraliga,KOM – MBL,1:4,0,0,0,0,0,17:13,
17.2.2023,47.,Tipsport extraliga,LIT – KOM,3:2,1,0,1,0,0,18:36,
15.2.2023,46.,Tipsport extraliga,KOM – PLZ,3:0,0,0,0,0,0,16:22,
5.2.2023,45.,Tipsport extraliga,MHK – KOM,1:0,0,0,0,-1,0,15:25,
3.2.2023,44.,Tipsport extraliga,KOM – TRI,5:1,0,0,0,0,0,15:55,
29.1.2023,43.,Tipsport extraliga,KOM – LIB,3:0,0,1,1,0,0,16:38,
27.1.2023,42.,Tipsport extraliga,KLA – KOM,0:3,0,0,0,1,0,17:41,
24.1.2023,41.,Tipsport extraliga,KOM – CEB,5:2,0,0,0,-1,0,18:28,
22.1.2023,40.,Tipsport extraliga,KVA – KOM,5:4,0,1,1,-1,2,19:07,
20.1.2023,39.,Tipsport extraliga,SPA – KOM,5:3,1,1,2,0,0,18:16,
15.1.2023,38.,Tipsport extraliga,KOM – VIT,2:5,0,2,2,1,0,17:16,
13.1.2023,18.,Tipsport extraliga,TRI – KOM,6:1,0,0,0,-1,0,17:19,
11.1.2023,37.,Tipsport extraliga,OLO – KOM,1:4,0,1,1,0,0,17:27,
3.1.2023,34.,Tipsport extraliga,KOM – LIT,3:1,0,0,0,0,0,19:57,
30.12.2022,33.,Tipsport extraliga,PLZ – KOM,5:2,1,0,1,0,0,18:31,
28.12.2022,32.,Tipsport extraliga,KOM – MHK,2:3,1,0,1,1,0,20:02,
26.12.2022,31.,Tipsport extraliga,TRI – KOM,7:2,0,0,0,-1,2,17:37,
22.12.2022,30.,Tipsport extraliga,LIB – KOM,2:1,0,0,0,0,0,18:36,
20.12.2022,29.,Tipsport extraliga,KOM – KLA,3:2,1,1,2,2,0,17:47,
11.12.2022,28.,Tipsport extraliga,CEB – KOM,3:1,1,0,1,1,0,19:53,
9.12.2022,27.,Tipsport extraliga,KOM – KVA,2:3,0,0,0,-1,0,20:17,
4.12.2022,26.,Tipsport extraliga,KOM – SPA,2:6,1,1,2,1,0,17:24,
2.12.2022,25.,Tipsport extraliga,VIT – KOM,4:1,0,0,0,-1,0,24:07,
29.11.2022,24.,Tipsport extraliga,KOM – OLO,1:0,0,0,0,0,0,22:09,
27.11.2022,23.,Tipsport extraliga,PCE – KOM,4:3,1,2,3,3,0,21:06,
25.11.2022,22.,Tipsport extraliga,KOM – MBL,1:3,0,0,0,-1,2,24:09,
22.11.2022,17.,Tipsport extraliga,KOM – LIB,0:5,0,0,0,0,0,20:28,
20.11.2022,21.,Tipsport extraliga,LIT – KOM,5:1,0,0,0,-3,0,16:11,
18.11.2022,20.,Tipsport extraliga,KOM – PLZ,3:1,1,0,1,0,2,18:32,
13.11.2022,,Karjala Cup 2022,CZE – SUI,2:3,0,0,0,0,2,-,
10.11.2022,,Karjala Cup 2022,CZE – SWE,1:4,0,0,0,0,0,12:47,
23.10.2022,14.,Tipsport extraliga,KVA – KOM,2:3,0,0,0,0,0,20:01,
21.10.2022,13.,Tipsport extraliga,SPA – KOM,2:3,1,0,1,0,0,16:30,
18.10.2022,12.,Tipsport extraliga,KOM – VIT,2:1,0,0,0,-1,0,20:08,
16.10.2022,11.,Tipsport extraliga,OLO – KOM,2:3,0,0,0,0,0,17:51,
13.10.2022,10.,Tipsport extraliga,KOM – PCE,4:3,1,0,1,0,2,18:49,
9.10.2022,9.,Tipsport extraliga,MBL – KOM,3:2,0,0,0,0,0,19:11,
7.10.2022,8.,Tipsport extraliga,KOM – LIT,5:4,1,0,1,1,0,21:05,
2.10.2022,7.,Tipsport extraliga,PLZ – KOM,3:4,0,2,2,1,0,18:56,
30.9.2022,6.,Tipsport extraliga,KOM – MHK,4:0,2,0,2,2,0,16:50,
27.9.2022,5.,Tipsport extraliga,KOM – TRI,2:4,1,1,2,-1,0,20:23,
25.9.2022,4.,Tipsport extraliga,LIB – KOM,2:3,1,0,1,0,0,19:31,
23.9.2022,3.,Tipsport extraliga,KOM – KLA,1:3,0,0,0,0,0,20:13,
18.9.2022,2.,Tipsport extraliga,CEB – KOM,6:2,1,0,1,0,0,18:04,
15.9.2022,1.,Tipsport extraliga,KOM – KVA,6:1,2,0,2,1,0,17:50,
