datum,kolo,soutěž,zápas,skóre,G,A,B,+-,TM,TOI,
26.2.2023,50.,Tipsport extraliga,LIT – PLZ,2:0,0,0,0,0,0,15:55,
24.2.2023,49.,Tipsport extraliga,PLZ – TRI,4:5,0,0,0,-1,0,14:23,
19.2.2023,48.,Tipsport extraliga,MHK – PLZ,2:1,1,0,1,1,2,18:23,
17.2.2023,47.,Tipsport extraliga,PLZ – KLA,0:3,0,0,0,-1,0,18:19,
15.2.2023,46.,Tipsport extraliga,KOM – PLZ,3:0,0,0,0,-1,0,15:27,
5.2.2023,45.,Tipsport extraliga,PLZ – LIB,2:4,0,1,1,0,0,10:29,
3.2.2023,44.,Tipsport extraliga,KVA – PLZ,3:1,0,0,0,-1,0,14:42,
29.1.2023,43.,Tipsport extraliga,PLZ – SPA,4:3,0,1,1,0,0,15:43,
26.1.2023,42.,Tipsport extraliga,PCE – PLZ,4:3,0,0,0,1,0,14:40,
22.1.2023,40.,Tipsport extraliga,OLO – PLZ,3:2,0,0,0,1,0,13:03,
20.1.2023,39.,Tipsport extraliga,CEB – PLZ,3:4,1,0,1,0,0,11:20,
15.1.2023,38.,Tipsport extraliga,PLZ – MBL,3:2,0,0,0,-1,0,07:28,
13.1.2023,37.,Tipsport extraliga,PLZ – LIT,4:1,0,0,0,0,0,15:20,
10.1.2023,41.,Tipsport extraliga,PLZ – VIT,2:3,0,0,0,0,0,21:23,
6.11.2022,19.,Tipsport extraliga,PLZ – LIB,3:4,1,0,1,1,0,07:53,
4.11.2022,18.,Tipsport extraliga,KVA – PLZ,4:5,1,1,2,0,0,18:40,
2.11.2022,17.,Tipsport extraliga,PLZ – SPA,4:0,1,0,1,1,0,18:57,
30.10.2022,16.,Tipsport extraliga,PCE – PLZ,7:2,0,0,0,-1,0,14:22,
28.10.2022,15.,Tipsport extraliga,PLZ – VIT,4:3,0,1,1,-1,2,17:38,
23.10.2022,14.,Tipsport extraliga,OLO – PLZ,1:4,0,0,0,0,0,15:57,
20.10.2022,13.,Tipsport extraliga,CEB – PLZ,3:2,0,0,0,0,0,17:46,
18.10.2022,12.,Tipsport extraliga,PLZ – MBL,1:2,0,0,0,0,0,19:17,
16.10.2022,11.,Tipsport extraliga,PLZ – LIT,4:3,0,0,0,1,0,14:01,
14.10.2022,10.,Tipsport extraliga,TRI – PLZ,3:2,0,0,0,1,0,14:46,
9.10.2022,9.,Tipsport extraliga,PLZ – MHK,2:5,0,1,1,-1,0,19:03,
7.10.2022,8.,Tipsport extraliga,KLA – PLZ,0:4,1,0,1,1,0,19:43,
2.10.2022,7.,Tipsport extraliga,PLZ – KOM,3:4,0,0,0,1,2,17:23,
29.9.2022,6.,Tipsport extraliga,LIB – PLZ,2:3,0,0,0,1,0,16:00,
27.9.2022,5.,Tipsport extraliga,PLZ – KVA,6:3,1,1,2,2,0,16:15,
25.9.2022,4.,Tipsport extraliga,SPA – PLZ,3:2,0,0,0,-1,0,17:06,
23.9.2022,3.,Tipsport extraliga,PLZ – PCE,1:4,0,0,0,-1,0,20:24,
18.9.2022,2.,Tipsport extraliga,VIT – PLZ,4:2,0,0,0,0,0,18:37,
16.9.2022,1.,Tipsport extraliga,PLZ – OLO,1:2,0,0,0,1,0,19:04,
