datum,kolo,soutěž,zápas,skóre,G,A,B,+-,TM,TOI,
19.2.2023,48.,Tipsport extraliga,VIT – CEB,1:4,0,1,1,1,0,07:02,
15.2.2023,46.,Tipsport extraliga,VIT – OLO,3:1,0,0,0,-1,2,12:35,
5.2.2023,45.,Tipsport extraliga,MBL – VIT,2:3,0,0,0,0,0,16:38,
3.2.2023,44.,Tipsport extraliga,VIT – SPA,3:4,0,0,0,0,0,13:42,
31.1.2023,43.,Tipsport extraliga,VIT – TRI,1:2,0,0,0,0,0,11:05,
13.1.2023,37.,Tipsport extraliga,VIT – KLA,0:3,0,0,0,-2,0,10:38,
10.1.2023,41.,Tipsport extraliga,PLZ – VIT,2:3,0,0,0,1,0,18:51,
28.12.2022,32.,Tipsport extraliga,VIT – MBL,5:2,0,0,0,0,0,19:59,
22.12.2022,30.,Tipsport extraliga,VIT – TRI,1:2,0,0,0,-1,0,15:54,
20.12.2022,29.,Tipsport extraliga,MHK – VIT,4:3,0,0,0,0,0,14:16,
11.12.2022,28.,Tipsport extraliga,VIT – PLZ,3:2,0,0,0,0,0,05:58,
9.12.2022,27.,Tipsport extraliga,LIT – VIT,5:3,0,0,0,-1,0,12:47,
27.11.2022,23.,Tipsport extraliga,VIT – KVA,4:2,0,0,0,1,0,16:04,
25.11.2022,22.,Tipsport extraliga,VIT – CEB,4:3,0,1,1,1,2,19:26,
22.11.2022,21.,Tipsport extraliga,VIT – PCE,4:5,0,2,2,1,0,14:55,
18.11.2022,20.,Tipsport extraliga,VIT – OLO,3:0,0,1,1,1,2,15:37,
4.11.2022,18.,Tipsport extraliga,VIT – SPA,3:2,0,0,0,0,0,16:19,
2.11.2022,17.,Tipsport extraliga,TRI – VIT,1:2,0,0,0,0,0,15:41,
30.10.2022,16.,Tipsport extraliga,VIT – MHK,5:2,0,2,2,3,0,18:17,
28.10.2022,15.,Tipsport extraliga,PLZ – VIT,4:3,0,0,0,0,0,18:44,
26.10.2022,31.,Tipsport extraliga,SPA – VIT,3:2,0,0,0,0,0,18:46,
23.10.2022,14.,Tipsport extraliga,VIT – LIT,5:3,0,0,0,1,0,18:39,
21.10.2022,13.,Tipsport extraliga,VIT – LIB,6:3,0,1,1,2,0,16:50,
18.10.2022,12.,Tipsport extraliga,KOM – VIT,2:1,0,0,0,0,0,14:25,
16.10.2022,11.,Tipsport extraliga,VIT – KLA,2:0,0,0,0,0,0,18:40,
14.10.2022,10.,Tipsport extraliga,KVA – VIT,4:5,0,0,0,1,2,22:19,
9.10.2022,9.,Tipsport extraliga,CEB – VIT,2:3,0,0,0,-1,2,18:01,
6.10.2022,8.,Tipsport extraliga,PCE – VIT,2:1,0,0,0,0,2,18:04,
2.10.2022,7.,Tipsport extraliga,OLO – VIT,5:4,0,0,0,-1,0,17:40,
29.9.2022,6.,Tipsport extraliga,VIT – MBL,4:0,0,0,0,1,0,17:56,
27.9.2022,5.,Tipsport extraliga,SPA – VIT,5:3,0,0,0,-1,0,19:25,
25.9.2022,4.,Tipsport extraliga,TRI – VIT,3:5,0,0,0,1,2,09:40,
16.9.2022,1.,Tipsport extraliga,LIT – VIT,2:3,0,0,0,0,0,07:41,
