datum,kolo,soutěž,zápas,skóre,G,A,B,+-,TM,TOI,
19.2.2023,48.,Tipsport extraliga,VIT – CEB,1:4,0,0,0,1,2,19:37,
17.2.2023,47.,Tipsport extraliga,CEB – SPA,3:4,0,1,1,-1,0,20:12,
15.2.2023,46.,Tipsport extraliga,CEB – PCE,3:7,0,2,2,-1,2,18:58,
5.2.2023,45.,Tipsport extraliga,OLO – CEB,3:2,0,2,2,0,20,21:18,
2.2.2023,44.,Tipsport extraliga,CEB – MHK,2:3,0,1,1,0,0,21:32,
29.1.2023,43.,Tipsport extraliga,LIT – CEB,1:0,0,0,0,0,2,20:36,
27.1.2023,42.,Tipsport extraliga,CEB – MBL,5:4,0,1,1,1,0,23:40,
24.1.2023,41.,Tipsport extraliga,KOM – CEB,5:2,0,1,1,-1,2,23:50,
22.1.2023,40.,Tipsport extraliga,CEB – TRI,3:2,1,1,2,2,0,22:11,
20.1.2023,39.,Tipsport extraliga,CEB – PLZ,3:4,0,0,0,-1,0,23:42,
17.1.2023,21.,Tipsport extraliga,SPA – CEB,5:0,0,0,0,-1,0,16:43,
15.1.2023,38.,Tipsport extraliga,CEB – KLA,6:2,0,2,2,0,0,23:27,
13.1.2023,37.,Tipsport extraliga,CEB – KVA,2:4,0,2,2,0,0,22:24,
8.1.2023,36.,Tipsport extraliga,LIB – CEB,2:3,0,2,2,1,0,25:21,
6.1.2023,35.,Tipsport extraliga,CEB – VIT,0:2,0,0,0,-1,0,23:27,
3.1.2023,34.,Tipsport extraliga,SPA – CEB,5:3,0,0,0,0,0,21:56,
30.12.2022,33.,Tipsport extraliga,PCE – CEB,4:1,0,0,0,-1,2,21:25,
28.12.2022,32.,Tipsport extraliga,CEB – OLO,4:2,1,0,1,0,0,22:10,
26.12.2022,31.,Tipsport extraliga,MHK – CEB,1:4,1,2,3,1,2,21:30,
22.12.2022,30.,Tipsport extraliga,CEB – LIT,2:5,0,1,1,-1,6,25:49,
20.12.2022,29.,Tipsport extraliga,MBL – CEB,2:1,0,0,0,-1,0,24:03,
11.12.2022,28.,Tipsport extraliga,CEB – KOM,3:1,0,2,2,0,0,20:35,
9.12.2022,27.,Tipsport extraliga,TRI – CEB,2:3,0,2,2,1,2,24:12,
4.12.2022,26.,Tipsport extraliga,PLZ – CEB,4:1,0,0,0,-2,0,19:48,
2.12.2022,25.,Tipsport extraliga,KLA – CEB,1:6,0,1,1,1,0,20:04,
29.11.2022,24.,Tipsport extraliga,CEB – KVA,0:3,0,0,0,-1,0,21:00,
27.11.2022,23.,Tipsport extraliga,CEB – LIB,4:1,0,0,0,1,0,19:45,
25.11.2022,22.,Tipsport extraliga,VIT – CEB,4:3,1,0,1,1,0,21:46,
17.11.2022,20.,Tipsport extraliga,CEB – PCE,2:4,0,0,0,-1,0,23:06,
6.11.2022,19.,Tipsport extraliga,OLO – CEB,3:1,0,0,0,-3,0,20:24,
4.11.2022,18.,Tipsport extraliga,CEB – MHK,2:1,0,1,1,0,0,22:22,
1.11.2022,17.,Tipsport extraliga,LIT – CEB,6:4,1,2,3,1,0,22:52,
30.10.2022,16.,Tipsport extraliga,CEB – MBL,3:0,0,1,1,1,2,20:11,
28.10.2022,15.,Tipsport extraliga,KOM – CEB,3:0,0,0,0,-1,2,19:18,
23.10.2022,14.,Tipsport extraliga,CEB – TRI,3:2,0,2,2,2,0,23:48,
20.10.2022,13.,Tipsport extraliga,CEB – PLZ,3:2,1,1,2,1,0,21:42,
18.10.2022,12.,Tipsport extraliga,KLA – CEB,2:1,0,0,0,0,2,25:00,
16.10.2022,11.,Tipsport extraliga,KVA – CEB,4:3,1,0,1,0,0,23:57,
9.10.2022,9.,Tipsport extraliga,CEB – VIT,2:3,0,0,0,2,0,24:12,
7.10.2022,8.,Tipsport extraliga,CEB – SPA,2:3,0,0,0,-1,0,21:17,
4.10.2022,10.,Tipsport extraliga,LIB – CEB,6:1,0,0,0,-3,2,20:37,
2.10.2022,7.,Tipsport extraliga,PCE – CEB,6:1,0,0,0,-2,0,21:21,
30.9.2022,6.,Tipsport extraliga,CEB – OLO,1:2,0,1,1,-1,0,27:50,
27.9.2022,5.,Tipsport extraliga,MHK – CEB,3:1,0,1,1,0,0,26:19,
23.9.2022,3.,Tipsport extraliga,MBL – CEB,5:1,0,1,1,0,0,22:23,
20.9.2022,4.,Tipsport extraliga,CEB – LIT,6:3,1,2,3,2,0,24:01,
18.9.2022,2.,Tipsport extraliga,CEB – KOM,6:2,0,3,3,1,0,20:37,
16.9.2022,1.,Tipsport extraliga,TRI – CEB,0:2,0,0,0,0,0,23:07,
