datum,kolo,soutěž,zápas,skóre,G,A,B,+-,TM,TOI,
19.2.2023,48.,Tipsport extraliga,VIT – CEB,1:4,0,0,0,0,0,08:20,
17.2.2023,47.,Tipsport extraliga,PCE – VIT,1:4,0,0,0,0,0,11:55,
15.2.2023,46.,Tipsport extraliga,VIT – OLO,3:1,0,1,1,1,0,12:29,
5.2.2023,45.,Tipsport extraliga,MBL – VIT,2:3,0,0,0,0,0,12:04,
3.2.2023,44.,Tipsport extraliga,VIT – SPA,3:4,0,0,0,0,0,08:51,
31.1.2023,43.,Tipsport extraliga,VIT – TRI,1:2,0,0,0,0,2,10:13,
27.1.2023,42.,Tipsport extraliga,VIT – MHK,2:5,0,0,0,0,0,12:47,
22.1.2023,40.,Tipsport extraliga,VIT – LIT,2:3,1,0,1,1,0,10:45,
20.1.2023,39.,Tipsport extraliga,VIT – LIB,2:0,0,0,0,0,0,14:30,
17.1.2023,19.,Tipsport extraliga,MBL – VIT,3:2,1,0,1,0,0,17:13,
15.1.2023,38.,Tipsport extraliga,KOM – VIT,2:5,0,0,0,-2,0,14:57,
13.1.2023,37.,Tipsport extraliga,VIT – KLA,0:3,0,0,0,0,0,12:38,
10.1.2023,41.,Tipsport extraliga,PLZ – VIT,2:3,0,2,2,2,0,10:48,
8.1.2023,36.,Tipsport extraliga,KVA – VIT,1:3,0,0,0,0,0,17:24,
6.1.2023,35.,Tipsport extraliga,CEB – VIT,0:2,1,0,1,2,0,15:23,
3.1.2023,34.,Tipsport extraliga,VIT – PCE,2:3,1,0,1,1,0,18:09,
30.12.2022,33.,Tipsport extraliga,OLO – VIT,2:4,0,0,0,0,0,15:02,
28.12.2022,32.,Tipsport extraliga,VIT – MBL,5:2,0,0,0,1,2,12:59,
22.12.2022,30.,Tipsport extraliga,VIT – TRI,1:2,1,0,1,-1,0,13:12,
20.12.2022,29.,Tipsport extraliga,MHK – VIT,4:3,0,0,0,0,2,14:03,
11.12.2022,28.,Tipsport extraliga,VIT – PLZ,3:2,0,0,0,0,0,09:38,
9.12.2022,27.,Tipsport extraliga,LIT – VIT,5:3,1,0,1,2,2,17:48,
4.12.2022,26.,Tipsport extraliga,LIB – VIT,2:3,0,0,0,0,0,11:50,
2.12.2022,25.,Tipsport extraliga,VIT – KOM,4:1,1,0,1,1,0,12:36,
29.11.2022,24.,Tipsport extraliga,KLA – VIT,2:3,0,0,0,-1,0,08:15,
27.11.2022,23.,Tipsport extraliga,VIT – KVA,4:2,0,0,0,0,0,10:06,
25.11.2022,22.,Tipsport extraliga,VIT – CEB,4:3,0,0,0,0,0,09:13,
25.9.2022,4.,Tipsport extraliga,TRI – VIT,3:5,0,0,0,-2,0,09:46,
23.9.2022,3.,Tipsport extraliga,MHK – VIT,3:2,0,1,1,0,0,19:25,
18.9.2022,2.,Tipsport extraliga,VIT – PLZ,4:2,0,0,0,0,0,17:54,
16.9.2022,1.,Tipsport extraliga,LIT – VIT,2:3,0,0,0,0,0,14:09,
