datum,kolo,soutěž,zápas,skóre,G,A,B,+-,TM,TOI,
26.2.2023,50.,Tipsport extraliga,SPA – TRI,3:1,0,0,0,-1,0,13:53,
24.2.2023,49.,Tipsport extraliga,PLZ – TRI,4:5,1,0,1,3,0,12:57,
19.2.2023,48.,Tipsport extraliga,LIT – TRI,4:3,0,0,0,1,0,15:28,
15.2.2023,46.,Tipsport extraliga,LIB – TRI,3:2,0,0,0,0,2,08:43,
5.2.2023,45.,Tipsport extraliga,TRI – KLA,5:4,0,0,0,0,0,05:40,
29.1.2023,43.,Tipsport extraliga,PLZ – SPA,4:3,0,0,0,-1,0,17:40,
26.1.2023,42.,Tipsport extraliga,PCE – PLZ,4:3,0,1,1,2,0,21:21,
22.1.2023,40.,Tipsport extraliga,OLO – PLZ,3:2,0,0,0,0,4,23:55,
20.1.2023,39.,Tipsport extraliga,CEB – PLZ,3:4,0,0,0,-1,0,17:22,
15.1.2023,38.,Tipsport extraliga,PLZ – MBL,3:2,1,0,1,1,0,13:19,
13.1.2023,37.,Tipsport extraliga,PLZ – LIT,4:1,0,0,0,1,0,16:08,
8.1.2023,36.,Tipsport extraliga,TRI – PLZ,6:1,0,0,0,-2,0,19:23,
5.1.2023,35.,Tipsport extraliga,PLZ – MHK,0:4,0,0,0,-2,0,20:12,
3.1.2023,34.,Tipsport extraliga,KLA – PLZ,3:4,0,0,0,0,2,19:03,
30.12.2022,33.,Tipsport extraliga,PLZ – KOM,5:2,0,0,0,-1,0,23:15,
28.12.2022,32.,Tipsport extraliga,LIB – PLZ,2:1,0,1,1,-1,0,23:56,
26.12.2022,31.,Tipsport extraliga,PLZ – KVA,1:0,0,0,0,0,0,22:28,
22.12.2022,30.,Tipsport extraliga,SPA – PLZ,3:0,0,0,0,-1,0,20:48,
20.12.2022,29.,Tipsport extraliga,PLZ – PCE,0:2,0,0,0,-1,0,15:47,
11.12.2022,28.,Tipsport extraliga,VIT – PLZ,3:2,0,0,0,-1,0,15:18,
9.12.2022,27.,Tipsport extraliga,PLZ – OLO,5:4,0,0,0,1,0,17:27,
4.12.2022,26.,Tipsport extraliga,PLZ – CEB,4:1,0,0,0,1,0,16:08,
1.12.2022,25.,Tipsport extraliga,MBL – PLZ,0:1,0,0,0,0,0,16:06,
29.11.2022,24.,Tipsport extraliga,LIT – PLZ,2:4,0,0,0,0,0,19:40,
27.11.2022,23.,Tipsport extraliga,PLZ – TRI,2:1,0,0,0,0,0,20:33,
25.11.2022,22.,Tipsport extraliga,MHK – PLZ,1:4,0,0,0,0,0,16:55,
20.11.2022,21.,Tipsport extraliga,PLZ – KLA,1:2,0,0,0,-1,2,24:56,
6.11.2022,19.,Tipsport extraliga,PLZ – LIB,3:4,0,0,0,1,0,24:15,
4.11.2022,18.,Tipsport extraliga,KVA – PLZ,4:5,0,0,0,0,0,20:31,
2.11.2022,17.,Tipsport extraliga,PLZ – SPA,4:0,0,1,1,1,0,21:02,
30.10.2022,16.,Tipsport extraliga,PCE – PLZ,7:2,0,0,0,-1,0,20:50,
28.10.2022,15.,Tipsport extraliga,PLZ – VIT,4:3,1,1,2,1,0,26:07,
23.10.2022,14.,Tipsport extraliga,OLO – PLZ,1:4,0,1,1,1,0,18:46,
20.10.2022,13.,Tipsport extraliga,CEB – PLZ,3:2,0,0,0,0,0,26:36,
18.10.2022,12.,Tipsport extraliga,PLZ – MBL,1:2,0,0,0,0,0,25:36,
16.10.2022,11.,Tipsport extraliga,PLZ – LIT,4:3,0,2,2,3,2,21:57,
14.10.2022,10.,Tipsport extraliga,TRI – PLZ,3:2,0,1,1,1,0,24:09,
9.10.2022,9.,Tipsport extraliga,PLZ – MHK,2:5,0,0,0,-3,0,17:50,
7.10.2022,8.,Tipsport extraliga,KLA – PLZ,0:4,0,0,0,1,0,21:14,
2.10.2022,7.,Tipsport extraliga,PLZ – KOM,3:4,0,0,0,-1,0,21:36,
29.9.2022,6.,Tipsport extraliga,LIB – PLZ,2:3,0,0,0,-1,0,17:37,
27.9.2022,5.,Tipsport extraliga,PLZ – KVA,6:3,0,1,1,1,0,17:03,
25.9.2022,4.,Tipsport extraliga,SPA – PLZ,3:2,0,1,1,0,0,14:24,
23.9.2022,3.,Tipsport extraliga,PLZ – PCE,1:4,0,1,1,0,0,21:41,
18.9.2022,2.,Tipsport extraliga,VIT – PLZ,4:2,1,1,2,1,0,20:09,
16.9.2022,1.,Tipsport extraliga,PLZ – OLO,1:2,0,0,0,-1,2,19:10,
