datum,kolo,soutěž,zápas,skóre,G,A,B,+-,TM,TOI,
25.2.2023,50.,CHANCE LIGA,POR – FRM,4:2,0,0,0,3,0,14:59,
22.2.2023,49.,CHANCE LIGA,PCE – POR,5:4,0,0,0,1,0,15:06,
18.2.2023,48.,CHANCE LIGA,POR – KOL,5:2,1,0,1,2,0,16:52,
15.2.2023,47.,CHANCE LIGA,TRE – POR,5:3,0,0,0,0,2,14:08,
13.2.2023,46.,CHANCE LIGA,POR – SLA,5:4,0,0,0,-1,2,17:14,
10.2.2023,4.,CHANCE LIGA,POR – PRE,2:1,0,0,0,0,2,17:24,
4.2.2023,45.,CHANCE LIGA,SOK – POR,6:7,0,0,0,2,2,17:26,
1.2.2023,44.,CHANCE LIGA,POR – LTM,1:3,0,0,0,-2,0,12:46,
30.1.2023,43.,CHANCE LIGA,PRE – POR,2:3,0,0,0,0,2,19:13,
28.1.2023,42.,CHANCE LIGA,PRO – POR,4:1,0,0,0,-2,4,17:26,
25.1.2023,41.,CHANCE LIGA,VSE – POR,5:0,0,0,0,0,2,14:28,
21.1.2023,40.,CHANCE LIGA,POR – JIH,4:0,0,0,0,3,0,22:41,
18.1.2023,39.,CHANCE LIGA,POR – ZLN,0:2,0,0,0,-1,2,18:12,
14.1.2023,38.,CHANCE LIGA,SUM – POR,1:6,1,0,1,3,2,17:52,
11.1.2023,37.,CHANCE LIGA,FRM – POR,4:0,0,0,0,0,0,19:01,
9.1.2023,36.,CHANCE LIGA,POR – PCE,4:2,0,0,0,1,0,17:35,
7.1.2023,35.,CHANCE LIGA,KOL – POR,4:3,0,0,0,0,0,06:55,
18.10.2022,12.,Tipsport extraliga,KLA – CEB,2:1,0,0,0,0,0,02:01,
16.10.2022,11.,Tipsport extraliga,KVA – CEB,4:3,0,0,0,0,2,13:29,
12.10.2022,11.,CHANCE LIGA,TRE – VSE,4:2,0,0,0,0,2,19:48,
10.10.2022,10.,CHANCE LIGA,SOK – TRE,4:1,0,1,1,0,0,18:07,
9.10.2022,9.,Tipsport extraliga,CEB – VIT,2:3,0,0,0,1,0,11:20,
7.10.2022,8.,Tipsport extraliga,CEB – SPA,2:3,0,0,0,-1,0,10:35,
1.10.2022,7.,CHANCE LIGA,TRE – ZLN,2:1,0,0,0,0,0,20:17,
28.9.2022,6.,CHANCE LIGA,PCE – TRE,2:3,0,0,0,-1,4,15:26,
26.9.2022,5.,CHANCE LIGA,TRE – SUM,3:1,0,0,0,0,0,19:40,
24.9.2022,4.,CHANCE LIGA,KOL – TRE,3:2,0,0,0,0,0,15:39,
21.9.2022,3.,CHANCE LIGA,TRE – FRM,5:4,0,1,1,1,2,22:12,
17.9.2022,2.,CHANCE LIGA,PRE – TRE,5:2,0,0,0,0,4,16:08,
14.9.2022,1.,CHANCE LIGA,TRE – SLA,5:1,0,0,0,-1,2,18:08,
