datum,kolo,soutěž,zápas,skóre,G,A,B,+-,TM,TOI,
19.2.2023,48.,Tipsport extraliga,KLA – OLO,4:5,1,0,1,1,0,05:56,
17.2.2023,47.,Tipsport extraliga,OLO – LIB,2:3,0,1,1,1,34,18:50,
15.2.2023,46.,Tipsport extraliga,VIT – OLO,3:1,0,1,1,0,0,19:30,
5.2.2023,45.,Tipsport extraliga,OLO – CEB,3:2,1,0,1,1,0,18:42,
3.2.2023,44.,Tipsport extraliga,PCE – OLO,4:1,0,0,0,0,0,17:41,
24.1.2023,41.,Tipsport extraliga,MBL – OLO,4:0,0,0,0,-1,0,17:38,
22.1.2023,40.,Tipsport extraliga,OLO – PLZ,3:2,1,1,2,0,0,14:59,
20.1.2023,39.,Tipsport extraliga,OLO – LIT,1:8,1,0,1,-1,0,15:56,
17.1.2023,38.,Tipsport extraliga,TRI – OLO,1:3,1,0,1,2,0,16:39,
11.1.2023,37.,Tipsport extraliga,OLO – KOM,1:4,0,0,0,0,4,18:37,
30.12.2022,33.,Tipsport extraliga,OLO – VIT,2:4,1,0,1,-2,2,19:48,
28.12.2022,32.,Tipsport extraliga,CEB – OLO,4:2,0,1,1,-1,0,17:43,
26.12.2022,31.,Tipsport extraliga,OLO – PCE,3:2,1,0,1,0,0,14:14,
22.12.2022,30.,Tipsport extraliga,KVA – OLO,0:3,1,1,2,1,0,14:43,
20.12.2022,29.,Tipsport extraliga,OLO – SPA,0:1,0,0,0,0,0,16:42,
11.12.2022,28.,Tipsport extraliga,OLO – MBL,2:0,0,1,1,0,2,18:29,
9.12.2022,27.,Tipsport extraliga,PLZ – OLO,5:4,0,2,2,-1,0,13:22,
29.11.2022,24.,Tipsport extraliga,KOM – OLO,1:0,0,0,0,0,0,15:47,
27.11.2022,23.,Tipsport extraliga,OLO – MHK,5:0,0,0,0,1,5,16:53,
25.11.2022,22.,Tipsport extraliga,KLA – OLO,5:2,1,0,1,-2,0,14:10,
22.11.2022,12.,Tipsport extraliga,TRI – OLO,2:3,0,0,0,0,0,14:36,
20.11.2022,21.,Tipsport extraliga,OLO – LIB,4:1,1,2,3,1,2,18:30,
18.11.2022,20.,Tipsport extraliga,VIT – OLO,3:0,0,0,0,0,0,18:29,
15.11.2022,4.,Tipsport extraliga,KVA – OLO,3:2,0,0,0,-1,0,18:09,
6.11.2022,19.,Tipsport extraliga,OLO – CEB,3:1,0,0,0,0,0,22:52,
3.11.2022,18.,Tipsport extraliga,PCE – OLO,3:0,0,0,0,-1,0,14:58,
1.11.2022,17.,Tipsport extraliga,OLO – KVA,2:0,1,0,1,1,0,16:37,
30.10.2022,16.,Tipsport extraliga,SPA – OLO,2:5,1,1,2,0,2,17:20,
28.10.2022,15.,Tipsport extraliga,MBL – OLO,2:3,1,0,1,1,0,15:57,
23.10.2022,14.,Tipsport extraliga,OLO – PLZ,1:4,0,0,0,-1,0,15:40,
21.10.2022,13.,Tipsport extraliga,OLO – LIT,5:3,0,1,1,1,0,18:42,
16.10.2022,11.,Tipsport extraliga,OLO – KOM,2:3,0,0,0,-1,0,22:12,
14.10.2022,10.,Tipsport extraliga,MHK – OLO,0:3,1,0,1,2,0,16:51,
9.10.2022,9.,Tipsport extraliga,OLO – KLA,3:0,0,1,1,1,0,13:12,
7.10.2022,8.,Tipsport extraliga,LIB – OLO,6:2,0,0,0,-3,0,16:09,
2.10.2022,7.,Tipsport extraliga,OLO – VIT,5:4,0,2,2,2,4,16:33,
30.9.2022,6.,Tipsport extraliga,CEB – OLO,1:2,0,1,1,1,2,12:31,
27.9.2022,5.,Tipsport extraliga,OLO – PCE,1:2,0,0,0,0,0,15:41,
22.9.2022,3.,Tipsport extraliga,OLO – SPA,4:0,1,0,1,1,2,14:44,
18.9.2022,2.,Tipsport extraliga,OLO – MBL,2:1,0,0,0,0,0,10:51,
16.9.2022,1.,Tipsport extraliga,PLZ – OLO,1:2,0,0,0,0,2,14:47,
