datum,kolo,soutěž,zápas,skóre,G,A,B,+-,TM,TOI,
24.1.2023,41.,Tipsport extraliga,MHK – KVA,3:0,0,0,0,-2,0,19:59,
22.1.2023,40.,Tipsport extraliga,KVA – KOM,5:4,0,1,1,0,2,21:08,
20.1.2023,39.,Tipsport extraliga,KVA – KLA,4:2,0,0,0,1,0,06:07,
15.1.2023,38.,Tipsport extraliga,LIB – KVA,3:1,0,0,0,-1,0,22:02,
13.1.2023,37.,Tipsport extraliga,CEB – KVA,2:4,0,1,1,1,0,11:31,
8.1.2023,36.,Tipsport extraliga,KVA – VIT,1:3,0,0,0,-3,0,25:02,
6.1.2023,35.,Tipsport extraliga,PCE – KVA,7:4,0,0,0,0,0,20:33,
3.1.2023,34.,Tipsport extraliga,KVA – MBL,4:1,0,0,0,0,0,23:27,
28.12.2022,32.,Tipsport extraliga,KVA – LIT,3:0,0,1,1,0,0,24:24,
26.12.2022,31.,Tipsport extraliga,PLZ – KVA,1:0,0,0,0,0,0,19:47,
22.12.2022,30.,Tipsport extraliga,KVA – OLO,0:3,0,0,0,-1,4,15:46,
20.12.2022,29.,Tipsport extraliga,TRI – KVA,4:2,0,0,0,0,0,14:48,
11.12.2022,28.,Tipsport extraliga,KVA – MHK,1:4,0,0,0,0,0,14:59,
9.12.2022,27.,Tipsport extraliga,KOM – KVA,2:3,0,0,0,2,0,16:54,
4.12.2022,26.,Tipsport extraliga,KLA – KVA,4:1,0,0,0,-2,0,21:08,
2.12.2022,25.,Tipsport extraliga,KVA – LIB,0:2,0,0,0,-1,0,13:34,
29.11.2022,24.,Tipsport extraliga,CEB – KVA,0:3,0,0,0,0,2,12:29,
27.11.2022,23.,Tipsport extraliga,VIT – KVA,4:2,0,0,0,1,0,12:51,
25.11.2022,22.,Tipsport extraliga,KVA – PCE,1:3,0,0,0,-2,2,17:14,
20.11.2022,21.,Tipsport extraliga,KVA – MBL,4:3,0,0,0,0,0,16:32,
18.11.2022,20.,Tipsport extraliga,KVA – SPA,1:5,0,0,0,0,0,14:28,
15.11.2022,4.,Tipsport extraliga,KVA – OLO,3:2,0,0,0,2,0,17:32,
1.11.2022,17.,Tipsport extraliga,OLO – KVA,2:0,0,0,0,0,0,17:09,
30.10.2022,16.,Tipsport extraliga,KVA – TRI,2:6,0,1,1,-1,0,17:06,
28.10.2022,15.,Tipsport extraliga,MHK – KVA,1:2,0,0,0,1,2,18:16,
23.10.2022,14.,Tipsport extraliga,KVA – KOM,2:3,0,0,0,-1,0,16:05,
21.10.2022,13.,Tipsport extraliga,KVA – KLA,4:3,1,0,1,-1,0,15:50,
18.10.2022,12.,Tipsport extraliga,LIB – KVA,3:4,0,0,0,-1,0,14:36,
16.10.2022,11.,Tipsport extraliga,KVA – CEB,4:3,0,1,1,0,2,14:10,
14.10.2022,10.,Tipsport extraliga,KVA – VIT,4:5,0,1,1,-1,0,15:20,
9.10.2022,9.,Tipsport extraliga,PCE – KVA,2:4,0,0,0,1,0,15:02,
6.10.2022,8.,Tipsport extraliga,MBL – KVA,0:1,0,1,1,1,0,15:57,
2.10.2022,7.,Tipsport extraliga,SPA – KVA,4:5,0,1,1,1,2,13:36,
27.9.2022,5.,Tipsport extraliga,PLZ – KVA,6:3,0,0,0,-2,2,14:42,
23.9.2022,3.,Tipsport extraliga,TRI – KVA,1:2,0,0,0,-1,0,15:01,
18.9.2022,2.,Tipsport extraliga,KVA – MHK,2:3,0,0,0,0,0,17:13,
15.9.2022,1.,Tipsport extraliga,KOM – KVA,6:1,0,0,0,1,0,16:17,
