datum,kolo,soutěž,zápas,skóre,G,A,B,+-,TM,TOI,
25.2.2023,50.,CHANCE LIGA,SUM – KOL,0:3,0,0,0,0,2,07:00,
22.2.2023,49.,CHANCE LIGA,KOL – JIH,3:4,0,0,0,0,0,10:28,
21.2.2023,26.,DHL ELJ,MHK – LIB,0:4,0,0,0,0,0,-,
18.2.2023,48.,CHANCE LIGA,POR – KOL,5:2,0,0,0,-2,0,14:12,
17.2.2023,47.,DHL ELJ,MHK – PLZ,3:4,1,0,1,0,2,-,
15.2.2023,47.,CHANCE LIGA,KOL – PCE,4:2,0,0,0,0,0,15:15,
13.2.2023,46.,CHANCE LIGA,FRM – KOL,5:1,0,0,0,-1,0,14:37,
4.2.2023,46.,DHL ELJ,JIH – MHK,1:5,2,1,3,3,6,-,
3.2.2023,45.,DHL ELJ,KOM – MHK,1:4,1,1,2,0,2,-,
1.2.2023,25.,DHL ELJ,MHK – MBL,5:1,1,1,2,2,0,-,
28.1.2023,44.,DHL ELJ,MHK – KVA,3:4,0,1,1,0,4,-,
27.1.2023,43.,DHL ELJ,MHK – LIT,2:5,0,0,0,-3,0,-,
24.1.2023,41.,Tipsport extraliga,MHK – KVA,3:0,0,0,0,0,0,07:25,
22.1.2023,40.,Tipsport extraliga,LIB – MHK,3:1,0,0,0,0,0,08:20,
21.1.2023,42.,DHL ELJ,MHK – PCE,2:1,0,0,0,0,4,-,
18.1.2023,39.,CHANCE LIGA,KOL – VSE,2:1,0,0,0,0,2,15:48,
17.1.2023,35.,DHL ELJ,MHK – TRI,1:5,0,0,0,-1,0,-,
14.1.2023,40.,DHL ELJ,LIB – MHK,0:1,0,0,0,0,2,-,
12.1.2023,39.,DHL ELJ,MBL – MHK,5:2,0,0,0,-2,2,-,
10.1.2023,27.,Tipsport extraliga,MHK – LIB,5:4,0,0,0,0,0,07:55,
23.12.2022,,Reprezentace 20 – příp.,SUI – CZE,4:2,0,0,0,0,,-,
21.12.2022,,Reprezentace 20 – příp.,CZE – LAT,6:3,0,1,1,0,,-,
10.12.2022,30.,DHL ELJ,KVA – MHK,2:3,1,0,1,0,0,-,
9.12.2022,29.,DHL ELJ,LIT – MHK,5:4,0,1,1,-2,2,-,
7.12.2022,28.,CHANCE LIGA,KOL – PRO,2:6,1,0,1,-2,0,16:32,
4.12.2022,27.,CHANCE LIGA,ZLN – KOL,4:3,1,1,2,0,0,19:29,
2.12.2022,25.,Tipsport extraliga,SPA – MHK,2:1,0,0,0,0,0,08:24,
29.11.2022,24.,Tipsport extraliga,MHK – MBL,0:2,0,0,0,0,0,05:44,
27.11.2022,23.,Tipsport extraliga,OLO – MHK,5:0,0,0,0,-1,0,09:30,
13.11.2022,,Turnaj pěti v Porubě – 20,CZE – FIN,0:4,0,0,0,0,0,10:54,
12.11.2022,,Turnaj pěti v Porubě – 20,CZE – FIN,6:3,1,0,1,2,0,12:21,
10.11.2022,,Turnaj pěti v Porubě – 20,CZE – SWE,3:4,0,0,0,1,0,13:24,
5.11.2022,19.,CHANCE LIGA,SLA – KOL,2:1,0,0,0,0,4,14:42,
4.11.2022,20.,DHL ELJ,MHK – SPA,4:2,0,0,0,-1,0,-,
3.11.2022,19.,DHL ELJ,MHK – PLZ,4:5,0,1,1,0,2,-,
1.11.2022,17.,Tipsport extraliga,MHK – KLA,8:7,0,0,0,-1,0,09:00,
30.10.2022,16.,Tipsport extraliga,VIT – MHK,5:2,0,0,0,-1,0,07:38,
28.10.2022,15.,Tipsport extraliga,MHK – KVA,1:2,0,0,0,0,0,07:18,
24.10.2022,15.,CHANCE LIGA,PRO – KOL,2:0,0,0,0,0,2,13:21,
22.10.2022,16.,DHL ELJ,MHK – KVA,1:3,0,0,0,-2,0,-,
21.10.2022,15.,DHL ELJ,MHK – LIT,4:3,1,2,3,-1,2,-,
19.10.2022,13.,CHANCE LIGA,KOL – VSE,3:1,1,0,1,-1,4,16:51,
18.10.2022,12.,Tipsport extraliga,MHK – SPA,3:2,0,0,0,-1,0,06:59,
16.10.2022,11.,Tipsport extraliga,MBL – MHK,0:2,1,0,1,1,2,08:42,
14.10.2022,10.,Tipsport extraliga,MHK – OLO,0:3,0,0,0,-1,0,13:22,
9.10.2022,9.,Tipsport extraliga,PLZ – MHK,2:5,1,1,2,2,0,12:25,
2.10.2022,7.,Tipsport extraliga,LIT – MHK,3:2,0,0,0,0,0,06:46,
30.9.2022,6.,Tipsport extraliga,KOM – MHK,4:0,0,0,0,0,0,10:55,
27.9.2022,5.,Tipsport extraliga,MHK – CEB,3:1,0,0,0,0,0,05:16,
25.9.2022,4.,Tipsport extraliga,KLA – MHK,2:1,0,0,0,0,0,05:53,
23.9.2022,7.,DHL ELJ,MHK – TRI,4:3,1,1,2,1,2,-,
21.9.2022,3.,CHANCE LIGA,LTM – KOL,5:6,0,0,0,-1,2,11:11,
17.9.2022,2.,CHANCE LIGA,KOL – PRO,5:3,0,0,0,0,,14:23,
14.9.2022,1.,CHANCE LIGA,ZLN – KOL,1:4,0,1,1,1,0,17:11,
10.9.2022,4.,DHL ELJ,MHK – JIH,0:5,0,0,0,0,2,-,
9.9.2022,3.,DHL ELJ,MHK – KOM,2:1,0,2,2,0,2,-,
27.8.2022,,Turnaj čtyř v Rovaniemi – 20,CZE – SVK,3:4,0,1,1,0,,-,
26.8.2022,,Turnaj čtyř v Rovaniemi – 20,FIN – CZE,5:0,0,0,0,0,2,-,
25.8.2022,,Turnaj čtyř v Rovaniemi – 20,SWE – CZE,5:4,1,0,1,0,2,-,
