datum,kolo,soutěž,zápas,skóre,G,A,B,+-,TM,TOI,
26.2.2023,50.,Tipsport extraliga,KOM – OLO,1:0,0,0,0,0,2,04:27,
24.2.2023,49.,Tipsport extraliga,OLO – MHK,0:4,0,0,0,0,4,17:24,
19.2.2023,48.,Tipsport extraliga,KLA – OLO,4:5,0,0,0,-1,0,07:27,
17.2.2023,47.,Tipsport extraliga,OLO – LIB,2:3,0,1,1,1,0,18:21,
15.2.2023,46.,Tipsport extraliga,VIT – OLO,3:1,1,0,1,1,0,18:26,
5.2.2023,45.,Tipsport extraliga,OLO – CEB,3:2,0,0,0,-1,0,15:54,
3.2.2023,44.,Tipsport extraliga,PCE – OLO,4:1,0,0,0,0,0,15:19,
24.1.2023,41.,Tipsport extraliga,MBL – OLO,4:0,0,0,0,-1,0,13:31,
22.1.2023,40.,Tipsport extraliga,OLO – PLZ,3:2,1,0,1,0,2,16:17,
20.1.2023,39.,Tipsport extraliga,OLO – LIT,1:8,0,0,0,-1,2,16:41,
17.1.2023,38.,Tipsport extraliga,TRI – OLO,1:3,0,0,0,-1,0,17:27,
11.1.2023,37.,Tipsport extraliga,OLO – KOM,1:4,0,0,0,-1,0,15:51,
8.1.2023,36.,Tipsport extraliga,MHK – OLO,5:4,0,0,0,0,0,18:20,
6.1.2023,35.,Tipsport extraliga,OLO – KLA,6:2,0,0,0,0,0,17:54,
4.1.2023,34.,CHANCE LIGA,JIH – SOK,4:3,0,1,1,2,0,18:32,
28.12.2022,32.,Tipsport extraliga,CEB – OLO,4:2,0,0,0,0,25,14:30,
26.12.2022,31.,Tipsport extraliga,OLO – PCE,3:2,0,0,0,0,0,18:57,
22.12.2022,30.,Tipsport extraliga,KVA – OLO,0:3,0,1,1,1,0,19:16,
20.12.2022,29.,Tipsport extraliga,OLO – SPA,0:1,0,0,0,0,0,13:06,
11.12.2022,28.,Tipsport extraliga,OLO – MBL,2:0,0,0,0,1,0,17:06,
9.12.2022,27.,Tipsport extraliga,PLZ – OLO,5:4,0,0,0,-1,0,19:30,
4.12.2022,26.,Tipsport extraliga,LIT – OLO,5:3,0,0,0,0,0,21:37,
2.12.2022,25.,Tipsport extraliga,OLO – TRI,4:2,0,0,0,-1,0,14:39,
29.11.2022,24.,Tipsport extraliga,KOM – OLO,1:0,0,0,0,0,0,21:40,
27.11.2022,23.,Tipsport extraliga,OLO – MHK,5:0,0,0,0,2,2,15:56,
25.11.2022,22.,Tipsport extraliga,KLA – OLO,5:2,0,0,0,-1,0,07:49,
22.11.2022,12.,Tipsport extraliga,TRI – OLO,2:3,0,0,0,-1,0,16:41,
20.11.2022,21.,Tipsport extraliga,OLO – LIB,4:1,0,0,0,1,0,16:57,
18.11.2022,20.,Tipsport extraliga,VIT – OLO,3:0,0,0,0,0,0,17:56,
15.11.2022,4.,Tipsport extraliga,KVA – OLO,3:2,0,0,0,1,0,14:33,
6.11.2022,19.,Tipsport extraliga,OLO – CEB,3:1,0,0,0,0,0,19:45,
3.11.2022,18.,Tipsport extraliga,PCE – OLO,3:0,0,0,0,-1,0,12:19,
1.11.2022,17.,Tipsport extraliga,OLO – KVA,2:0,0,0,0,0,0,16:26,
30.10.2022,16.,Tipsport extraliga,SPA – OLO,2:5,0,1,1,1,2,10:04,
28.10.2022,15.,Tipsport extraliga,MBL – OLO,2:3,0,0,0,0,2,11:23,
26.10.2022,16.,CHANCE LIGA,ZLN – JIH,1:3,0,1,1,0,2,17:08,
24.10.2022,15.,CHANCE LIGA,JIH – FRM,4:1,0,0,0,0,0,19:39,
21.10.2022,13.,Tipsport extraliga,OLO – LIT,5:3,0,0,0,0,0,08:29,
28.9.2022,6.,CHANCE LIGA,JIH – VSE,2:1,0,0,0,0,,16:36,
26.9.2022,5.,CHANCE LIGA,PRO – JIH,2:4,0,0,0,0,,20:43,
