datum,kolo,soutěž,zápas,skóre,G,A,B,+-,TM,TOI,
22.2.2023,49.,Tipsport extraliga,CEB – LIB,3:4,0,2,2,3,0,20:10,
19.2.2023,48.,Tipsport extraliga,LIB – SPA,2:1,0,0,0,0,0,19:14,
17.2.2023,47.,Tipsport extraliga,OLO – LIB,2:3,0,0,0,1,0,17:28,
15.2.2023,46.,Tipsport extraliga,LIB – TRI,3:2,0,0,0,0,0,03:02,
5.2.2023,45.,Tipsport extraliga,PLZ – LIB,2:4,0,0,0,0,0,19:27,
3.2.2023,44.,Tipsport extraliga,LIB – MBL,4:3,0,0,0,0,0,13:00,
29.1.2023,43.,Tipsport extraliga,KOM – LIB,3:0,0,0,0,0,0,10:44,
27.1.2023,42.,Tipsport extraliga,LIB – LIT,5:1,1,0,1,2,0,16:24,
24.1.2023,41.,Tipsport extraliga,KLA – LIB,3:2,0,0,0,0,0,14:16,
22.1.2023,40.,Tipsport extraliga,LIB – MHK,3:1,0,1,1,1,0,15:53,
20.1.2023,39.,Tipsport extraliga,VIT – LIB,2:0,0,0,0,-1,0,13:40,
15.1.2023,38.,Tipsport extraliga,LIB – KVA,3:1,0,0,0,1,0,14:04,
13.1.2023,37.,Tipsport extraliga,LIB – PCE,3:4,0,0,0,0,0,16:29,
10.1.2023,27.,Tipsport extraliga,MHK – LIB,5:4,0,0,0,2,5,11:32,
8.1.2023,36.,Tipsport extraliga,LIB – CEB,2:3,0,0,0,0,0,07:04,
30.12.2022,33.,Tipsport extraliga,TRI – LIB,6:3,0,0,0,-1,2,14:31,
28.12.2022,32.,Tipsport extraliga,LIB – PLZ,2:1,0,0,0,0,0,12:43,
26.12.2022,31.,Tipsport extraliga,MBL – LIB,3:7,0,0,0,0,0,15:37,
22.12.2022,30.,Tipsport extraliga,LIB – KOM,2:1,1,1,2,2,2,15:50,
20.12.2022,29.,Tipsport extraliga,LIT – LIB,3:2,0,0,0,0,0,16:22,
11.12.2022,28.,Tipsport extraliga,LIB – KLA,7:3,0,1,1,2,0,13:41,
6.12.2022,9.,Tipsport extraliga,LIB – SPA,0:1,0,0,0,-1,0,13:09,
4.12.2022,26.,Tipsport extraliga,LIB – VIT,2:3,0,0,0,1,2,15:11,
25.11.2022,22.,Tipsport extraliga,SPA – LIB,3:1,0,0,0,-1,0,15:17,
22.11.2022,17.,Tipsport extraliga,KOM – LIB,0:5,0,1,1,2,0,14:52,
20.11.2022,21.,Tipsport extraliga,OLO – LIB,4:1,0,0,0,-1,0,16:16,
18.11.2022,20.,Tipsport extraliga,LIB – TRI,1:4,0,0,0,0,0,17:08,
6.11.2022,19.,Tipsport extraliga,PLZ – LIB,3:4,0,0,0,0,2,15:32,
4.11.2022,18.,Tipsport extraliga,LIB – MBL,6:2,0,0,0,2,0,12:58,
30.10.2022,16.,Tipsport extraliga,LIB – LIT,2:3,0,0,0,-1,0,15:38,
28.10.2022,15.,Tipsport extraliga,KLA – LIB,3:2,0,0,0,-1,0,19:20,
23.10.2022,14.,Tipsport extraliga,LIB – MHK,3:6,0,0,0,0,2,14:17,
21.10.2022,13.,Tipsport extraliga,VIT – LIB,6:3,0,0,0,-1,0,13:40,
18.10.2022,12.,Tipsport extraliga,LIB – KVA,3:4,0,0,0,0,0,15:25,
16.10.2022,11.,Tipsport extraliga,PCE – LIB,1:0,0,0,0,0,0,13:35,
7.10.2022,8.,Tipsport extraliga,LIB – OLO,6:2,0,0,0,1,6,10:35,
4.10.2022,10.,Tipsport extraliga,LIB – CEB,6:1,0,0,0,1,0,14:02,
2.10.2022,7.,Tipsport extraliga,TRI – LIB,3:4,0,0,0,1,0,15:59,
29.9.2022,6.,Tipsport extraliga,LIB – PLZ,2:3,0,0,0,0,0,12:14,
27.9.2022,5.,Tipsport extraliga,MBL – LIB,2:1,0,0,0,1,0,14:10,
25.9.2022,4.,Tipsport extraliga,LIB – KOM,2:3,1,0,1,1,2,11:41,
23.9.2022,3.,Tipsport extraliga,LIT – LIB,2:3,0,0,0,-2,0,11:26,
18.9.2022,2.,Tipsport extraliga,LIB – KLA,4:3,0,0,0,0,0,14:25,
16.9.2022,1.,Tipsport extraliga,MHK – LIB,1:2,0,0,0,0,2,16:29,
