datum,kolo,soutěž,zápas,skóre,G,A,B,+-,TM,TOI,
22.1.2023,40.,Tipsport extraliga,CEB – TRI,3:2,0,0,0,0,0,19:43,
20.1.2023,39.,Tipsport extraliga,CEB – PLZ,3:4,0,0,0,0,2,17:09,
17.1.2023,21.,Tipsport extraliga,SPA – CEB,5:0,0,0,0,-2,0,15:32,
15.1.2023,38.,Tipsport extraliga,CEB – KLA,6:2,0,0,0,1,0,18:05,
13.1.2023,37.,Tipsport extraliga,CEB – KVA,2:4,0,0,0,-1,0,14:54,
8.1.2023,36.,Tipsport extraliga,LIB – CEB,2:3,1,0,1,1,0,16:12,
6.1.2023,35.,Tipsport extraliga,CEB – VIT,0:2,0,0,0,0,0,17:18,
3.1.2023,34.,Tipsport extraliga,SPA – CEB,5:3,0,1,1,0,0,15:18,
30.12.2022,33.,Tipsport extraliga,PCE – CEB,4:1,0,0,0,0,0,13:36,
28.12.2022,32.,Tipsport extraliga,CEB – OLO,4:2,0,0,0,-1,0,12:51,
26.12.2022,31.,Tipsport extraliga,MHK – CEB,1:4,2,0,2,1,2,13:24,
22.12.2022,30.,Tipsport extraliga,CEB – LIT,2:5,0,0,0,0,0,08:06,
20.12.2022,29.,Tipsport extraliga,MBL – CEB,2:1,1,0,1,1,0,12:42,
11.12.2022,28.,Tipsport extraliga,CEB – KOM,3:1,0,0,0,0,0,13:24,
9.12.2022,27.,Tipsport extraliga,TRI – CEB,2:3,0,0,0,0,0,11:59,
4.12.2022,26.,Tipsport extraliga,PLZ – CEB,4:1,0,0,0,0,0,05:04,
2.12.2022,25.,Tipsport extraliga,KLA – CEB,1:6,0,1,1,1,0,07:49,
29.11.2022,24.,Tipsport extraliga,CEB – KVA,0:3,0,0,0,-1,0,04:28,
27.11.2022,23.,Tipsport extraliga,CEB – LIB,4:1,0,0,0,0,0,03:46,
25.11.2022,22.,Tipsport extraliga,VIT – CEB,4:3,0,1,1,0,0,05:49,
6.11.2022,19.,Tipsport extraliga,OLO – CEB,3:1,0,0,0,0,0,06:31,
4.11.2022,18.,Tipsport extraliga,CEB – MHK,2:1,0,0,0,0,0,04:07,
1.11.2022,17.,Tipsport extraliga,LIT – CEB,6:4,1,0,1,0,0,11:07,
30.10.2022,16.,Tipsport extraliga,CEB – MBL,3:0,0,1,1,1,0,04:54,
23.10.2022,14.,Tipsport extraliga,CEB – TRI,3:2,0,0,0,0,0,15:19,
20.10.2022,13.,Tipsport extraliga,CEB – PLZ,3:2,0,0,0,0,2,14:05,
16.10.2022,11.,Tipsport extraliga,KVA – CEB,4:3,0,0,0,-1,2,07:34,
9.10.2022,9.,Tipsport extraliga,CEB – VIT,2:3,0,0,0,0,0,11:54,
7.10.2022,8.,Tipsport extraliga,CEB – SPA,2:3,0,0,0,0,0,12:48,
4.10.2022,10.,Tipsport extraliga,LIB – CEB,6:1,0,0,0,-3,0,09:30,
23.9.2022,3.,Tipsport extraliga,MBL – CEB,5:1,0,0,0,0,2,08:01,
