datum,kolo,soutěž,zápas,skóre,G,A,B,+-,TM,TOI,
26.2.2023,50.,Tipsport extraliga,KOM – OLO,1:0,0,0,0,0,0,04:49,
24.2.2023,49.,Tipsport extraliga,OLO – MHK,0:4,0,0,0,0,0,14:51,
19.2.2023,48.,Tipsport extraliga,KLA – OLO,4:5,1,0,1,1,2,20:12,
17.2.2023,47.,Tipsport extraliga,OLO – LIB,2:3,0,0,0,0,0,17:07,
15.2.2023,46.,Tipsport extraliga,VIT – OLO,3:1,0,0,0,0,0,11:31,
5.2.2023,45.,Tipsport extraliga,OLO – CEB,3:2,1,0,1,0,2,15:30,
3.2.2023,44.,Tipsport extraliga,PCE – OLO,4:1,0,0,0,0,2,14:07,
29.1.2023,43.,Tipsport extraliga,OLO – KVA,3:4,0,0,0,0,0,14:41,
24.1.2023,41.,Tipsport extraliga,MBL – OLO,4:0,0,0,0,-1,0,13:10,
22.1.2023,40.,Tipsport extraliga,OLO – PLZ,3:2,0,0,0,-1,0,15:02,
11.1.2023,37.,Tipsport extraliga,OLO – KOM,1:4,0,0,0,-1,0,13:10,
8.1.2023,36.,Tipsport extraliga,MHK – OLO,5:4,0,1,1,1,2,18:59,
6.1.2023,35.,Tipsport extraliga,OLO – KLA,6:2,0,0,0,1,0,20:39,
3.1.2023,34.,Tipsport extraliga,LIB – OLO,6:1,0,0,0,-2,0,18:47,
30.12.2022,33.,Tipsport extraliga,OLO – VIT,2:4,1,0,1,0,0,15:26,
28.12.2022,32.,Tipsport extraliga,CEB – OLO,4:2,0,0,0,0,0,16:02,
26.12.2022,31.,Tipsport extraliga,OLO – PCE,3:2,0,0,0,-1,2,13:22,
22.12.2022,30.,Tipsport extraliga,KVA – OLO,0:3,0,0,0,0,0,15:23,
20.12.2022,29.,Tipsport extraliga,OLO – SPA,0:1,0,0,0,0,0,13:19,
3.11.2022,18.,Tipsport extraliga,PCE – OLO,3:0,0,0,0,-2,27,19:29,
1.11.2022,17.,Tipsport extraliga,OLO – KVA,2:0,0,0,0,1,0,17:54,
30.10.2022,16.,Tipsport extraliga,SPA – OLO,2:5,0,0,0,1,0,18:22,
28.10.2022,15.,Tipsport extraliga,MBL – OLO,2:3,0,0,0,-1,2,16:34,
23.10.2022,14.,Tipsport extraliga,OLO – PLZ,1:4,0,0,0,-2,2,19:00,
21.10.2022,13.,Tipsport extraliga,OLO – LIT,5:3,0,1,1,1,2,19:02,
16.10.2022,11.,Tipsport extraliga,OLO – KOM,2:3,0,0,0,-1,0,14:58,
14.10.2022,10.,Tipsport extraliga,MHK – OLO,0:3,0,0,0,0,0,18:04,
9.10.2022,9.,Tipsport extraliga,OLO – KLA,3:0,1,0,1,1,2,15:58,
7.10.2022,8.,Tipsport extraliga,LIB – OLO,6:2,0,0,0,-1,2,20:03,
2.10.2022,7.,Tipsport extraliga,OLO – VIT,5:4,1,0,1,2,0,17:49,
30.9.2022,6.,Tipsport extraliga,CEB – OLO,1:2,0,1,1,1,4,12:59,
27.9.2022,5.,Tipsport extraliga,OLO – PCE,1:2,0,0,0,0,0,13:56,
22.9.2022,3.,Tipsport extraliga,OLO – SPA,4:0,0,0,0,0,0,15:23,
18.9.2022,2.,Tipsport extraliga,OLO – MBL,2:1,0,1,1,1,0,16:02,
16.9.2022,1.,Tipsport extraliga,PLZ – OLO,1:2,0,0,0,0,0,14:08,
