datum,kolo,soutěž,zápas,skóre,G,A,B,+-,TM,TOI,
2.12.2022,25.,Tipsport extraliga,OLO – TRI,4:2,0,0,0,1,0,15:36,
29.11.2022,24.,Tipsport extraliga,KOM – OLO,1:0,0,0,0,0,0,08:49,
23.10.2022,14.,Tipsport extraliga,OLO – PLZ,1:4,0,0,0,0,0,12:20,
21.10.2022,13.,Tipsport extraliga,OLO – LIT,5:3,0,0,0,-1,0,11:49,
16.10.2022,11.,Tipsport extraliga,OLO – KOM,2:3,0,0,0,0,0,10:10,
14.10.2022,10.,Tipsport extraliga,MHK – OLO,0:3,0,0,0,0,0,13:05,
9.10.2022,9.,Tipsport extraliga,OLO – KLA,3:0,0,0,0,0,0,11:08,
18.9.2022,2.,Tipsport extraliga,OLO – MBL,2:1,0,0,0,0,2,10:09,
16.9.2022,1.,Tipsport extraliga,PLZ – OLO,1:2,0,0,0,0,4,13:08,
