datum,kolo,soutěž,zápas,skóre,G,A,B,+-,TM,TOI,
19.2.2023,48.,Tipsport extraliga,KLA – OLO,4:5,0,0,0,0,0,03:46,
17.2.2023,47.,Tipsport extraliga,OLO – LIB,2:3,0,0,0,-1,0,04:24,
15.2.2023,46.,Tipsport extraliga,VIT – OLO,3:1,0,0,0,0,0,07:31,
5.2.2023,45.,Tipsport extraliga,OLO – CEB,3:2,0,0,0,0,0,08:14,
3.2.2023,44.,Tipsport extraliga,PCE – OLO,4:1,0,0,0,-1,0,12:39,
29.1.2023,43.,Tipsport extraliga,OLO – KVA,3:4,0,0,0,-1,0,07:10,
24.1.2023,41.,Tipsport extraliga,MBL – OLO,4:0,0,0,0,0,0,08:35,
17.1.2023,38.,Tipsport extraliga,TRI – OLO,1:3,0,0,0,0,0,10:55,
11.1.2023,37.,Tipsport extraliga,OLO – KOM,1:4,0,0,0,-1,0,10:20,
8.1.2023,36.,Tipsport extraliga,MHK – OLO,5:4,0,0,0,0,0,00:34,
6.1.2023,35.,Tipsport extraliga,OLO – KLA,6:2,0,0,0,0,0,04:52,
28.12.2022,32.,Tipsport extraliga,CEB – OLO,4:2,0,0,0,1,0,09:45,
26.12.2022,31.,Tipsport extraliga,OLO – PCE,3:2,0,1,1,1,0,11:05,
11.12.2022,28.,Tipsport extraliga,OLO – MBL,2:0,0,0,0,0,2,11:38,
9.12.2022,27.,Tipsport extraliga,PLZ – OLO,5:4,0,0,0,0,0,13:08,
4.12.2022,26.,Tipsport extraliga,LIT – OLO,5:3,0,0,0,-1,0,17:37,
2.12.2022,25.,Tipsport extraliga,OLO – TRI,4:2,0,0,0,-1,2,11:44,
29.11.2022,24.,Tipsport extraliga,KOM – OLO,1:0,0,0,0,0,0,09:16,
27.11.2022,23.,Tipsport extraliga,OLO – MHK,5:0,0,0,0,0,0,13:02,
25.11.2022,22.,Tipsport extraliga,KLA – OLO,5:2,0,0,0,-1,0,11:55,
22.11.2022,12.,Tipsport extraliga,TRI – OLO,2:3,0,0,0,-2,0,09:58,
20.11.2022,21.,Tipsport extraliga,OLO – LIB,4:1,0,1,1,1,0,10:06,
18.11.2022,20.,Tipsport extraliga,VIT – OLO,3:0,0,0,0,-1,0,08:35,
15.11.2022,4.,Tipsport extraliga,KVA – OLO,3:2,0,0,0,-2,0,09:36,
6.11.2022,19.,Tipsport extraliga,OLO – CEB,3:1,0,1,1,1,0,13:23,
1.11.2022,17.,Tipsport extraliga,OLO – KVA,2:0,0,0,0,0,0,11:58,
30.10.2022,16.,Tipsport extraliga,SPA – OLO,2:5,0,1,1,1,0,12:26,
28.10.2022,15.,Tipsport extraliga,MBL – OLO,2:3,1,0,1,0,0,11:32,
23.10.2022,14.,Tipsport extraliga,OLO – PLZ,1:4,0,0,0,0,0,12:57,
21.10.2022,13.,Tipsport extraliga,OLO – LIT,5:3,0,0,0,-1,0,14:00,
16.10.2022,11.,Tipsport extraliga,OLO – KOM,2:3,0,0,0,0,0,17:22,
14.10.2022,10.,Tipsport extraliga,MHK – OLO,0:3,0,1,1,1,0,14:27,
9.10.2022,9.,Tipsport extraliga,OLO – KLA,3:0,0,0,0,0,0,12:29,
7.10.2022,8.,Tipsport extraliga,LIB – OLO,6:2,0,0,0,-1,0,13:01,
2.10.2022,7.,Tipsport extraliga,OLO – VIT,5:4,0,0,0,0,0,09:39,
30.9.2022,6.,Tipsport extraliga,CEB – OLO,1:2,0,0,0,0,2,09:57,
