datum,kolo,soutěž,zápas,skóre,G,A,B,+-,TM,TOI,
26.2.2023,50.,Tipsport extraliga,KOM – OLO,1:0,0,0,0,0,2,05:07,
24.2.2023,49.,Tipsport extraliga,PCE – KOM,1:3,0,1,1,1,0,18:19,
19.2.2023,48.,Tipsport extraliga,KOM – MBL,1:4,0,0,0,-2,0,18:58,
17.2.2023,47.,Tipsport extraliga,LIT – KOM,3:2,0,0,0,-1,2,20:03,
15.2.2023,46.,Tipsport extraliga,KOM – PLZ,3:0,0,1,1,1,0,19:44,
5.2.2023,45.,Tipsport extraliga,MHK – KOM,1:0,0,0,0,0,2,22:04,
3.2.2023,44.,Tipsport extraliga,KOM – TRI,5:1,0,0,0,0,0,21:27,
29.1.2023,43.,Tipsport extraliga,KOM – LIB,3:0,1,0,1,0,0,19:23,
27.1.2023,42.,Tipsport extraliga,KLA – KOM,0:3,0,0,0,1,4,24:11,
24.1.2023,41.,Tipsport extraliga,KOM – CEB,5:2,0,0,0,1,2,18:51,
22.1.2023,40.,Tipsport extraliga,KVA – KOM,5:4,0,0,0,1,0,18:41,
20.1.2023,39.,Tipsport extraliga,SPA – KOM,5:3,0,0,0,-1,2,17:34,
8.1.2023,36.,Tipsport extraliga,KOM – PCE,1:4,0,0,0,-1,0,17:45,
6.1.2023,35.,Tipsport extraliga,MBL – KOM,7:3,0,0,0,-1,0,14:45,
28.12.2022,32.,Tipsport extraliga,KOM – MHK,2:3,0,0,0,0,0,10:04,
26.12.2022,31.,Tipsport extraliga,TRI – KOM,7:2,0,0,0,1,2,17:58,
22.12.2022,30.,Tipsport extraliga,LIB – KOM,2:1,0,0,0,0,0,15:53,
20.12.2022,29.,Tipsport extraliga,KOM – KLA,3:2,0,0,0,0,0,19:23,
11.12.2022,28.,Tipsport extraliga,CEB – KOM,3:1,0,1,1,0,2,16:12,
9.12.2022,27.,Tipsport extraliga,KOM – KVA,2:3,0,0,0,-1,0,18:20,
4.12.2022,26.,Tipsport extraliga,KOM – SPA,2:6,0,0,0,0,0,16:09,
2.12.2022,25.,Tipsport extraliga,VIT – KOM,4:1,0,0,0,-2,0,19:30,
25.11.2022,22.,Tipsport extraliga,KOM – MBL,1:3,0,0,0,0,0,08:05,
22.11.2022,17.,Tipsport extraliga,KOM – LIB,0:5,0,0,0,0,0,19:27,
20.11.2022,21.,Tipsport extraliga,LIT – KOM,5:1,0,0,0,-2,0,16:37,
18.11.2022,20.,Tipsport extraliga,KOM – PLZ,3:1,0,0,0,1,0,18:39,
6.11.2022,19.,Tipsport extraliga,MHK – KOM,5:1,0,1,1,-1,0,20:33,
30.10.2022,16.,Tipsport extraliga,KLA – KOM,3:5,0,0,0,1,0,20:50,
28.10.2022,15.,Tipsport extraliga,KOM – CEB,3:0,0,0,0,1,0,15:18,
23.10.2022,14.,Tipsport extraliga,KVA – KOM,2:3,0,0,0,-1,0,20:00,
21.10.2022,13.,Tipsport extraliga,SPA – KOM,2:3,0,0,0,0,0,15:16,
18.10.2022,12.,Tipsport extraliga,KOM – VIT,2:1,0,0,0,0,0,14:44,
16.10.2022,11.,Tipsport extraliga,OLO – KOM,2:3,0,0,0,1,0,14:37,
13.10.2022,10.,Tipsport extraliga,KOM – PCE,4:3,0,0,0,0,0,19:20,
9.10.2022,9.,Tipsport extraliga,MBL – KOM,3:2,0,0,0,0,0,19:53,
7.10.2022,8.,Tipsport extraliga,KOM – LIT,5:4,0,0,0,0,0,21:09,
30.9.2022,6.,Tipsport extraliga,KOM – MHK,4:0,0,0,0,1,2,12:27,
27.9.2022,5.,Tipsport extraliga,KOM – TRI,2:4,0,0,0,-1,2,22:31,
25.9.2022,4.,Tipsport extraliga,LIB – KOM,2:3,0,0,0,-1,0,22:38,
23.9.2022,3.,Tipsport extraliga,KOM – KLA,1:3,0,0,0,0,0,19:20,
18.9.2022,2.,Tipsport extraliga,CEB – KOM,6:2,0,0,0,1,0,20:42,
15.9.2022,1.,Tipsport extraliga,KOM – KVA,6:1,0,3,3,2,4,20:15,
