datum,kolo,soutěž,zápas,skóre,G,A,B,+-,TM,TOI,
25.2.2023,50.,CHANCE LIGA,SOK – LTM,3:4,1,0,1,1,0,14:15,
22.2.2023,49.,CHANCE LIGA,LTM – PRO,4:3,0,0,0,0,0,17:08,
18.2.2023,48.,CHANCE LIGA,VSE – LTM,3:2,0,0,0,0,0,18:37,
15.2.2023,47.,CHANCE LIGA,LTM – ZLN,1:4,0,0,0,0,0,15:33,
4.2.2023,45.,CHANCE LIGA,LTM – SUM,3:0,0,1,1,2,0,13:09,
1.2.2023,44.,CHANCE LIGA,POR – LTM,1:3,0,1,1,2,0,10:17,
30.1.2023,43.,CHANCE LIGA,SOK – FRM,2:1,0,0,0,0,0,12:37,
29.1.2023,43.,Tipsport extraliga,LIT – CEB,1:0,0,0,0,0,0,03:30,
27.1.2023,42.,Tipsport extraliga,LIB – LIT,5:1,0,0,0,0,0,06:03,
25.1.2023,41.,CHANCE LIGA,SOK – SLA,3:5,1,0,1,1,0,16:12,
22.1.2023,40.,Tipsport extraliga,VIT – LIT,2:3,0,0,0,-1,0,04:57,
21.1.2023,40.,CHANCE LIGA,PCE – SOK,2:4,0,0,0,0,0,18:41,
18.1.2023,39.,CHANCE LIGA,PRE – SOK,2:4,0,2,2,0,0,17:52,
14.1.2023,38.,CHANCE LIGA,SOK – KOL,3:2,0,0,0,-1,0,19:31,
13.1.2023,37.,Tipsport extraliga,PLZ – LIT,4:1,0,0,0,0,0,05:08,
11.1.2023,37.,CHANCE LIGA,LTM – SOK,4:6,0,0,0,-1,1,16:30,
9.1.2023,36.,CHANCE LIGA,SOK – TRE,3:2,0,0,0,0,0,10:54,
7.1.2023,35.,CHANCE LIGA,PRO – SOK,2:1,0,0,0,0,0,19:09,
4.1.2023,34.,CHANCE LIGA,JIH – SOK,4:3,0,0,0,-1,0,16:10,
28.12.2022,33.,CHANCE LIGA,VSE – SOK,3:4,0,0,0,-1,0,09:16,
27.12.2022,32.,CHANCE LIGA,POR – SOK,4:2,0,0,0,0,0,19:54,
22.12.2022,30.,Tipsport extraliga,CEB – LIT,2:5,0,0,0,0,0,04:18,
21.12.2022,31.,CHANCE LIGA,SOK – ZLN,4:3,0,0,0,0,0,17:14,
19.12.2022,30.,CHANCE LIGA,FRM – SOK,3:1,0,0,0,0,0,18:59,
12.12.2022,12.,CHANCE LIGA,SOK – KOL,0:5,0,1,1,2,0,11:56,
10.12.2022,29.,CHANCE LIGA,SOK – SUM,2:1,0,0,0,0,0,12:12,
7.12.2022,28.,CHANCE LIGA,SLA – SOK,3:1,0,0,0,-1,0,15:00,
5.12.2022,27.,CHANCE LIGA,SOK – PCE,5:3,0,0,0,-1,0,13:30,
29.11.2022,24.,Tipsport extraliga,LIT – PLZ,2:4,0,0,0,0,2,02:20,
27.11.2022,23.,Tipsport extraliga,MBL – LIT,6:4,0,0,0,-1,0,04:37,
25.11.2022,22.,Tipsport extraliga,LIT – TRI,1:2,0,0,0,0,0,10:06,
19.11.2022,22.,CHANCE LIGA,SOK – PRO,3:1,0,1,1,2,,12:58,
16.11.2022,21.,CHANCE LIGA,SOK – JIH,1:2,0,0,0,0,0,15:09,
14.11.2022,20.,CHANCE LIGA,SOK – VSE,3:2,0,0,0,0,,16:02,
3.11.2022,19.,CHANCE LIGA,POR – SOK,5:1,0,0,0,-1,,16:53,
2.11.2022,18.,CHANCE LIGA,ZLN – SOK,3:0,0,0,0,0,0,15:35,
23.10.2022,14.,Tipsport extraliga,VIT – LIT,5:3,0,0,0,-1,0,06:30,
21.10.2022,13.,Tipsport extraliga,OLO – LIT,5:3,0,0,0,0,0,10:39,
18.10.2022,12.,Tipsport extraliga,LIT – PCE,0:1,0,0,0,0,0,11:52,
16.10.2022,11.,Tipsport extraliga,PLZ – LIT,4:3,0,0,0,-2,0,11:53,
14.10.2022,10.,Tipsport extraliga,LIT – MBL,3:4,0,0,0,-1,0,09:22,
9.10.2022,9.,Tipsport extraliga,TRI – LIT,4:1,0,0,0,0,2,12:24,
7.10.2022,8.,Tipsport extraliga,KOM – LIT,5:4,0,1,1,0,0,10:34,
4.10.2022,6.,Tipsport extraliga,KVA – LIT,1:4,0,1,1,2,0,11:45,
2.10.2022,7.,Tipsport extraliga,LIT – MHK,3:2,0,0,0,0,0,13:59,
27.9.2022,5.,Tipsport extraliga,LIT – KLA,1:2,0,0,0,0,0,15:05,
23.9.2022,3.,Tipsport extraliga,LIT – LIB,2:3,0,0,0,0,2,11:53,
20.9.2022,4.,Tipsport extraliga,CEB – LIT,6:3,0,1,1,-1,0,12:54,
