datum,kolo,soutěž,zápas,skóre,G,A,B,+-,TM,TOI,
29.12.2022,33.,CHANCE LIGA,KOL – FRM,2:1,0,0,0,1,0,16:53,
27.12.2022,32.,CHANCE LIGA,FRM – PRE,3:2,0,0,0,0,0,17:18,
21.12.2022,31.,CHANCE LIGA,VSE – FRM,5:2,0,0,0,-1,0,15:21,
19.12.2022,30.,CHANCE LIGA,FRM – SOK,3:1,0,0,0,0,0,14:49,
5.12.2022,27.,CHANCE LIGA,PRO – FRM,4:2,0,0,0,-1,0,15:28,
3.12.2022,26.,CHANCE LIGA,LTM – FRM,2:1,0,0,0,-1,0,19:08,
30.11.2022,25.,CHANCE LIGA,FRM – ZLN,2:1,0,0,0,0,,12:44,
26.11.2022,24.,CHANCE LIGA,POR – FRM,3:4,0,0,0,-1,,10:30,
23.11.2022,23.,CHANCE LIGA,FRM – SUM,3:5,0,0,0,0,,15:38,
20.11.2022,21.,Tipsport extraliga,TRI – MHK,4:1,0,0,0,1,0,10:01,
18.11.2022,20.,Tipsport extraliga,LIB – TRI,1:4,0,0,0,0,0,14:41,
16.11.2022,21.,CHANCE LIGA,SLA – FRM,1:2,0,0,0,-1,0,18:25,
12.11.2022,,Turnaj pěti v Plymouthu – 18,CZE – FIN,0:1,0,0,0,0,,-,
11.11.2022,,Turnaj pěti v Plymouthu – 18,CZE – SWE,3:5,0,0,0,0,,-,
11.11.2022,,Turnaj pěti v Plymouthu – 18,SUI – CZE,4:2,0,0,0,0,,-,
9.11.2022,,Turnaj pěti v Plymouthu – 18,USA – CZE,6:1,0,0,0,0,,-,
1.11.2022,18.,CHANCE LIGA,FRM – VSE,1:4,0,0,0,0,,17:05,
29.10.2022,17.,CHANCE LIGA,SOK – FRM,1:3,0,0,0,-1,0,07:57,
26.10.2022,16.,CHANCE LIGA,FRM – TRE,6:2,0,0,0,-1,0,11:46,
24.10.2022,15.,CHANCE LIGA,JIH – FRM,4:1,0,0,0,-1,0,08:20,
19.10.2022,13.,CHANCE LIGA,FRM – LTM,2:5,0,0,0,0,0,19:19,
15.10.2022,12.,CHANCE LIGA,ZLN – FRM,0:4,0,0,0,1,0,19:16,
10.10.2022,10.,CHANCE LIGA,SUM – FRM,5:4,0,0,0,0,0,17:03,
8.10.2022,9.,CHANCE LIGA,FRM – PCE,2:3,0,0,0,0,0,13:33,
5.10.2022,8.,CHANCE LIGA,FRM – SLA,7:2,0,0,0,1,0,18:36,
1.10.2022,7.,CHANCE LIGA,KOL – FRM,2:5,0,0,0,-1,2,18:50,
28.9.2022,6.,CHANCE LIGA,FRM – PRE,1:0,0,0,0,0,0,16:20,
26.9.2022,5.,CHANCE LIGA,VSE – FRM,2:1,0,0,0,0,0,13:29,
24.9.2022,4.,CHANCE LIGA,FRM – SOK,1:2,0,0,0,0,0,09:48,
21.9.2022,3.,CHANCE LIGA,TRE – FRM,5:4,0,0,0,-1,0,08:43,
18.9.2022,2.,Tipsport extraliga,PCE – TRI,4:3,0,0,0,0,0,03:46,
17.9.2022,6.,DHL ELJ,TRI – OLO,6:2,1,0,1,0,0,-,
6.8.2022,,Hlinka Gretzky Cup – play off,CZE – FIN,1:3,0,0,0,0,,-,
6.8.2022,,Hlinka Gretzky Cup – play off,CZE – SWE,2:6,0,0,0,0,2,-,
3.8.2022,,Hlinka Gretzky Cup – sk. B,CZE – USA,3:1,0,0,0,0,,-,
2.8.2022,,Hlinka Gretzky Cup – sk. B,CZE – GER,7:2,0,0,0,0,,-,
31.7.2022,,Hlinka Gretzky Cup – sk. B,CZE – FIN,4:3,0,1,1,0,,-,
29.7.2022,,Reprezentace 18 – příp.,CZE – SWE,4:2,0,0,0,0,4,-,
24.7.2022,,Reprezentace 18 – příp.,SUI – CZE,2:3,0,0,0,0,,-,
23.7.2022,,Reprezentace 18 – příp.,SUI – CZE,1:6,0,1,1,0,2,-,
22.7.2022,,Reprezentace 18 – příp.,SUI – CZE,0:3,0,0,0,0,,-,
