datum,kolo,soutěž,zápas,skóre,G,A,B,+-,TM,TOI,
26.2.2023,50.,Tipsport extraliga,MHK – MBL,3:2,1,0,1,1,0,08:30,
24.2.2023,49.,Tipsport extraliga,OLO – MHK,0:4,0,0,0,0,0,12:32,
19.2.2023,48.,Tipsport extraliga,MHK – PLZ,2:1,0,0,0,0,0,12:35,
17.2.2023,47.,Tipsport extraliga,TRI – MHK,1:2,0,0,0,-1,0,13:49,
15.2.2023,46.,Tipsport extraliga,MHK – LIT,3:0,1,0,1,1,0,11:28,
13.2.2023,8.,Tipsport extraliga,MHK – TRI,4:3,1,0,1,1,0,12:33,
20.12.2022,29.,Tipsport extraliga,MHK – VIT,4:3,0,1,1,0,0,16:11,
11.12.2022,28.,Tipsport extraliga,KVA – MHK,1:4,0,0,0,1,0,15:47,
4.12.2022,26.,Tipsport extraliga,MHK – PCE,4:0,1,0,1,1,0,14:03,
2.12.2022,25.,Tipsport extraliga,SPA – MHK,2:1,0,0,0,0,0,15:34,
29.11.2022,24.,Tipsport extraliga,MHK – MBL,0:2,0,0,0,-1,0,15:30,
27.11.2022,23.,Tipsport extraliga,OLO – MHK,5:0,0,0,0,-1,0,14:54,
20.11.2022,21.,Tipsport extraliga,TRI – MHK,4:1,0,0,0,-1,0,14:41,
18.11.2022,20.,Tipsport extraliga,MHK – LIT,3:0,0,0,0,1,4,14:11,
12.11.2022,,Karjala Cup 2022,FIN – CZE,2:5,0,0,0,0,0,-,
10.11.2022,,Karjala Cup 2022,CZE – SWE,1:4,0,0,0,0,0,-,
6.11.2022,19.,Tipsport extraliga,MHK – KOM,5:1,0,0,0,-1,0,16:09,
4.11.2022,18.,Tipsport extraliga,CEB – MHK,2:1,0,0,0,0,0,18:44,
1.11.2022,17.,Tipsport extraliga,MHK – KLA,8:7,1,0,1,-1,0,11:48,
30.10.2022,16.,Tipsport extraliga,VIT – MHK,5:2,0,0,0,1,0,14:57,
28.10.2022,15.,Tipsport extraliga,MHK – KVA,1:2,0,0,0,-1,0,13:06,
23.10.2022,14.,Tipsport extraliga,LIB – MHK,3:6,1,1,2,2,0,16:13,
21.10.2022,13.,Tipsport extraliga,PCE – MHK,5:2,0,0,0,0,0,13:56,
9.10.2022,9.,Tipsport extraliga,PLZ – MHK,2:5,0,1,1,1,0,14:14,
2.10.2022,7.,Tipsport extraliga,LIT – MHK,3:2,0,0,0,-1,0,18:41,
30.9.2022,6.,Tipsport extraliga,KOM – MHK,4:0,0,0,0,0,0,16:08,
27.9.2022,5.,Tipsport extraliga,MHK – CEB,3:1,0,0,0,0,0,17:06,
25.9.2022,4.,Tipsport extraliga,KLA – MHK,2:1,0,0,0,0,0,19:23,
23.9.2022,3.,Tipsport extraliga,MHK – VIT,3:2,0,0,0,0,2,18:49,
18.9.2022,2.,Tipsport extraliga,KVA – MHK,2:3,0,0,0,0,0,16:01,
16.9.2022,1.,Tipsport extraliga,MHK – LIB,1:2,0,0,0,0,2,16:33,
