datum,kolo,soutěž,zápas,skóre,G,A,B,+-,TM,TOI,
19.2.2023,48.,Tipsport extraliga,MHK – PLZ,2:1,0,0,0,0,2,16:13,
17.2.2023,47.,Tipsport extraliga,PLZ – KLA,0:3,0,0,0,-3,2,21:58,
15.2.2023,46.,Tipsport extraliga,KOM – PLZ,3:0,0,0,0,-2,0,21:49,
5.2.2023,45.,Tipsport extraliga,PLZ – LIB,2:4,0,2,2,1,2,24:21,
3.2.2023,44.,Tipsport extraliga,KVA – PLZ,3:1,0,0,0,-1,4,19:21,
29.1.2023,43.,Tipsport extraliga,PLZ – SPA,4:3,0,0,0,1,2,24:30,
26.1.2023,42.,Tipsport extraliga,PCE – PLZ,4:3,1,0,1,0,2,18:56,
22.1.2023,40.,Tipsport extraliga,OLO – PLZ,3:2,0,0,0,0,25,01:34,
20.1.2023,39.,Tipsport extraliga,CEB – PLZ,3:4,0,1,1,2,0,24:51,
15.1.2023,38.,Tipsport extraliga,PLZ – MBL,3:2,0,1,1,1,0,23:39,
13.1.2023,37.,Tipsport extraliga,PLZ – LIT,4:1,0,3,3,3,2,21:23,
10.1.2023,41.,Tipsport extraliga,PLZ – VIT,2:3,0,0,0,-1,0,21:34,
20.12.2022,29.,Tipsport extraliga,PLZ – PCE,0:2,0,0,0,-1,0,22:17,
11.12.2022,28.,Tipsport extraliga,VIT – PLZ,3:2,0,0,0,1,0,24:42,
9.12.2022,27.,Tipsport extraliga,PLZ – OLO,5:4,0,1,1,0,2,21:11,
4.12.2022,26.,Tipsport extraliga,PLZ – CEB,4:1,0,1,1,1,0,20:52,
1.12.2022,25.,Tipsport extraliga,MBL – PLZ,0:1,0,0,0,0,4,24:02,
29.11.2022,24.,Tipsport extraliga,LIT – PLZ,2:4,0,0,0,0,2,24:59,
27.11.2022,23.,Tipsport extraliga,PLZ – TRI,2:1,0,0,0,2,2,25:05,
25.11.2022,22.,Tipsport extraliga,MHK – PLZ,1:4,0,0,0,0,2,25:47,
20.11.2022,21.,Tipsport extraliga,PLZ – KLA,1:2,0,0,0,1,2,23:48,
18.11.2022,20.,Tipsport extraliga,KOM – PLZ,3:1,0,0,0,0,0,26:44,
6.11.2022,19.,Tipsport extraliga,PLZ – LIB,3:4,0,0,0,-1,0,22:03,
4.11.2022,18.,Tipsport extraliga,KVA – PLZ,4:5,0,0,0,1,2,21:35,
2.11.2022,17.,Tipsport extraliga,PLZ – SPA,4:0,0,1,1,2,0,19:50,
30.10.2022,16.,Tipsport extraliga,PCE – PLZ,7:2,0,0,0,-5,0,20:42,
28.10.2022,15.,Tipsport extraliga,PLZ – VIT,4:3,0,0,0,-1,0,24:27,
23.10.2022,14.,Tipsport extraliga,OLO – PLZ,1:4,1,0,1,3,2,22:12,
20.10.2022,13.,Tipsport extraliga,CEB – PLZ,3:2,0,0,0,1,4,20:19,
18.10.2022,12.,Tipsport extraliga,PLZ – MBL,1:2,0,0,0,-1,0,21:58,
7.10.2022,8.,Tipsport extraliga,KLA – PLZ,0:4,0,0,0,0,0,06:05,
2.10.2022,7.,Tipsport extraliga,PLZ – KOM,3:4,0,1,1,1,0,21:23,
29.9.2022,6.,Tipsport extraliga,LIB – PLZ,2:3,0,0,0,0,0,18:08,
27.9.2022,5.,Tipsport extraliga,PLZ – KVA,6:3,1,0,1,-1,2,21:18,
25.9.2022,4.,Tipsport extraliga,SPA – PLZ,3:2,0,1,1,0,0,19:36,
23.9.2022,3.,Tipsport extraliga,PLZ – PCE,1:4,0,0,0,-2,0,17:23,
18.9.2022,2.,Tipsport extraliga,VIT – PLZ,4:2,0,0,0,0,2,13:43,
16.9.2022,1.,Tipsport extraliga,PLZ – OLO,1:2,0,0,0,0,0,17:11,
