datum,kolo,soutěž,zápas,skóre,G,A,B,+-,TM,TOI,
26.2.2023,50.,Tipsport extraliga,KLA – VIT,0:1,0,1,1,1,0,10:03,
24.2.2023,49.,Tipsport extraliga,VIT – KVA,6:1,0,0,0,0,4,18:56,
19.2.2023,48.,Tipsport extraliga,VIT – CEB,1:4,0,0,0,-2,0,16:32,
17.2.2023,47.,Tipsport extraliga,PCE – VIT,1:4,0,0,0,1,0,15:47,
15.2.2023,46.,Tipsport extraliga,VIT – OLO,3:1,0,0,0,0,2,14:22,
5.2.2023,45.,Tipsport extraliga,MBL – VIT,2:3,0,0,0,0,0,17:50,
3.2.2023,44.,Tipsport extraliga,VIT – SPA,3:4,0,0,0,-2,0,16:34,
31.1.2023,43.,Tipsport extraliga,VIT – TRI,1:2,0,0,0,-1,5,15:25,
27.1.2023,42.,Tipsport extraliga,VIT – MHK,2:5,1,0,1,-2,0,15:28,
22.1.2023,40.,Tipsport extraliga,VIT – LIT,2:3,0,0,0,0,0,14:58,
20.1.2023,39.,Tipsport extraliga,VIT – LIB,2:0,0,1,1,1,0,13:55,
17.1.2023,19.,Tipsport extraliga,MBL – VIT,3:2,0,0,0,-1,0,19:38,
15.1.2023,38.,Tipsport extraliga,KOM – VIT,2:5,1,3,4,2,0,18:29,
13.1.2023,37.,Tipsport extraliga,VIT – KLA,0:3,0,0,0,-2,0,20:20,
10.1.2023,41.,Tipsport extraliga,PLZ – VIT,2:3,0,0,0,-1,2,15:20,
28.12.2022,32.,Tipsport extraliga,VIT – MBL,5:2,1,1,2,1,2,17:04,
22.12.2022,30.,Tipsport extraliga,VIT – TRI,1:2,0,0,0,0,0,14:12,
20.12.2022,29.,Tipsport extraliga,MHK – VIT,4:3,0,0,0,1,0,15:26,
11.12.2022,28.,Tipsport extraliga,VIT – PLZ,3:2,0,0,0,-1,5,11:20,
9.12.2022,27.,Tipsport extraliga,LIT – VIT,5:3,0,0,0,-3,6,13:11,
4.12.2022,26.,Tipsport extraliga,LIB – VIT,2:3,0,0,0,0,0,16:45,
2.12.2022,25.,Tipsport extraliga,VIT – KOM,4:1,0,0,0,0,0,16:43,
29.11.2022,24.,Tipsport extraliga,KLA – VIT,2:3,0,0,0,0,0,13:41,
27.11.2022,23.,Tipsport extraliga,VIT – KVA,4:2,0,0,0,0,0,15:46,
25.11.2022,22.,Tipsport extraliga,VIT – CEB,4:3,0,1,1,0,0,14:14,
22.11.2022,21.,Tipsport extraliga,VIT – PCE,4:5,0,0,0,0,0,23:32,
18.11.2022,20.,Tipsport extraliga,VIT – OLO,3:0,0,0,0,0,0,17:25,
4.11.2022,18.,Tipsport extraliga,VIT – SPA,3:2,0,0,0,0,0,19:25,
2.11.2022,17.,Tipsport extraliga,TRI – VIT,1:2,1,0,1,1,0,21:20,
30.10.2022,16.,Tipsport extraliga,VIT – MHK,5:2,0,0,0,1,2,18:55,
28.10.2022,15.,Tipsport extraliga,PLZ – VIT,4:3,0,0,0,0,0,16:43,
26.10.2022,31.,Tipsport extraliga,SPA – VIT,3:2,1,0,1,0,0,17:53,
23.10.2022,14.,Tipsport extraliga,VIT – LIT,5:3,0,0,0,0,0,15:19,
21.10.2022,13.,Tipsport extraliga,VIT – LIB,6:3,0,1,1,0,0,13:46,
18.10.2022,12.,Tipsport extraliga,KOM – VIT,2:1,0,0,0,0,0,15:06,
16.10.2022,11.,Tipsport extraliga,VIT – KLA,2:0,0,0,0,0,0,16:31,
14.10.2022,10.,Tipsport extraliga,KVA – VIT,4:5,0,0,0,0,0,14:14,
9.10.2022,9.,Tipsport extraliga,CEB – VIT,2:3,1,0,1,-1,0,18:27,
6.10.2022,8.,Tipsport extraliga,PCE – VIT,2:1,0,0,0,0,0,18:04,
2.10.2022,7.,Tipsport extraliga,OLO – VIT,5:4,0,1,1,0,2,22:49,
29.9.2022,6.,Tipsport extraliga,VIT – MBL,4:0,1,0,1,1,0,22:18,
27.9.2022,5.,Tipsport extraliga,SPA – VIT,5:3,0,0,0,0,2,19:18,
25.9.2022,4.,Tipsport extraliga,TRI – VIT,3:5,1,0,1,1,4,14:03,
