datum,kolo,soutěž,zápas,skóre,G,A,B,+-,TM,TOI,
26.2.2023,50.,Tipsport extraliga,KLA – VIT,0:1,0,0,0,0,0,14:09,
24.2.2023,49.,Tipsport extraliga,VIT – KVA,6:1,0,0,0,2,0,18:11,
19.2.2023,48.,Tipsport extraliga,VIT – CEB,1:4,0,0,0,-2,0,16:18,
17.2.2023,47.,Tipsport extraliga,PCE – VIT,1:4,0,0,0,0,0,17:40,
15.2.2023,46.,Tipsport extraliga,VIT – OLO,3:1,0,0,0,0,0,21:27,
5.2.2023,45.,Tipsport extraliga,MBL – VIT,2:3,0,0,0,-1,2,06:40,
3.2.2023,44.,Tipsport extraliga,VIT – SPA,3:4,0,1,1,2,2,17:45,
31.1.2023,43.,Tipsport extraliga,VIT – TRI,1:2,0,0,0,-1,0,14:05,
27.1.2023,42.,Tipsport extraliga,VIT – MHK,2:5,0,0,0,-1,0,18:20,
22.1.2023,40.,Tipsport extraliga,VIT – LIT,2:3,0,0,0,0,2,17:36,
20.1.2023,39.,Tipsport extraliga,VIT – LIB,2:0,0,0,0,1,0,18:44,
17.1.2023,19.,Tipsport extraliga,MBL – VIT,3:2,0,0,0,-1,0,18:54,
15.1.2023,38.,Tipsport extraliga,KOM – VIT,2:5,0,0,0,-1,2,19:42,
13.1.2023,37.,Tipsport extraliga,VIT – KLA,0:3,0,0,0,0,0,17:03,
8.1.2023,36.,Tipsport extraliga,KVA – VIT,1:3,0,0,0,0,2,22:33,
6.1.2023,35.,Tipsport extraliga,CEB – VIT,0:2,0,0,0,1,0,22:20,
3.1.2023,34.,Tipsport extraliga,VIT – PCE,2:3,0,0,0,-1,0,21:23,
30.12.2022,33.,Tipsport extraliga,OLO – VIT,2:4,0,0,0,1,2,18:00,
28.12.2022,32.,Tipsport extraliga,VIT – MBL,5:2,0,0,0,0,2,17:01,
22.12.2022,30.,Tipsport extraliga,VIT – TRI,1:2,0,0,0,0,0,16:57,
20.12.2022,29.,Tipsport extraliga,MHK – VIT,4:3,0,0,0,-1,4,14:43,
11.12.2022,28.,Tipsport extraliga,VIT – PLZ,3:2,0,0,0,0,0,19:22,
9.12.2022,27.,Tipsport extraliga,LIT – VIT,5:3,0,0,0,-1,2,20:21,
4.12.2022,26.,Tipsport extraliga,LIB – VIT,2:3,0,0,0,1,2,21:07,
2.12.2022,25.,Tipsport extraliga,VIT – KOM,4:1,0,1,1,2,2,17:51,
29.11.2022,24.,Tipsport extraliga,KLA – VIT,2:3,0,0,0,-1,0,18:20,
27.11.2022,23.,Tipsport extraliga,VIT – KVA,4:2,0,0,0,0,2,21:13,
25.11.2022,22.,Tipsport extraliga,VIT – CEB,4:3,0,0,0,1,0,17:20,
4.11.2022,18.,Tipsport extraliga,VIT – SPA,3:2,0,0,0,-1,4,15:13,
2.11.2022,17.,Tipsport extraliga,TRI – VIT,1:2,0,0,0,0,0,24:30,
30.10.2022,16.,Tipsport extraliga,VIT – MHK,5:2,0,0,0,0,2,17:48,
28.10.2022,15.,Tipsport extraliga,PLZ – VIT,4:3,0,0,0,0,0,21:51,
26.10.2022,31.,Tipsport extraliga,SPA – VIT,3:2,0,0,0,-2,0,20:08,
23.10.2022,14.,Tipsport extraliga,VIT – LIT,5:3,0,0,0,0,2,19:11,
21.10.2022,13.,Tipsport extraliga,VIT – LIB,6:3,0,0,0,1,2,18:28,
18.10.2022,12.,Tipsport extraliga,KOM – VIT,2:1,0,0,0,0,0,22:41,
16.10.2022,11.,Tipsport extraliga,VIT – KLA,2:0,0,0,0,0,0,20:02,
27.9.2022,5.,Tipsport extraliga,SPA – VIT,5:3,0,0,0,-1,0,06:02,
25.9.2022,4.,Tipsport extraliga,TRI – VIT,3:5,0,0,0,-1,0,17:23,
23.9.2022,3.,Tipsport extraliga,MHK – VIT,3:2,0,0,0,0,0,25:27,
18.9.2022,2.,Tipsport extraliga,VIT – PLZ,4:2,0,0,0,2,0,19:21,
16.9.2022,1.,Tipsport extraliga,LIT – VIT,2:3,0,0,0,2,0,21:26,
