datum,kolo,soutěž,zápas,skóre,G,A,B,+-,TM,TOI,
26.2.2023,50.,Tipsport extraliga,MHK – MBL,3:2,0,0,0,0,0,11:05,
24.2.2023,49.,Tipsport extraliga,MBL – LIT,1:2,0,0,0,-1,0,15:45,
19.2.2023,48.,Tipsport extraliga,KOM – MBL,1:4,0,0,0,0,0,11:02,
17.2.2023,47.,Tipsport extraliga,MBL – KVA,0:2,0,0,0,0,0,12:24,
15.2.2023,46.,Tipsport extraliga,KLA – MBL,2:1,0,1,1,1,0,16:07,
5.2.2023,45.,Tipsport extraliga,MBL – VIT,2:3,0,0,0,-1,0,10:14,
3.2.2023,44.,Tipsport extraliga,LIB – MBL,4:3,0,0,0,0,0,14:42,
29.1.2023,43.,Tipsport extraliga,MBL – PCE,3:5,0,1,1,1,0,14:43,
27.1.2023,42.,Tipsport extraliga,CEB – MBL,5:4,1,1,2,1,0,16:59,
24.1.2023,41.,Tipsport extraliga,MBL – OLO,4:0,0,1,1,2,0,21:08,
22.1.2023,40.,Tipsport extraliga,SPA – MBL,4:1,0,0,0,-1,2,13:42,
20.1.2023,39.,Tipsport extraliga,MBL – TRI,1:0,0,0,0,0,0,15:06,
17.1.2023,19.,Tipsport extraliga,MBL – VIT,3:2,0,0,0,-1,0,17:56,
15.1.2023,38.,Tipsport extraliga,PLZ – MBL,3:2,0,0,0,-1,2,19:03,
3.1.2023,34.,Tipsport extraliga,KVA – MBL,4:1,0,1,1,0,0,09:19,
30.12.2022,33.,Tipsport extraliga,MBL – KLA,1:2,0,0,0,0,0,09:08,
26.12.2022,31.,Tipsport extraliga,MBL – LIB,3:7,0,0,0,-2,0,10:08,
22.12.2022,30.,Tipsport extraliga,PCE – MBL,2:1,0,0,0,0,0,13:07,
20.12.2022,29.,Tipsport extraliga,MBL – CEB,2:1,0,0,0,-1,0,14:10,
4.12.2022,26.,Tipsport extraliga,TRI – MBL,3:0,0,0,0,-2,0,12:11,
1.12.2022,25.,Tipsport extraliga,MBL – PLZ,0:1,0,0,0,0,0,09:19,
29.11.2022,24.,Tipsport extraliga,MHK – MBL,0:2,0,0,0,0,0,12:58,
27.11.2022,23.,Tipsport extraliga,MBL – LIT,6:4,0,0,0,1,0,11:32,
25.11.2022,22.,Tipsport extraliga,KOM – MBL,1:3,0,0,0,0,0,13:54,
20.11.2022,21.,Tipsport extraliga,KVA – MBL,4:3,0,0,0,0,0,14:31,
18.11.2022,20.,Tipsport extraliga,KLA – MBL,1:2,0,0,0,0,0,12:49,
4.11.2022,18.,Tipsport extraliga,LIB – MBL,6:2,0,0,0,0,0,14:00,
1.11.2022,17.,Tipsport extraliga,MBL – PCE,0:1,0,0,0,-1,2,13:32,
30.10.2022,16.,Tipsport extraliga,CEB – MBL,3:0,0,0,0,-2,0,16:42,
28.10.2022,15.,Tipsport extraliga,MBL – OLO,2:3,0,0,0,1,0,14:52,
23.10.2022,14.,Tipsport extraliga,SPA – MBL,3:2,0,0,0,0,0,13:39,
21.10.2022,13.,Tipsport extraliga,MBL – TRI,2:3,0,0,0,0,0,12:27,
18.10.2022,12.,Tipsport extraliga,PLZ – MBL,1:2,0,0,0,0,0,14:18,
16.10.2022,11.,Tipsport extraliga,MBL – MHK,0:2,0,0,0,0,0,15:58,
14.10.2022,10.,Tipsport extraliga,LIT – MBL,3:4,0,0,0,-1,0,11:58,
9.10.2022,9.,Tipsport extraliga,MBL – KOM,3:2,0,0,0,0,0,12:19,
6.10.2022,8.,Tipsport extraliga,MBL – KVA,0:1,0,0,0,0,0,09:27,
2.10.2022,7.,Tipsport extraliga,MBL – KLA,4:0,0,0,0,0,0,16:51,
29.9.2022,6.,Tipsport extraliga,VIT – MBL,4:0,0,0,0,-1,0,16:01,
27.9.2022,5.,Tipsport extraliga,MBL – LIB,2:1,0,0,0,0,0,15:15,
25.9.2022,4.,Tipsport extraliga,PCE – MBL,2:3,0,0,0,-1,0,14:50,
23.9.2022,3.,Tipsport extraliga,MBL – CEB,5:1,0,0,0,0,2,15:00,
18.9.2022,2.,Tipsport extraliga,OLO – MBL,2:1,0,0,0,0,2,10:45,
16.9.2022,1.,Tipsport extraliga,MBL – SPA,4:2,0,0,0,-1,0,13:49,
