datum,kolo,soutěž,zápas,skóre,G,A,B,+-,TM,TOI,
26.2.2023,50.,Tipsport extraliga,SPA – TRI,3:1,0,0,0,-1,0,12:24,
24.2.2023,49.,Tipsport extraliga,PLZ – TRI,4:5,0,0,0,-1,0,13:23,
17.2.2023,47.,Tipsport extraliga,TRI – MHK,1:2,0,0,0,0,0,07:14,
13.2.2023,8.,Tipsport extraliga,MHK – TRI,4:3,0,0,0,0,0,15:57,
5.2.2023,45.,Tipsport extraliga,TRI – KLA,5:4,0,0,0,-2,0,09:39,
2.2.2023,44.,CHANCE LIGA,FRM – VSE,2:4,0,0,0,-1,0,17:01,
2.12.2022,25.,Tipsport extraliga,OLO – TRI,4:2,0,0,0,-1,0,16:08,
29.11.2022,24.,Tipsport extraliga,SPA – TRI,1:0,0,0,0,0,0,12:29,
27.11.2022,23.,Tipsport extraliga,PLZ – TRI,2:1,0,0,0,-1,2,08:12,
25.11.2022,22.,Tipsport extraliga,LIT – TRI,1:2,0,0,0,0,0,11:20,
22.11.2022,12.,Tipsport extraliga,TRI – OLO,2:3,0,0,0,0,0,12:15,
16.11.2022,37.,Tipsport extraliga,TRI – SPA,2:1,0,0,0,0,0,16:28,
6.11.2022,19.,Tipsport extraliga,TRI – KLA,8:0,0,0,0,0,0,18:01,
2.11.2022,17.,Tipsport extraliga,TRI – VIT,1:2,0,0,0,0,0,16:16,
30.10.2022,16.,Tipsport extraliga,KVA – TRI,2:6,0,1,1,2,0,17:33,
26.10.2022,16.,CHANCE LIGA,FRM – TRE,6:2,0,1,1,-1,0,16:53,
2.10.2022,7.,Tipsport extraliga,TRI – LIB,3:4,0,0,0,-1,2,17:14,
29.9.2022,6.,Tipsport extraliga,KLA – TRI,1:2,0,0,0,1,0,20:31,
27.9.2022,5.,Tipsport extraliga,KOM – TRI,2:4,0,0,0,0,0,09:45,
25.9.2022,4.,Tipsport extraliga,TRI – VIT,3:5,0,0,0,-2,2,14:46,
23.9.2022,3.,Tipsport extraliga,TRI – KVA,1:2,0,0,0,0,0,13:58,
18.9.2022,2.,Tipsport extraliga,PCE – TRI,4:3,0,0,0,-1,0,22:40,
16.9.2022,1.,Tipsport extraliga,TRI – CEB,0:2,0,0,0,0,0,16:55,
