datum,kolo,soutěž,zápas,skóre,G,A,B,+-,TM,TOI,
26.2.2023,50.,Tipsport extraliga,MHK – MBL,3:2,0,0,0,0,0,08:46,
24.2.2023,49.,Tipsport extraliga,MBL – LIT,1:2,0,0,0,-1,0,07:57,
19.2.2023,48.,Tipsport extraliga,KOM – MBL,1:4,0,0,0,0,0,12:04,
17.2.2023,47.,Tipsport extraliga,MBL – KVA,0:2,0,0,0,0,0,09:20,
15.2.2023,46.,Tipsport extraliga,KLA – MBL,2:1,0,0,0,0,0,14:53,
5.2.2023,45.,Tipsport extraliga,MBL – VIT,2:3,0,0,0,0,0,14:43,
3.2.2023,44.,Tipsport extraliga,LIB – MBL,4:3,0,0,0,-2,0,13:24,
29.1.2023,43.,Tipsport extraliga,MBL – PCE,3:5,0,0,0,-1,0,20:00,
27.1.2023,42.,Tipsport extraliga,CEB – MBL,5:4,1,0,1,0,0,11:20,
24.1.2023,41.,Tipsport extraliga,MBL – OLO,4:0,1,0,1,2,0,15:08,
22.1.2023,40.,Tipsport extraliga,SPA – MBL,4:1,0,0,0,-1,0,10:38,
20.1.2023,39.,Tipsport extraliga,MBL – TRI,1:0,0,0,0,0,0,11:42,
17.1.2023,19.,Tipsport extraliga,MBL – VIT,3:2,0,0,0,0,2,08:55,
15.1.2023,38.,Tipsport extraliga,PLZ – MBL,3:2,0,0,0,-1,0,15:05,
13.1.2023,37.,Tipsport extraliga,MBL – MHK,3:2,0,0,0,1,0,13:39,
30.12.2022,33.,Tipsport extraliga,MBL – KLA,1:2,0,0,0,0,0,16:05,
28.12.2022,32.,Tipsport extraliga,VIT – MBL,5:2,0,0,0,-1,0,14:52,
11.12.2022,28.,Tipsport extraliga,OLO – MBL,2:0,0,0,0,-1,0,11:16,
9.12.2022,27.,Tipsport extraliga,MBL – SPA,1:2,0,0,0,-1,2,10:57,
4.12.2022,26.,Tipsport extraliga,TRI – MBL,3:0,0,0,0,0,0,17:05,
20.11.2022,21.,Tipsport extraliga,KVA – MBL,4:3,0,0,0,0,2,14:08,
4.11.2022,18.,Tipsport extraliga,LIB – MBL,6:2,0,1,1,0,0,14:05,
1.11.2022,17.,Tipsport extraliga,MBL – PCE,0:1,0,0,0,-1,0,12:37,
30.10.2022,16.,Tipsport extraliga,CEB – MBL,3:0,0,0,0,-1,0,13:17,
28.10.2022,15.,Tipsport extraliga,MBL – OLO,2:3,0,0,0,0,0,13:13,
23.10.2022,14.,Tipsport extraliga,SPA – MBL,3:2,1,0,1,1,0,13:00,
21.10.2022,13.,Tipsport extraliga,MBL – TRI,2:3,0,0,0,0,0,12:07,
18.10.2022,12.,Tipsport extraliga,PLZ – MBL,1:2,0,0,0,-1,0,12:08,
16.10.2022,11.,Tipsport extraliga,MBL – MHK,0:2,0,0,0,0,0,13:48,
14.10.2022,10.,Tipsport extraliga,LIT – MBL,3:4,0,0,0,-1,2,15:41,
9.10.2022,9.,Tipsport extraliga,MBL – KOM,3:2,0,0,0,-1,0,14:11,
6.10.2022,8.,Tipsport extraliga,MBL – KVA,0:1,0,0,0,0,0,11:11,
2.10.2022,7.,Tipsport extraliga,MBL – KLA,4:0,0,0,0,0,0,15:48,
29.9.2022,6.,Tipsport extraliga,VIT – MBL,4:0,0,0,0,-1,0,09:57,
27.9.2022,5.,Tipsport extraliga,MBL – LIB,2:1,0,0,0,0,2,12:07,
25.9.2022,4.,Tipsport extraliga,PCE – MBL,2:3,0,0,0,-1,0,15:09,
23.9.2022,3.,Tipsport extraliga,MBL – CEB,5:1,0,0,0,0,0,17:46,
18.9.2022,2.,Tipsport extraliga,OLO – MBL,2:1,0,0,0,0,0,10:44,
16.9.2022,1.,Tipsport extraliga,MBL – SPA,4:2,0,1,1,1,0,12:42,
