datum,kolo,soutěž,zápas,skóre,G,A,B,+-,TM,TOI,
26.2.2023,50.,Tipsport extraliga,LIT – PLZ,2:0,0,0,0,0,0,12:52,
24.2.2023,49.,Tipsport extraliga,PLZ – TRI,4:5,0,0,0,-1,2,12:52,
19.2.2023,48.,Tipsport extraliga,MHK – PLZ,2:1,0,1,1,1,0,16:16,
17.2.2023,47.,Tipsport extraliga,PLZ – KLA,0:3,0,0,0,-2,0,14:03,
15.2.2023,46.,Tipsport extraliga,KOM – PLZ,3:0,0,0,0,-1,0,15:39,
5.2.2023,45.,Tipsport extraliga,PLZ – LIB,2:4,0,0,0,0,0,15:54,
3.2.2023,44.,Tipsport extraliga,KVA – PLZ,3:1,1,0,1,1,0,10:55,
29.1.2023,43.,Tipsport extraliga,MBL – PCE,3:5,0,0,0,-1,2,07:10,
27.1.2023,42.,Tipsport extraliga,CEB – MBL,5:4,0,0,0,0,0,10:46,
24.1.2023,41.,Tipsport extraliga,MBL – OLO,4:0,0,1,1,1,0,12:51,
13.1.2023,37.,Tipsport extraliga,MBL – MHK,3:2,0,0,0,-1,2,07:21,
8.1.2023,36.,Tipsport extraliga,LIT – MBL,4:3,0,0,0,0,0,06:52,
6.1.2023,35.,Tipsport extraliga,MBL – KOM,7:3,0,1,1,2,0,11:17,
3.1.2023,34.,Tipsport extraliga,KVA – MBL,4:1,0,0,0,1,0,10:21,
30.12.2022,33.,Tipsport extraliga,MBL – KLA,1:2,0,0,0,0,0,10:41,
28.12.2022,32.,Tipsport extraliga,VIT – MBL,5:2,0,0,0,-2,0,14:36,
26.12.2022,31.,Tipsport extraliga,MBL – LIB,3:7,1,0,1,1,0,18:03,
22.12.2022,30.,Tipsport extraliga,PCE – MBL,2:1,0,0,0,0,0,16:17,
20.12.2022,29.,Tipsport extraliga,MBL – CEB,2:1,0,0,0,-1,0,15:17,
11.12.2022,28.,Tipsport extraliga,OLO – MBL,2:0,0,0,0,0,2,11:16,
9.12.2022,27.,Tipsport extraliga,MBL – SPA,1:2,0,0,0,0,0,08:40,
4.12.2022,26.,Tipsport extraliga,TRI – MBL,3:0,0,0,0,0,0,11:34,
1.12.2022,25.,Tipsport extraliga,MBL – PLZ,0:1,0,0,0,0,0,13:48,
29.11.2022,24.,Tipsport extraliga,MHK – MBL,0:2,0,0,0,2,0,13:00,
27.11.2022,23.,Tipsport extraliga,MBL – LIT,6:4,0,0,0,-2,0,10:02,
25.11.2022,22.,Tipsport extraliga,KOM – MBL,1:3,1,0,1,1,0,11:29,
20.11.2022,21.,Tipsport extraliga,KVA – MBL,4:3,0,0,0,2,0,13:08,
18.11.2022,20.,Tipsport extraliga,KLA – MBL,1:2,0,0,0,0,0,09:47,
4.11.2022,18.,Tipsport extraliga,LIB – MBL,6:2,1,0,1,0,0,10:50,
1.11.2022,17.,Tipsport extraliga,MBL – PCE,0:1,0,0,0,0,0,10:34,
28.10.2022,15.,Tipsport extraliga,MBL – OLO,2:3,0,0,0,0,0,13:37,
23.10.2022,14.,Tipsport extraliga,SPA – MBL,3:2,0,0,0,0,2,11:03,
16.10.2022,11.,Tipsport extraliga,MBL – MHK,0:2,0,0,0,0,0,10:06,
14.10.2022,10.,Tipsport extraliga,LIT – MBL,3:4,0,0,0,-1,0,11:32,
29.9.2022,6.,Tipsport extraliga,VIT – MBL,4:0,0,0,0,-1,0,09:17,
25.9.2022,4.,Tipsport extraliga,PCE – MBL,2:3,0,0,0,-1,0,12:49,
23.9.2022,3.,Tipsport extraliga,MBL – CEB,5:1,0,0,0,0,0,11:40,
18.9.2022,2.,Tipsport extraliga,OLO – MBL,2:1,0,0,0,0,0,05:05,
16.9.2022,1.,Tipsport extraliga,MBL – SPA,4:2,0,0,0,-1,0,12:37,
