datum,kolo,soutěž,zápas,skóre,G,A,B,+-,TM,TOI,
26.2.2023,50.,Tipsport extraliga,KLA – VIT,0:1,0,0,0,0,2,09:16,
24.2.2023,49.,Tipsport extraliga,KLA – SPA,3:4,0,0,0,1,0,16:43,
19.2.2023,48.,Tipsport extraliga,KLA – OLO,4:5,0,0,0,-1,0,15:27,
17.2.2023,47.,Tipsport extraliga,PLZ – KLA,0:3,0,0,0,0,0,14:18,
15.2.2023,46.,Tipsport extraliga,KLA – MBL,2:1,0,0,0,0,0,14:48,
5.2.2023,45.,Tipsport extraliga,TRI – KLA,5:4,0,0,0,1,0,13:23,
27.1.2023,42.,Tipsport extraliga,KLA – KOM,0:3,0,0,0,0,0,16:13,
24.1.2023,41.,Tipsport extraliga,KLA – LIB,3:2,0,0,0,0,0,17:42,
22.1.2023,40.,Tipsport extraliga,PCE – KLA,4:2,0,0,0,0,0,12:16,
18.1.2023,27.,Tipsport extraliga,KLA – PCE,1:4,0,0,0,-1,0,18:51,
15.1.2023,38.,Tipsport extraliga,CEB – KLA,6:2,0,0,0,0,2,10:11,
13.1.2023,37.,Tipsport extraliga,VIT – KLA,0:3,0,0,0,1,0,11:27,
8.1.2023,36.,Tipsport extraliga,SPA – KLA,4:0,0,0,0,0,0,17:32,
6.1.2023,35.,Tipsport extraliga,OLO – KLA,6:2,0,0,0,0,0,18:43,
3.1.2023,34.,Tipsport extraliga,KLA – PLZ,3:4,0,0,0,0,0,21:12,
30.12.2022,33.,Tipsport extraliga,MBL – KLA,1:2,0,0,0,0,0,19:24,
28.12.2022,32.,Tipsport extraliga,KLA – TRI,4:3,0,0,0,0,0,20:37,
26.12.2022,31.,Tipsport extraliga,LIT – KLA,2:3,0,0,0,1,0,18:59,
22.12.2022,30.,Tipsport extraliga,KLA – MHK,3:6,0,0,0,-1,0,18:51,
20.12.2022,29.,Tipsport extraliga,KOM – KLA,3:2,0,0,0,0,0,19:06,
11.12.2022,28.,Tipsport extraliga,LIB – KLA,7:3,0,0,0,0,0,16:52,
4.12.2022,26.,Tipsport extraliga,KLA – KVA,4:1,0,0,0,2,0,18:24,
25.11.2022,22.,Tipsport extraliga,KLA – OLO,5:2,0,1,1,0,0,13:04,
20.11.2022,21.,Tipsport extraliga,PLZ – KLA,1:2,0,0,0,0,0,09:31,
6.11.2022,19.,Tipsport extraliga,TRI – KLA,8:0,0,0,0,0,0,04:16,
23.10.2022,14.,Tipsport extraliga,PCE – KLA,6:2,0,1,1,0,0,16:08,
21.10.2022,13.,Tipsport extraliga,KVA – KLA,4:3,0,0,0,-1,0,06:53,
16.10.2022,11.,Tipsport extraliga,VIT – KLA,2:0,0,0,0,0,0,10:06,
9.10.2022,9.,Tipsport extraliga,OLO – KLA,3:0,0,0,0,0,0,03:52,
2.10.2022,7.,Tipsport extraliga,MBL – KLA,4:0,0,0,0,0,0,12:59,
29.9.2022,6.,Tipsport extraliga,KLA – TRI,1:2,0,0,0,-1,0,10:08,
23.9.2022,3.,Tipsport extraliga,KOM – KLA,1:3,0,0,0,0,0,19:30,
18.9.2022,2.,Tipsport extraliga,LIB – KLA,4:3,0,0,0,-2,2,12:24,
