datum,kolo,soutěž,zápas,skóre,G,A,B,+-,TM,TOI,
25.2.2023,50.,CHANCE LIGA,ZLN – PCE,1:0,0,0,0,0,0,13:02,
22.2.2023,49.,CHANCE LIGA,PCE – POR,5:4,0,0,0,0,0,11:18,
18.2.2023,48.,CHANCE LIGA,PCE – FRM,4:3,0,1,1,0,2,22:38,
17.2.2023,47.,Tipsport extraliga,PCE – VIT,1:4,0,0,0,-1,0,11:42,
15.2.2023,46.,Tipsport extraliga,CEB – PCE,3:7,0,0,0,1,0,15:01,
13.2.2023,46.,CHANCE LIGA,PCE – PRE,6:4,1,0,1,0,0,19:56,
3.2.2023,44.,Tipsport extraliga,PCE – OLO,4:1,0,0,0,0,0,03:43,
1.2.2023,44.,CHANCE LIGA,PCE – SLA,1:0,0,0,0,0,0,19:56,
29.1.2023,43.,Tipsport extraliga,MBL – PCE,3:5,0,0,0,0,0,01:55,
26.1.2023,42.,Tipsport extraliga,PCE – PLZ,4:3,0,0,0,0,0,14:48,
24.1.2023,41.,Tipsport extraliga,TRI – PCE,0:4,0,0,0,1,0,15:39,
22.1.2023,40.,Tipsport extraliga,PCE – KLA,4:2,0,0,0,-1,0,14:03,
20.1.2023,39.,Tipsport extraliga,PCE – MHK,4:1,0,0,0,0,0,11:56,
18.1.2023,27.,Tipsport extraliga,KLA – PCE,1:4,0,0,0,0,0,17:34,
15.1.2023,38.,Tipsport extraliga,LIT – PCE,1:2,0,0,0,0,0,14:58,
13.1.2023,37.,Tipsport extraliga,LIB – PCE,3:4,0,0,0,0,0,11:42,
11.1.2023,37.,CHANCE LIGA,PCE – ZLN,5:2,0,1,1,1,0,17:59,
27.12.2022,32.,CHANCE LIGA,PCE – TRE,2:5,0,0,0,0,0,20:06,
26.12.2022,31.,Tipsport extraliga,OLO – PCE,3:2,0,0,0,0,0,12:13,
22.12.2022,30.,Tipsport extraliga,PCE – MBL,2:1,0,0,0,0,0,13:11,
20.12.2022,29.,Tipsport extraliga,PLZ – PCE,0:2,0,0,0,0,0,14:35,
11.12.2022,28.,Tipsport extraliga,PCE – TRI,0:3,0,0,0,-1,0,15:51,
6.12.2022,25.,Tipsport extraliga,PCE – LIT,1:0,0,0,0,0,4,09:32,
4.12.2022,26.,Tipsport extraliga,MHK – PCE,4:0,0,0,0,-1,0,13:01,
30.11.2022,25.,CHANCE LIGA,PCE – JIH,2:4,0,0,0,-1,,16:56,
29.11.2022,24.,Tipsport extraliga,PCE – LIB,1:3,0,0,0,-1,0,13:41,
27.11.2022,23.,Tipsport extraliga,PCE – KOM,4:3,0,0,0,1,0,14:15,
25.11.2022,22.,Tipsport extraliga,KVA – PCE,1:3,0,0,0,0,0,11:49,
22.11.2022,21.,Tipsport extraliga,VIT – PCE,4:5,0,0,0,1,0,12:12,
17.11.2022,20.,Tipsport extraliga,CEB – PCE,2:4,0,0,0,1,0,16:28,
6.11.2022,19.,Tipsport extraliga,SPA – PCE,2:3,0,0,0,-1,0,14:03,
3.11.2022,18.,Tipsport extraliga,PCE – OLO,3:0,0,0,0,1,0,14:11,
1.11.2022,17.,Tipsport extraliga,MBL – PCE,0:1,0,0,0,0,0,18:23,
30.10.2022,16.,Tipsport extraliga,PCE – PLZ,7:2,1,1,2,2,0,13:18,
26.10.2022,16.,CHANCE LIGA,PCE – VSE,1:4,1,0,1,0,0,21:53,
24.10.2022,15.,CHANCE LIGA,LTM – PCE,5:0,0,0,0,0,2,23:17,
22.10.2022,14.,CHANCE LIGA,PCE – SOK,3:4,0,0,0,0,0,26:51,
19.10.2022,13.,CHANCE LIGA,PCE – SUM,3:2,0,0,0,0,0,23:49,
15.10.2022,12.,CHANCE LIGA,JIH – PCE,3:2,1,0,1,0,0,20:18,
12.10.2022,11.,CHANCE LIGA,PCE – ZLN,2:3,0,1,1,0,0,20:58,
10.10.2022,10.,CHANCE LIGA,POR – PCE,5:3,0,0,0,0,0,20:54,
8.10.2022,9.,CHANCE LIGA,FRM – PCE,2:3,1,0,1,0,2,24:35,
1.10.2022,7.,CHANCE LIGA,PRE – PCE,4:3,0,0,0,-1,2,21:06,
28.9.2022,6.,CHANCE LIGA,PCE – TRE,2:3,0,0,0,-1,,22:53,
26.9.2022,5.,CHANCE LIGA,SLA – PCE,4:0,0,0,0,-1,,17:47,
24.9.2022,4.,CHANCE LIGA,PCE – PRO,4:0,1,0,1,3,,21:14,
21.9.2022,3.,CHANCE LIGA,VSE – PCE,3:1,0,0,0,-1,2,19:53,
17.9.2022,2.,CHANCE LIGA,PCE – LTM,2:5,0,0,0,-1,,22:29,
14.9.2022,1.,CHANCE LIGA,SOK – PCE,2:5,0,0,0,0,,16:40,
