datum,kolo,soutěž,zápas,skóre,G,A,B,+-,TM,TOI,
26.2.2023,50.,Tipsport extraliga,KVA – CEB,5:1,0,0,0,2,0,08:26,
24.2.2023,49.,Tipsport extraliga,VIT – KVA,6:1,0,0,0,-1,0,18:01,
19.2.2023,48.,Tipsport extraliga,KVA – PCE,0:5,0,0,0,0,0,16:54,
17.2.2023,47.,Tipsport extraliga,MBL – KVA,0:2,0,0,0,1,2,19:13,
15.2.2023,46.,Tipsport extraliga,KVA – SPA,3:6,0,0,0,-3,0,19:47,
11.2.2023,24.,CHANCE LIGA,SOK – LTM,6:4,1,1,2,2,0,22:18,
5.2.2023,45.,Tipsport extraliga,LIT – KVA,1:2,0,0,0,0,0,18:16,
3.2.2023,44.,Tipsport extraliga,KVA – PLZ,3:1,0,0,0,0,0,15:32,
1.2.2023,44.,CHANCE LIGA,ZLN – SOK,5:0,0,0,0,0,0,21:34,
30.1.2023,43.,CHANCE LIGA,SOK – FRM,2:1,0,1,1,0,0,18:44,
28.1.2023,42.,CHANCE LIGA,SUM – SOK,4:0,0,0,0,0,0,16:17,
27.1.2023,42.,Tipsport extraliga,KVA – TRI,4:1,0,0,0,0,0,16:03,
25.1.2023,41.,CHANCE LIGA,SOK – SLA,3:5,0,1,1,1,0,18:56,
24.1.2023,41.,Tipsport extraliga,MHK – KVA,3:0,0,0,0,0,0,16:09,
21.1.2023,40.,CHANCE LIGA,PCE – SOK,2:4,0,2,2,3,0,20:02,
18.1.2023,39.,CHANCE LIGA,PRE – SOK,2:4,0,0,0,-2,0,20:12,
14.1.2023,38.,CHANCE LIGA,SOK – KOL,3:2,0,0,0,0,0,17:37,
11.1.2023,37.,CHANCE LIGA,LTM – SOK,4:6,0,0,0,0,0,19:31,
9.1.2023,36.,CHANCE LIGA,SOK – TRE,3:2,1,0,1,1,0,19:12,
7.1.2023,35.,CHANCE LIGA,PRO – SOK,2:1,0,0,0,0,2,23:50,
4.1.2023,34.,CHANCE LIGA,JIH – SOK,4:3,0,0,0,0,0,19:34,
28.12.2022,33.,CHANCE LIGA,VSE – SOK,3:4,0,0,0,-1,0,19:20,
27.12.2022,32.,CHANCE LIGA,POR – SOK,4:2,0,0,0,-1,0,16:15,
21.12.2022,31.,CHANCE LIGA,SOK – ZLN,4:3,0,0,0,1,0,16:47,
20.12.2022,29.,Tipsport extraliga,TRI – KVA,4:2,0,0,0,-1,0,11:27,
23.10.2022,14.,Tipsport extraliga,KVA – KOM,2:3,0,0,0,0,0,15:48,
21.10.2022,13.,Tipsport extraliga,KVA – KLA,4:3,0,1,1,1,0,18:48,
18.10.2022,12.,Tipsport extraliga,LIB – KVA,3:4,0,0,0,0,0,19:24,
16.10.2022,11.,Tipsport extraliga,KVA – CEB,4:3,0,0,0,-1,0,15:58,
14.10.2022,10.,Tipsport extraliga,KVA – VIT,4:5,0,0,0,1,0,13:49,
9.10.2022,9.,Tipsport extraliga,PCE – KVA,2:4,0,0,0,0,0,13:55,
6.10.2022,8.,Tipsport extraliga,MBL – KVA,0:1,0,0,0,0,0,15:50,
4.10.2022,6.,Tipsport extraliga,KVA – LIT,1:4,0,0,0,0,0,15:24,
2.10.2022,7.,Tipsport extraliga,SPA – KVA,4:5,0,0,0,0,0,11:16,
27.9.2022,5.,Tipsport extraliga,PLZ – KVA,6:3,0,0,0,1,0,11:00,
23.9.2022,3.,Tipsport extraliga,TRI – KVA,1:2,0,1,1,1,2,07:49,
18.9.2022,2.,Tipsport extraliga,KVA – MHK,2:3,0,0,0,-2,0,08:56,
15.9.2022,1.,Tipsport extraliga,KOM – KVA,6:1,0,0,0,1,0,07:42,
