datum,kolo,soutěž,zápas,skóre,G,A,B,+-,TM,TOI,
26.2.2023,50.,Tipsport extraliga,SPA – TRI,3:1,0,0,0,0,0,11:58,
24.2.2023,49.,Tipsport extraliga,PLZ – TRI,4:5,0,0,0,-2,0,23:35,
19.2.2023,48.,Tipsport extraliga,LIT – TRI,4:3,0,0,0,0,0,26:52,
17.2.2023,47.,Tipsport extraliga,TRI – MHK,1:2,0,0,0,-2,0,21:52,
15.2.2023,46.,Tipsport extraliga,LIB – TRI,3:2,0,0,0,-1,0,25:35,
13.2.2023,8.,Tipsport extraliga,MHK – TRI,4:3,1,0,1,-1,2,22:06,
5.2.2023,45.,Tipsport extraliga,TRI – KLA,5:4,0,0,0,1,0,23:36,
3.2.2023,44.,Tipsport extraliga,KOM – TRI,5:1,0,1,1,-1,0,22:36,
31.1.2023,43.,Tipsport extraliga,VIT – TRI,1:2,0,0,0,1,0,23:37,
27.1.2023,42.,Tipsport extraliga,KVA – TRI,4:1,0,0,0,0,0,23:36,
24.1.2023,41.,Tipsport extraliga,TRI – PCE,0:4,0,0,0,-2,0,21:42,
22.1.2023,40.,Tipsport extraliga,CEB – TRI,3:2,0,0,0,-1,0,22:06,
20.1.2023,39.,Tipsport extraliga,MBL – TRI,1:0,0,0,0,-1,0,28:20,
17.1.2023,38.,Tipsport extraliga,TRI – OLO,1:3,0,0,0,-2,0,20:20,
13.1.2023,18.,Tipsport extraliga,TRI – KOM,6:1,1,1,2,0,2,20:59,
8.1.2023,36.,Tipsport extraliga,TRI – PLZ,6:1,0,1,1,1,2,22:11,
6.1.2023,35.,Tipsport extraliga,TRI – LIT,3:2,0,0,0,0,0,23:47,
3.1.2023,34.,Tipsport extraliga,MHK – TRI,2:3,0,0,0,0,4,26:58,
30.12.2022,33.,Tipsport extraliga,TRI – LIB,6:3,0,0,0,0,0,22:39,
28.12.2022,32.,Tipsport extraliga,KLA – TRI,4:3,0,0,0,-1,0,21:10,
26.12.2022,31.,Tipsport extraliga,TRI – KOM,7:2,0,0,0,0,2,20:41,
22.12.2022,30.,Tipsport extraliga,VIT – TRI,1:2,0,0,0,0,0,25:15,
20.12.2022,29.,Tipsport extraliga,TRI – KVA,4:2,0,0,0,1,2,21:29,
11.12.2022,28.,Tipsport extraliga,PCE – TRI,0:3,0,0,0,1,0,21:59,
9.12.2022,27.,Tipsport extraliga,TRI – CEB,2:3,0,0,0,1,0,28:18,
4.12.2022,26.,Tipsport extraliga,TRI – MBL,3:0,0,0,0,3,0,23:01,
2.12.2022,25.,Tipsport extraliga,OLO – TRI,4:2,0,0,0,-2,0,20:07,
29.11.2022,24.,Tipsport extraliga,SPA – TRI,1:0,0,0,0,0,0,22:28,
27.11.2022,23.,Tipsport extraliga,PLZ – TRI,2:1,0,0,0,0,2,22:37,
25.11.2022,22.,Tipsport extraliga,LIT – TRI,1:2,0,0,0,0,4,22:44,
22.11.2022,12.,Tipsport extraliga,TRI – OLO,2:3,0,0,0,0,0,22:04,
20.11.2022,21.,Tipsport extraliga,TRI – MHK,4:1,0,1,1,3,0,27:16,
18.11.2022,20.,Tipsport extraliga,LIB – TRI,1:4,0,1,1,0,0,23:32,
16.11.2022,37.,Tipsport extraliga,TRI – SPA,2:1,0,0,0,0,0,19:50,
6.11.2022,19.,Tipsport extraliga,TRI – KLA,8:0,0,2,2,3,0,21:08,
2.11.2022,17.,Tipsport extraliga,TRI – VIT,1:2,0,0,0,-1,0,27:51,
30.10.2022,16.,Tipsport extraliga,KVA – TRI,2:6,0,1,1,0,0,20:07,
27.10.2022,15.,Tipsport extraliga,TRI – PCE,2:3,0,0,0,0,0,22:53,
23.10.2022,14.,Tipsport extraliga,CEB – TRI,3:2,0,0,0,0,2,24:15,
21.10.2022,13.,Tipsport extraliga,MBL – TRI,2:3,0,0,0,0,0,24:47,
16.10.2022,11.,Tipsport extraliga,TRI – SPA,4:2,0,0,0,2,0,24:59,
14.10.2022,10.,Tipsport extraliga,TRI – PLZ,3:2,0,0,0,-1,0,23:52,
9.10.2022,9.,Tipsport extraliga,TRI – LIT,4:1,0,0,0,0,0,21:24,
27.9.2022,5.,Tipsport extraliga,KOM – TRI,2:4,0,1,1,1,2,24:10,
25.9.2022,4.,Tipsport extraliga,TRI – VIT,3:5,0,2,2,2,0,24:04,
23.9.2022,3.,Tipsport extraliga,TRI – KVA,1:2,0,0,0,0,0,26:18,
18.9.2022,2.,Tipsport extraliga,PCE – TRI,4:3,0,1,1,1,4,30:33,
16.9.2022,1.,Tipsport extraliga,TRI – CEB,0:2,0,0,0,0,0,21:39,
