datum,kolo,soutěž,zápas,skóre,G,A,B,+-,TM,TOI,
5.2.2023,45.,Tipsport extraliga,MHK – KOM,1:0,0,0,0,0,0,05:12,
2.2.2023,44.,Tipsport extraliga,CEB – MHK,2:3,1,0,1,2,0,08:57,
29.1.2023,43.,Tipsport extraliga,MHK – KLA,4:2,0,0,0,0,0,11:35,
27.1.2023,42.,Tipsport extraliga,VIT – MHK,2:5,0,0,0,-1,0,11:17,
24.1.2023,41.,Tipsport extraliga,MHK – KVA,3:0,0,0,0,0,0,12:35,
22.1.2023,40.,Tipsport extraliga,LIB – MHK,3:1,0,0,0,0,0,14:18,
20.1.2023,39.,Tipsport extraliga,PCE – MHK,4:1,0,0,0,0,2,10:02,
15.1.2023,38.,Tipsport extraliga,MHK – SPA,3:4,0,0,0,0,0,12:49,
13.1.2023,37.,Tipsport extraliga,MBL – MHK,3:2,0,0,0,0,0,12:11,
10.1.2023,27.,Tipsport extraliga,MHK – LIB,5:4,0,0,0,-1,2,14:51,
8.1.2023,36.,Tipsport extraliga,MHK – OLO,5:4,0,0,0,0,0,11:45,
5.1.2023,35.,Tipsport extraliga,PLZ – MHK,0:4,0,0,0,0,0,10:31,
3.1.2023,34.,Tipsport extraliga,MHK – TRI,2:3,0,0,0,0,0,09:57,
30.12.2022,33.,Tipsport extraliga,LIT – MHK,2:3,0,0,0,0,0,10:33,
28.12.2022,32.,Tipsport extraliga,KOM – MHK,2:3,0,0,0,0,0,08:04,
26.12.2022,31.,Tipsport extraliga,MHK – CEB,1:4,0,0,0,0,0,05:53,
22.12.2022,30.,Tipsport extraliga,KLA – MHK,3:6,0,0,0,0,0,11:52,
20.12.2022,29.,Tipsport extraliga,MHK – VIT,4:3,0,0,0,-1,2,09:53,
11.12.2022,28.,Tipsport extraliga,KVA – MHK,1:4,0,0,0,0,2,11:57,
4.12.2022,26.,Tipsport extraliga,MHK – PCE,4:0,0,0,0,0,0,13:19,
2.12.2022,25.,Tipsport extraliga,SPA – MHK,2:1,0,0,0,0,0,08:01,
29.11.2022,24.,Tipsport extraliga,MHK – MBL,0:2,0,0,0,0,0,08:10,
27.11.2022,23.,Tipsport extraliga,OLO – MHK,5:0,0,0,0,-1,0,13:14,
25.11.2022,22.,Tipsport extraliga,MHK – PLZ,1:4,0,0,0,0,0,10:38,
20.11.2022,21.,Tipsport extraliga,TRI – MHK,4:1,0,0,0,-1,0,11:09,
18.11.2022,20.,Tipsport extraliga,MHK – LIT,3:0,0,0,0,0,0,11:57,
6.11.2022,19.,Tipsport extraliga,MHK – KOM,5:1,0,0,0,-1,0,09:54,
4.11.2022,18.,Tipsport extraliga,CEB – MHK,2:1,0,0,0,0,0,10:23,
1.11.2022,17.,Tipsport extraliga,MHK – KLA,8:7,0,0,0,0,0,07:38,
30.10.2022,16.,Tipsport extraliga,VIT – MHK,5:2,0,0,0,0,0,09:22,
28.10.2022,15.,Tipsport extraliga,MHK – KVA,1:2,0,0,0,0,0,09:28,
23.10.2022,14.,Tipsport extraliga,LIB – MHK,3:6,0,0,0,-1,0,10:45,
21.10.2022,13.,Tipsport extraliga,PCE – MHK,5:2,0,0,0,0,0,11:10,
18.10.2022,12.,Tipsport extraliga,MHK – SPA,3:2,0,0,0,0,0,11:26,
16.10.2022,11.,Tipsport extraliga,MBL – MHK,0:2,0,0,0,0,0,12:38,
14.10.2022,10.,Tipsport extraliga,MHK – OLO,0:3,0,0,0,-1,0,13:00,
9.10.2022,9.,Tipsport extraliga,PLZ – MHK,2:5,0,2,2,2,0,12:28,
2.10.2022,7.,Tipsport extraliga,LIT – MHK,3:2,0,0,0,0,0,06:06,
30.9.2022,6.,Tipsport extraliga,KOM – MHK,4:0,0,0,0,0,0,14:23,
27.9.2022,5.,Tipsport extraliga,MHK – CEB,3:1,0,0,0,0,0,10:30,
25.9.2022,4.,Tipsport extraliga,KLA – MHK,2:1,0,0,0,0,0,08:25,
23.9.2022,3.,Tipsport extraliga,MHK – VIT,3:2,0,0,0,1,0,08:02,
18.9.2022,2.,Tipsport extraliga,KVA – MHK,2:3,0,0,0,-1,0,09:21,
16.9.2022,1.,Tipsport extraliga,MHK – LIB,1:2,0,0,0,0,0,12:16,
