datum,kolo,soutěž,zápas,skóre,G,A,B,+-,TM,TOI,
25.2.2023,50.,CHANCE LIGA,SUM – KOL,0:3,0,1,1,0,0,20:50,
22.2.2023,49.,CHANCE LIGA,KOL – JIH,3:4,0,1,1,1,0,19:51,
18.2.2023,48.,CHANCE LIGA,POR – KOL,5:2,1,0,1,0,0,19:04,
15.2.2023,47.,CHANCE LIGA,KOL – PCE,4:2,1,2,3,3,0,22:44,
13.2.2023,46.,CHANCE LIGA,FRM – KOL,5:1,0,0,0,-1,0,17:00,
4.2.2023,45.,CHANCE LIGA,SLA – KOL,6:3,0,0,0,-4,0,20:44,
1.2.2023,44.,CHANCE LIGA,KOL – PRE,1:3,0,0,0,0,0,23:57,
29.1.2023,43.,Tipsport extraliga,MHK – KLA,4:2,0,0,0,-1,0,07:51,
27.1.2023,42.,Tipsport extraliga,VIT – MHK,2:5,0,0,0,0,0,12:09,
24.1.2023,41.,Tipsport extraliga,MHK – KVA,3:0,0,0,0,0,0,11:21,
22.1.2023,40.,Tipsport extraliga,LIB – MHK,3:1,0,0,0,-1,0,09:24,
20.1.2023,39.,Tipsport extraliga,PCE – MHK,4:1,0,1,1,1,0,07:20,
15.1.2023,38.,Tipsport extraliga,MHK – SPA,3:4,0,1,1,0,0,13:30,
13.1.2023,37.,Tipsport extraliga,MBL – MHK,3:2,0,0,0,0,2,08:28,
10.1.2023,27.,Tipsport extraliga,MHK – LIB,5:4,0,0,0,-2,0,09:28,
8.1.2023,36.,Tipsport extraliga,MHK – OLO,5:4,0,0,0,0,0,10:25,
4.1.2023,34.,CHANCE LIGA,PCE – KOL,3:5,0,1,1,1,0,18:59,
30.12.2022,33.,Tipsport extraliga,LIT – MHK,2:3,0,0,0,-1,0,11:22,
29.12.2022,33.,CHANCE LIGA,KOL – FRM,2:1,0,0,0,0,0,21:00,
27.12.2022,32.,CHANCE LIGA,KOL – SLA,1:5,1,0,1,-1,0,22:00,
21.12.2022,31.,CHANCE LIGA,PRE – KOL,5:1,0,0,0,-1,0,21:01,
19.12.2022,30.,CHANCE LIGA,KOL – TRE,2:1,1,0,1,1,0,21:54,
10.12.2022,29.,CHANCE LIGA,POR – PRO,1:4,0,0,0,1,0,17:11,
7.12.2022,28.,CHANCE LIGA,KOL – PRO,2:6,1,0,1,0,0,18:59,
5.12.2022,27.,CHANCE LIGA,PRO – FRM,4:2,2,1,3,2,0,14:58,
3.12.2022,26.,CHANCE LIGA,PRO – TRE,2:0,0,0,0,0,0,14:16,
30.11.2022,25.,CHANCE LIGA,PRE – PRO,0:3,0,0,0,0,,11:45,
26.11.2022,24.,CHANCE LIGA,PRO – SLA,3:4,1,1,2,0,,19:10,
23.11.2022,23.,CHANCE LIGA,LTM – PRO,1:3,0,1,1,0,,14:56,
19.11.2022,22.,CHANCE LIGA,SOK – PRO,3:1,0,1,1,0,,11:36,
21.9.2022,3.,CHANCE LIGA,PRO – POR,3:4,0,0,0,0,,16:49,
17.9.2022,2.,CHANCE LIGA,KOL – PRO,5:3,0,1,1,-1,,17:52,
14.9.2022,1.,CHANCE LIGA,PRO – FRM,3:2,1,1,2,-1,0,16:57,
