datum,kolo,soutěž,zápas,skóre,G,A,B,+-,TM,TOI,
25.2.2023,50.,CHANCE LIGA,ZLN – PCE,1:0,0,0,0,0,0,11:28,
22.2.2023,49.,CHANCE LIGA,SLA – ZLN,3:5,2,0,2,1,2,15:30,
18.2.2023,48.,CHANCE LIGA,ZLN – PRE,2:1,0,0,0,0,0,17:18,
15.2.2023,47.,CHANCE LIGA,LTM – ZLN,1:4,0,1,1,2,0,17:03,
12.2.2023,46.,CHANCE LIGA,ZLN – TRE,1:3,0,0,0,-3,0,22:20,
4.2.2023,45.,CHANCE LIGA,PRO – ZLN,5:1,0,0,0,0,0,12:06,
1.2.2023,44.,CHANCE LIGA,ZLN – SOK,5:0,0,0,0,0,2,14:30,
28.1.2023,5.,2. liga – Západ – nadstavba sk. B,KLT – JBN,5:3,1,1,2,0,0,-,
25.1.2023,4.,2. liga – Západ – nadstavba sk. B,RIS – KLT,6:5,1,0,1,0,2,-,
22.1.2023,40.,Tipsport extraliga,OLO – PLZ,3:2,0,0,0,-1,0,03:02,
20.1.2023,39.,Tipsport extraliga,CEB – PLZ,3:4,0,0,0,-1,2,04:18,
18.1.2023,2.,2. liga – Západ – nadstavba sk. B,PIS – KLT,4:2,1,0,1,0,0,-,
14.1.2023,1.,2. liga – Západ – nadstavba sk. B,DEC – KLT,3:5,0,2,2,0,0,-,
11.1.2023,30.,2. liga – Západ – z. č.,KLT – CHB,4:0,1,2,3,0,0,-,
8.1.2023,36.,Tipsport extraliga,TRI – PLZ,6:1,0,0,0,0,0,10:52,
5.1.2023,35.,Tipsport extraliga,PLZ – MHK,0:4,0,0,0,-1,0,15:00,
3.1.2023,34.,Tipsport extraliga,KLA – PLZ,3:4,0,0,0,0,0,10:09,
30.12.2022,33.,Tipsport extraliga,PLZ – KOM,5:2,0,1,1,2,0,13:45,
28.12.2022,32.,Tipsport extraliga,LIB – PLZ,2:1,0,0,0,-1,0,10:08,
26.12.2022,31.,Tipsport extraliga,PLZ – KVA,1:0,0,0,0,0,0,06:08,
11.12.2022,28.,Tipsport extraliga,VIT – PLZ,3:2,0,0,0,0,0,11:37,
9.12.2022,27.,Tipsport extraliga,PLZ – OLO,5:4,0,0,0,-2,0,13:08,
4.12.2022,26.,Tipsport extraliga,PLZ – CEB,4:1,0,0,0,1,0,11:43,
1.12.2022,25.,Tipsport extraliga,MBL – PLZ,0:1,0,0,0,0,0,15:32,
29.11.2022,24.,Tipsport extraliga,LIT – PLZ,2:4,0,0,0,0,0,12:34,
27.11.2022,23.,Tipsport extraliga,PLZ – TRI,2:1,0,0,0,0,0,11:38,
25.11.2022,22.,Tipsport extraliga,MHK – PLZ,1:4,0,0,0,-1,0,09:11,
20.11.2022,21.,Tipsport extraliga,PLZ – KLA,1:2,0,0,0,0,2,11:56,
18.11.2022,20.,Tipsport extraliga,KOM – PLZ,3:1,0,0,0,0,0,06:59,
16.11.2022,17.,2. liga – Západ – z. č.,KLT – CHM,1:6,1,0,1,0,2,-,
12.11.2022,16.,2. liga – Západ – z. č.,KLT – BNJ,3:4,2,1,3,0,2,-,
9.11.2022,15.,2. liga – Západ – z. č.,CHB – KLT,4:2,1,0,1,0,0,-,
30.10.2022,16.,Tipsport extraliga,PCE – PLZ,7:2,0,0,0,0,0,09:40,
28.10.2022,15.,Tipsport extraliga,PLZ – VIT,4:3,1,0,1,-1,0,13:27,
23.10.2022,14.,Tipsport extraliga,OLO – PLZ,1:4,0,0,0,0,0,12:29,
20.10.2022,13.,Tipsport extraliga,CEB – PLZ,3:2,0,0,0,0,0,05:16,
16.10.2022,11.,Tipsport extraliga,PLZ – LIT,4:3,0,0,0,1,0,06:28,
14.10.2022,10.,Tipsport extraliga,TRI – PLZ,3:2,0,0,0,-1,0,09:31,
9.10.2022,9.,Tipsport extraliga,PLZ – MHK,2:5,0,0,0,-2,0,14:12,
7.10.2022,8.,Tipsport extraliga,KLA – PLZ,0:4,0,0,0,0,0,12:38,
2.10.2022,7.,Tipsport extraliga,PLZ – KOM,3:4,0,0,0,-1,0,05:45,
1.10.2022,4.,2. liga – Západ – z. č.,UNL – KLT,1:4,2,1,3,2,2,-,
29.9.2022,6.,Tipsport extraliga,LIB – PLZ,2:3,0,0,0,0,0,05:13,
28.9.2022,3.,2. liga – Západ – z. č.,KLT – RIS,6:4,2,1,3,0,0,-,
27.9.2022,5.,Tipsport extraliga,PLZ – KVA,6:3,0,0,0,0,0,03:40,
25.9.2022,4.,Tipsport extraliga,SPA – PLZ,3:2,0,0,0,0,0,11:05,
23.9.2022,3.,Tipsport extraliga,PLZ – PCE,1:4,0,0,0,0,0,12:33,
18.9.2022,2.,Tipsport extraliga,VIT – PLZ,4:2,0,0,0,-1,0,07:00,
16.9.2022,1.,Tipsport extraliga,PLZ – OLO,1:2,0,0,0,0,0,10:38,
