datum,kolo,soutěž,zápas,skóre,G,A,B,+-,TM,TOI,
26.2.2023,50.,Tipsport extraliga,KVA – CEB,5:1,0,0,0,-2,0,07:48,
22.2.2023,49.,Tipsport extraliga,CEB – LIB,3:4,0,2,2,0,0,21:10,
19.2.2023,48.,Tipsport extraliga,VIT – CEB,1:4,0,0,0,1,0,21:04,
17.2.2023,47.,Tipsport extraliga,CEB – SPA,3:4,0,0,0,-1,0,24:02,
15.2.2023,46.,Tipsport extraliga,CEB – PCE,3:7,1,0,1,-2,0,19:20,
5.2.2023,45.,Tipsport extraliga,OLO – CEB,3:2,0,0,0,0,2,20:50,
2.2.2023,44.,Tipsport extraliga,CEB – MHK,2:3,0,0,0,-1,0,19:19,
29.1.2023,43.,Tipsport extraliga,LIT – CEB,1:0,0,0,0,0,0,19:51,
27.1.2023,42.,Tipsport extraliga,CEB – MBL,5:4,2,1,3,3,0,19:57,
24.1.2023,41.,Tipsport extraliga,KOM – CEB,5:2,0,1,1,-1,0,17:51,
22.1.2023,40.,Tipsport extraliga,CEB – TRI,3:2,0,0,0,0,0,17:33,
20.1.2023,39.,Tipsport extraliga,CEB – PLZ,3:4,0,2,2,2,0,16:32,
17.1.2023,21.,Tipsport extraliga,SPA – CEB,5:0,0,0,0,-1,0,17:20,
15.1.2023,38.,Tipsport extraliga,CEB – KLA,6:2,0,1,1,0,0,18:31,
13.1.2023,37.,Tipsport extraliga,CEB – KVA,2:4,0,0,0,-2,0,18:39,
8.1.2023,36.,Tipsport extraliga,LIB – CEB,2:3,0,0,0,-1,0,13:00,
6.1.2023,35.,Tipsport extraliga,CEB – VIT,0:2,0,0,0,0,2,21:54,
3.1.2023,34.,Tipsport extraliga,SPA – CEB,5:3,0,1,1,0,0,17:31,
30.12.2022,33.,Tipsport extraliga,PCE – CEB,4:1,1,0,1,0,0,17:51,
28.12.2022,32.,Tipsport extraliga,CEB – OLO,4:2,0,3,3,1,0,19:03,
26.12.2022,31.,Tipsport extraliga,MHK – CEB,1:4,0,1,1,0,0,16:51,
22.12.2022,30.,Tipsport extraliga,CEB – LIT,2:5,0,2,2,-1,0,20:13,
20.12.2022,29.,Tipsport extraliga,MBL – CEB,2:1,0,0,0,0,0,20:27,
11.12.2022,28.,Tipsport extraliga,CEB – KOM,3:1,1,1,2,1,0,20:55,
9.12.2022,27.,Tipsport extraliga,TRI – CEB,2:3,0,0,0,0,2,19:12,
4.12.2022,26.,Tipsport extraliga,PLZ – CEB,4:1,1,0,1,-1,0,23:04,
2.12.2022,25.,Tipsport extraliga,KLA – CEB,1:6,1,1,2,2,0,19:19,
29.11.2022,24.,Tipsport extraliga,CEB – KVA,0:3,0,0,0,-1,0,21:05,
27.11.2022,23.,Tipsport extraliga,CEB – LIB,4:1,0,1,1,1,0,19:07,
25.11.2022,22.,Tipsport extraliga,VIT – CEB,4:3,0,0,0,-2,0,16:59,
17.11.2022,20.,Tipsport extraliga,CEB – PCE,2:4,0,0,0,-1,0,16:39,
6.11.2022,19.,Tipsport extraliga,OLO – CEB,3:1,0,0,0,-2,0,18:52,
4.11.2022,18.,Tipsport extraliga,CEB – MHK,2:1,0,0,0,0,0,21:25,
1.11.2022,17.,Tipsport extraliga,LIT – CEB,6:4,0,1,1,0,0,21:37,
30.10.2022,16.,Tipsport extraliga,CEB – MBL,3:0,0,0,0,0,0,20:37,
28.10.2022,15.,Tipsport extraliga,KOM – CEB,3:0,0,0,0,0,2,21:56,
23.10.2022,14.,Tipsport extraliga,CEB – TRI,3:2,0,0,0,0,0,22:09,
20.10.2022,13.,Tipsport extraliga,CEB – PLZ,3:2,0,1,1,-1,0,20:35,
18.10.2022,12.,Tipsport extraliga,KLA – CEB,2:1,0,1,1,1,0,22:43,
16.10.2022,11.,Tipsport extraliga,KVA – CEB,4:3,1,0,1,1,0,23:31,
9.10.2022,9.,Tipsport extraliga,CEB – VIT,2:3,0,0,0,0,0,21:21,
7.10.2022,8.,Tipsport extraliga,CEB – SPA,2:3,0,1,1,-1,0,17:30,
4.10.2022,10.,Tipsport extraliga,LIB – CEB,6:1,0,1,1,-1,2,18:10,
2.10.2022,7.,Tipsport extraliga,PCE – CEB,6:1,0,0,0,-1,0,17:52,
30.9.2022,6.,Tipsport extraliga,CEB – OLO,1:2,0,0,0,0,0,25:25,
27.9.2022,5.,Tipsport extraliga,MHK – CEB,3:1,1,0,1,0,0,22:04,
23.9.2022,3.,Tipsport extraliga,MBL – CEB,5:1,1,0,1,-2,0,17:54,
20.9.2022,4.,Tipsport extraliga,CEB – LIT,6:3,1,0,1,1,0,20:26,
18.9.2022,2.,Tipsport extraliga,CEB – KOM,6:2,0,2,2,1,0,18:35,
16.9.2022,1.,Tipsport extraliga,TRI – CEB,0:2,1,0,1,0,0,18:00,
