datum,kolo,soutěž,zápas,skóre,G,A,B,+-,TM,TOI,
18.11.2022,20.,Tipsport extraliga,KOM – PLZ,3:1,0,0,0,-1,0,16:14,
16.11.2022,17.,2. liga – Západ – z. č.,KLT – CHM,1:6,0,0,0,0,0,-,
12.11.2022,16.,2. liga – Západ – z. č.,KLT – BNJ,3:4,0,0,0,0,0,-,
9.11.2022,15.,2. liga – Západ – z. č.,CHB – KLT,4:2,0,1,1,0,0,-,
6.11.2022,19.,Tipsport extraliga,PLZ – LIB,3:4,0,0,0,-1,0,08:22,
4.11.2022,18.,Tipsport extraliga,KVA – PLZ,4:5,0,0,0,-1,0,05:07,
30.10.2022,16.,Tipsport extraliga,PCE – PLZ,7:2,0,0,0,-1,0,12:04,
28.10.2022,15.,Tipsport extraliga,PLZ – VIT,4:3,0,0,0,-1,2,08:12,
23.10.2022,14.,Tipsport extraliga,OLO – PLZ,1:4,0,0,0,-1,0,12:51,
20.10.2022,13.,Tipsport extraliga,CEB – PLZ,3:2,0,0,0,1,0,18:01,
16.10.2022,11.,Tipsport extraliga,PLZ – LIT,4:3,0,0,0,0,2,01:34,
12.10.2022,7.,2. liga – Západ – z. č.,MOL – KLT,7:4,0,0,0,0,4,-,
9.10.2022,9.,Tipsport extraliga,PLZ – MHK,2:5,0,0,0,-1,0,04:20,
7.10.2022,8.,Tipsport extraliga,KLA – PLZ,0:4,0,0,0,0,0,05:21,
5.10.2022,5.,2. liga – Západ – z. č.,KLT – TAB,1:5,0,0,0,0,0,-,
2.10.2022,7.,Tipsport extraliga,PLZ – KOM,3:4,0,0,0,-1,0,12:14,
29.9.2022,6.,Tipsport extraliga,LIB – PLZ,2:3,0,0,0,0,2,00:06,
28.9.2022,3.,2. liga – Západ – z. č.,KLT – RIS,6:4,0,1,1,0,0,-,
24.9.2022,2.,2. liga – Západ – z. č.,BNJ – KLT,2:1,0,0,0,-1,0,-,
21.9.2022,1.,2. liga – Západ – z. č.,CHM – KLT,6:2,0,0,0,0,0,-,
16.9.2022,1.,Tipsport extraliga,PLZ – OLO,1:2,0,0,0,-1,0,09:54,
