datum,kolo,soutěž,zápas,skóre,G,A,B,+-,TM,TOI,
26.2.2023,50.,Tipsport extraliga,KVA – CEB,5:1,1,1,2,2,0,09:09,
24.2.2023,49.,Tipsport extraliga,VIT – KVA,6:1,0,0,0,0,0,14:56,
19.2.2023,48.,Tipsport extraliga,KVA – PCE,0:5,0,0,0,-1,0,17:16,
17.2.2023,47.,Tipsport extraliga,MBL – KVA,0:2,0,1,1,1,0,12:29,
15.2.2023,46.,Tipsport extraliga,KVA – SPA,3:6,0,1,1,0,0,14:43,
5.2.2023,45.,Tipsport extraliga,LIT – KVA,1:2,0,0,0,0,2,11:34,
3.2.2023,44.,Tipsport extraliga,KVA – PLZ,3:1,1,0,1,1,2,13:41,
31.1.2023,33.,Tipsport extraliga,SPA – KVA,6:3,2,0,2,1,0,14:10,
29.1.2023,43.,Tipsport extraliga,OLO – KVA,3:4,2,0,2,2,0,11:13,
27.1.2023,42.,Tipsport extraliga,KVA – TRI,4:1,1,0,1,1,2,11:33,
22.1.2023,40.,Tipsport extraliga,KVA – KOM,5:4,0,0,0,-3,0,10:12,
20.1.2023,39.,Tipsport extraliga,KVA – KLA,4:2,0,1,1,1,0,12:28,
15.1.2023,38.,Tipsport extraliga,LIB – KVA,3:1,0,0,0,0,4,15:33,
13.1.2023,37.,Tipsport extraliga,CEB – KVA,2:4,1,0,1,1,0,13:07,
8.1.2023,36.,Tipsport extraliga,KVA – VIT,1:3,0,0,0,0,0,13:43,
6.1.2023,35.,Tipsport extraliga,PCE – KVA,7:4,0,0,0,-2,0,14:26,
3.1.2023,34.,Tipsport extraliga,KVA – MBL,4:1,0,1,1,1,0,16:43,
28.12.2022,32.,Tipsport extraliga,KVA – LIT,3:0,1,0,1,1,0,14:43,
26.12.2022,31.,Tipsport extraliga,PLZ – KVA,1:0,0,0,0,0,0,17:32,
20.12.2022,29.,Tipsport extraliga,TRI – KVA,4:2,0,0,0,-1,2,16:47,
11.12.2022,28.,Tipsport extraliga,KVA – MHK,1:4,0,0,0,0,2,18:32,
9.12.2022,27.,Tipsport extraliga,KOM – KVA,2:3,0,0,0,-1,0,19:00,
4.12.2022,26.,Tipsport extraliga,KLA – KVA,4:1,0,0,0,-1,0,18:23,
2.12.2022,25.,Tipsport extraliga,KVA – LIB,0:2,0,0,0,0,0,21:45,
29.11.2022,24.,Tipsport extraliga,CEB – KVA,0:3,0,0,0,1,2,17:52,
27.11.2022,23.,Tipsport extraliga,VIT – KVA,4:2,0,0,0,0,0,15:41,
25.11.2022,22.,Tipsport extraliga,KVA – PCE,1:3,0,0,0,-1,0,16:10,
20.11.2022,21.,Tipsport extraliga,KVA – MBL,4:3,0,0,0,0,0,18:58,
18.11.2022,20.,Tipsport extraliga,KVA – SPA,1:5,0,0,0,-1,2,16:03,
15.11.2022,4.,Tipsport extraliga,KVA – OLO,3:2,2,1,3,3,0,13:08,
6.11.2022,19.,Tipsport extraliga,LIT – KVA,5:3,0,0,0,-1,2,15:14,
4.11.2022,18.,Tipsport extraliga,KVA – PLZ,4:5,0,2,2,0,2,17:36,
1.11.2022,17.,Tipsport extraliga,OLO – KVA,2:0,0,0,0,-2,0,16:47,
30.10.2022,16.,Tipsport extraliga,KVA – TRI,2:6,0,1,1,-1,0,13:16,
18.10.2022,12.,Tipsport extraliga,LIB – KVA,3:4,0,0,0,0,0,04:42,
16.10.2022,11.,Tipsport extraliga,KVA – CEB,4:3,0,0,0,-1,0,13:45,
14.10.2022,10.,Tipsport extraliga,KVA – VIT,4:5,0,1,1,-2,0,19:26,
9.10.2022,9.,Tipsport extraliga,PCE – KVA,2:4,0,0,0,-1,0,21:39,
6.10.2022,8.,Tipsport extraliga,MBL – KVA,0:1,0,0,0,0,0,18:45,
4.10.2022,6.,Tipsport extraliga,KVA – LIT,1:4,0,0,0,-2,4,17:51,
2.10.2022,7.,Tipsport extraliga,SPA – KVA,4:5,0,1,1,-1,2,16:46,
27.9.2022,5.,Tipsport extraliga,PLZ – KVA,6:3,0,0,0,-2,0,17:50,
23.9.2022,3.,Tipsport extraliga,TRI – KVA,1:2,0,0,0,-1,4,14:14,
18.9.2022,2.,Tipsport extraliga,KVA – MHK,2:3,0,1,1,1,2,15:45,
15.9.2022,1.,Tipsport extraliga,KOM – KVA,6:1,0,0,0,0,0,18:40,
