datum,kolo,soutěž,zápas,skóre,G,A,B,+-,TM,TOI,
26.2.2023,50.,Tipsport extraliga,KOM – OLO,1:0,0,0,0,0,0,04:28,
24.2.2023,49.,Tipsport extraliga,PCE – KOM,1:3,1,0,1,1,0,14:10,
19.2.2023,48.,Tipsport extraliga,KOM – MBL,1:4,0,0,0,-2,0,13:50,
17.2.2023,47.,Tipsport extraliga,LIT – KOM,3:2,0,0,0,-1,0,11:54,
15.2.2023,46.,Tipsport extraliga,KOM – PLZ,3:0,0,0,0,0,0,11:16,
5.2.2023,45.,Tipsport extraliga,MHK – KOM,1:0,0,0,0,0,0,09:45,
3.2.2023,44.,Tipsport extraliga,KOM – TRI,5:1,0,1,1,1,0,10:40,
24.1.2023,41.,Tipsport extraliga,KOM – CEB,5:2,0,0,0,0,0,16:05,
22.1.2023,40.,Tipsport extraliga,KVA – KOM,5:4,2,0,2,0,0,17:54,
20.1.2023,39.,Tipsport extraliga,SPA – KOM,5:3,0,1,1,-1,2,16:09,
15.1.2023,38.,Tipsport extraliga,KOM – VIT,2:5,0,0,0,0,0,17:10,
13.1.2023,18.,Tipsport extraliga,TRI – KOM,6:1,0,0,0,-2,0,15:35,
11.1.2023,37.,Tipsport extraliga,OLO – KOM,1:4,1,0,1,0,0,17:35,
8.1.2023,36.,Tipsport extraliga,KOM – PCE,1:4,0,0,0,-1,0,17:52,
6.1.2023,35.,Tipsport extraliga,MBL – KOM,7:3,0,0,0,-1,0,13:30,
3.1.2023,34.,Tipsport extraliga,KOM – LIT,3:1,0,0,0,0,0,17:41,
30.12.2022,33.,Tipsport extraliga,PLZ – KOM,5:2,0,0,0,-1,0,13:14,
28.12.2022,32.,Tipsport extraliga,KOM – MHK,2:3,0,0,0,0,0,16:46,
26.12.2022,31.,Tipsport extraliga,TRI – KOM,7:2,0,0,0,0,0,16:57,
22.12.2022,30.,Tipsport extraliga,LIB – KOM,2:1,0,0,0,-1,0,16:47,
20.12.2022,29.,Tipsport extraliga,KOM – KLA,3:2,0,0,0,0,2,15:05,
11.12.2022,28.,Tipsport extraliga,CEB – KOM,3:1,0,0,0,-1,0,18:13,
9.12.2022,27.,Tipsport extraliga,KOM – KVA,2:3,0,2,2,0,2,16:19,
4.12.2022,26.,Tipsport extraliga,KOM – SPA,2:6,0,0,0,-3,0,18:11,
2.12.2022,25.,Tipsport extraliga,VIT – KOM,4:1,0,0,0,0,0,21:55,
29.11.2022,24.,Tipsport extraliga,KOM – OLO,1:0,0,0,0,0,0,22:34,
27.11.2022,23.,Tipsport extraliga,PCE – KOM,4:3,0,0,0,-2,0,24:28,
25.11.2022,22.,Tipsport extraliga,KOM – MBL,1:3,0,1,1,0,0,18:26,
22.11.2022,17.,Tipsport extraliga,KOM – LIB,0:5,0,0,0,-1,0,15:17,
20.11.2022,21.,Tipsport extraliga,LIT – KOM,5:1,0,0,0,-1,0,17:49,
18.11.2022,20.,Tipsport extraliga,KOM – PLZ,3:1,0,0,0,0,2,15:01,
6.11.2022,19.,Tipsport extraliga,MHK – KOM,5:1,0,0,0,0,0,17:49,
30.10.2022,16.,Tipsport extraliga,KLA – KOM,3:5,0,0,0,1,4,15:04,
28.10.2022,15.,Tipsport extraliga,KOM – CEB,3:0,1,0,1,0,0,19:16,
23.10.2022,14.,Tipsport extraliga,KVA – KOM,2:3,0,0,0,0,0,21:37,
21.10.2022,13.,Tipsport extraliga,SPA – KOM,2:3,0,0,0,-1,0,19:32,
18.10.2022,12.,Tipsport extraliga,KOM – VIT,2:1,0,0,0,1,2,22:11,
16.10.2022,11.,Tipsport extraliga,OLO – KOM,2:3,0,0,0,1,0,18:23,
13.10.2022,10.,Tipsport extraliga,KOM – PCE,4:3,0,1,1,-1,2,22:34,
7.10.2022,8.,Tipsport extraliga,KOM – LIT,5:4,0,0,0,0,0,02:16,
2.10.2022,7.,Tipsport extraliga,PLZ – KOM,3:4,0,1,1,0,0,16:51,
30.9.2022,6.,Tipsport extraliga,KOM – MHK,4:0,1,1,2,1,0,23:04,
27.9.2022,5.,Tipsport extraliga,KOM – TRI,2:4,1,0,1,0,0,21:43,
25.9.2022,4.,Tipsport extraliga,LIB – KOM,2:3,0,0,0,0,4,20:30,
23.9.2022,3.,Tipsport extraliga,KOM – KLA,1:3,0,0,0,-1,0,20:14,
18.9.2022,2.,Tipsport extraliga,CEB – KOM,6:2,0,0,0,0,0,20:16,
15.9.2022,1.,Tipsport extraliga,KOM – KVA,6:1,0,0,0,0,0,20:14,
