datum,kolo,soutěž,zápas,skóre,G,A,B,+-,TM,TOI,
26.2.2023,50.,Tipsport extraliga,LIT – PLZ,2:0,0,0,0,0,0,10:00,
24.2.2023,49.,Tipsport extraliga,MBL – LIT,1:2,0,0,0,-1,0,12:05,
19.2.2023,48.,Tipsport extraliga,LIT – TRI,4:3,0,0,0,0,5,11:32,
17.2.2023,47.,Tipsport extraliga,LIT – KOM,3:2,0,0,0,-1,0,11:16,
15.2.2023,46.,Tipsport extraliga,MHK – LIT,3:0,0,0,0,0,0,09:35,
5.2.2023,45.,Tipsport extraliga,LIT – KVA,1:2,0,0,0,0,0,12:30,
3.2.2023,44.,Tipsport extraliga,KLA – LIT,5:2,0,0,0,0,0,09:49,
29.1.2023,43.,Tipsport extraliga,LIT – CEB,1:0,0,0,0,0,0,15:45,
27.1.2023,42.,Tipsport extraliga,LIB – LIT,5:1,0,0,0,-1,2,13:09,
25.1.2023,41.,Tipsport extraliga,SPA – LIT,3:2,0,1,1,1,0,13:20,
22.1.2023,40.,Tipsport extraliga,VIT – LIT,2:3,0,0,0,0,0,10:14,
20.1.2023,39.,Tipsport extraliga,OLO – LIT,1:8,0,0,0,1,0,10:31,
15.1.2023,38.,Tipsport extraliga,LIT – PCE,1:2,0,0,0,0,0,09:02,
13.1.2023,37.,Tipsport extraliga,PLZ – LIT,4:1,0,0,0,-1,0,09:12,
8.1.2023,36.,Tipsport extraliga,LIT – MBL,4:3,0,0,0,-1,0,05:25,
3.1.2023,34.,Tipsport extraliga,KOM – LIT,3:1,0,0,0,0,2,09:12,
30.12.2022,33.,Tipsport extraliga,LIT – MHK,2:3,0,0,0,0,2,08:47,
28.12.2022,32.,Tipsport extraliga,KVA – LIT,3:0,0,0,0,-1,0,09:22,
26.12.2022,31.,Tipsport extraliga,LIT – KLA,2:3,0,0,0,-1,2,09:52,
20.12.2022,29.,Tipsport extraliga,LIT – LIB,3:2,0,0,0,0,0,12:45,
11.12.2022,28.,Tipsport extraliga,LIT – SPA,5:2,0,1,1,2,2,11:32,
9.12.2022,27.,Tipsport extraliga,LIT – VIT,5:3,0,2,2,2,0,09:27,
6.12.2022,25.,Tipsport extraliga,PCE – LIT,1:0,0,0,0,0,0,08:43,
4.12.2022,26.,Tipsport extraliga,LIT – OLO,5:3,0,0,0,0,0,08:22,
29.11.2022,24.,Tipsport extraliga,LIT – PLZ,2:4,0,0,0,0,2,04:53,
27.11.2022,23.,Tipsport extraliga,MBL – LIT,6:4,0,0,0,0,0,07:50,
25.11.2022,22.,Tipsport extraliga,LIT – TRI,1:2,0,0,0,0,0,09:39,
20.11.2022,21.,Tipsport extraliga,LIT – KOM,5:1,0,0,0,-1,0,10:17,
18.11.2022,20.,Tipsport extraliga,MHK – LIT,3:0,0,0,0,0,0,07:37,
6.11.2022,19.,Tipsport extraliga,LIT – KVA,5:3,0,0,0,0,0,07:55,
4.11.2022,18.,Tipsport extraliga,KLA – LIT,3:2,1,0,1,1,0,07:14,
1.11.2022,17.,Tipsport extraliga,LIT – CEB,6:4,0,1,1,1,0,07:56,
30.10.2022,16.,Tipsport extraliga,LIB – LIT,2:3,0,0,0,1,0,06:04,
28.10.2022,15.,Tipsport extraliga,LIT – SPA,4:0,0,0,0,0,0,10:08,
21.10.2022,13.,Tipsport extraliga,OLO – LIT,5:3,0,0,0,0,2,07:15,
18.10.2022,12.,Tipsport extraliga,LIT – PCE,0:1,0,0,0,0,0,06:48,
16.10.2022,11.,Tipsport extraliga,PLZ – LIT,4:3,0,0,0,0,0,07:11,
14.10.2022,10.,Tipsport extraliga,LIT – MBL,3:4,0,0,0,0,2,08:21,
9.10.2022,9.,Tipsport extraliga,TRI – LIT,4:1,0,0,0,0,0,08:36,
7.10.2022,8.,Tipsport extraliga,KOM – LIT,5:4,0,0,0,0,0,06:12,
4.10.2022,6.,Tipsport extraliga,KVA – LIT,1:4,0,0,0,0,0,08:01,
27.9.2022,5.,Tipsport extraliga,LIT – KLA,1:2,0,0,0,0,0,04:18,
23.9.2022,3.,Tipsport extraliga,LIT – LIB,2:3,0,0,0,0,2,06:11,
20.9.2022,4.,Tipsport extraliga,CEB – LIT,6:3,0,0,0,-1,0,05:59,
