datum,kolo,soutěž,zápas,skóre,G,A,B,+-,TM,TOI,
24.2.2023,49.,Tipsport extraliga,VIT – KVA,6:1,0,0,0,0,0,10:52,
19.2.2023,48.,Tipsport extraliga,VIT – CEB,1:4,0,0,0,0,0,15:27,
17.2.2023,47.,Tipsport extraliga,PCE – VIT,1:4,0,1,1,2,0,14:45,
15.2.2023,46.,Tipsport extraliga,VIT – OLO,3:1,0,0,0,0,0,01:48,
11.2.2023,,Turnaj pěti v Ängelholmu – 20,SWE – CZE,2:5,0,0,0,0,2,-,
10.2.2023,,Turnaj pěti v Ängelholmu – 20,CZE – GER,5:1,0,1,1,0,,-,
9.2.2023,,Turnaj pěti v Ängelholmu – 20,CZE – FIN,0:5,0,0,0,0,2,-,
7.2.2023,,Turnaj pěti v Ängelholmu – 20,SUI – CZE,3:2,0,0,0,0,2,-,
5.2.2023,45.,Tipsport extraliga,MBL – VIT,2:3,1,0,1,2,0,10:28,
3.2.2023,44.,Tipsport extraliga,VIT – SPA,3:4,0,0,0,0,0,06:50,
31.1.2023,43.,Tipsport extraliga,VIT – TRI,1:2,0,0,0,0,0,03:41,
27.1.2023,42.,Tipsport extraliga,VIT – MHK,2:5,0,0,0,0,0,09:25,
22.1.2023,40.,Tipsport extraliga,VIT – LIT,2:3,0,0,0,0,0,10:34,
20.1.2023,39.,Tipsport extraliga,VIT – LIB,2:0,0,0,0,0,0,09:28,
17.1.2023,19.,Tipsport extraliga,MBL – VIT,3:2,0,1,1,1,0,18:41,
15.1.2023,38.,Tipsport extraliga,KOM – VIT,2:5,0,0,0,2,0,13:56,
13.1.2023,37.,Tipsport extraliga,VIT – KLA,0:3,0,0,0,0,0,13:57,
3.1.2023,34.,Tipsport extraliga,VIT – PCE,2:3,0,0,0,0,0,05:01,
13.12.2022,31.,DHL ELJ,VIT – PLZ,2:7,0,1,1,1,8,-,
10.12.2022,30.,DHL ELJ,JIH – VIT,1:7,1,1,2,3,2,-,
9.12.2022,29.,DHL ELJ,KOM – VIT,0:3,0,2,2,2,2,-,
3.12.2022,28.,DHL ELJ,LIB – VIT,1:2,1,0,1,-1,4,-,
2.12.2022,27.,DHL ELJ,MBL – VIT,1:5,0,0,0,2,0,-,
26.11.2022,26.,DHL ELJ,VIT – KVA,5:2,1,2,3,2,0,-,
25.11.2022,25.,DHL ELJ,VIT – LIT,1:4,0,1,1,0,0,-,
23.11.2022,23.,CHANCE LIGA,PRE – VSE,1:4,0,0,0,0,,16:07,
20.11.2022,23.,DHL ELJ,TRI – VIT,3:2,0,0,0,-2,0,-,
17.11.2022,22.,DHL ELJ,VIT – MHK,3:2,0,0,0,0,0,-,
16.11.2022,21.,DHL ELJ,VIT – PCE,4:3,1,2,3,3,2,-,
4.11.2022,20.,DHL ELJ,ZLN – VIT,5:3,0,0,0,0,32,-,
3.11.2022,19.,DHL ELJ,OLO – VIT,4:8,0,0,0,-1,2,-,
22.10.2022,16.,DHL ELJ,VIT – JIH,4:1,0,2,2,1,2,-,
21.10.2022,15.,DHL ELJ,VIT – KOM,2:3,0,1,1,1,2,-,
15.10.2022,14.,DHL ELJ,VIT – LIB,4:0,0,1,1,1,4,-,
9.10.2022,9.,Tipsport extraliga,CEB – VIT,2:3,0,0,0,0,0,04:19,
6.10.2022,8.,Tipsport extraliga,PCE – VIT,2:1,0,0,0,-1,2,13:46,
2.10.2022,7.,Tipsport extraliga,OLO – VIT,5:4,0,0,0,0,0,12:39,
29.9.2022,6.,Tipsport extraliga,VIT – MBL,4:0,0,0,0,0,0,10:39,
27.9.2022,5.,Tipsport extraliga,SPA – VIT,5:3,0,0,0,1,2,09:55,
24.9.2022,8.,DHL ELJ,MHK – VIT,2:3,1,0,1,0,2,-,
23.9.2022,7.,DHL ELJ,PCE – VIT,0:3,0,0,0,0,0,-,
17.9.2022,6.,DHL ELJ,VIT – ZLN,4:2,1,0,1,0,0,-,
16.9.2022,5.,DHL ELJ,VIT – OLO,5:2,0,1,1,1,4,-,
