datum,kolo,soutěž,zápas,skóre,G,A,B,+-,TM,TOI,
19.2.2023,48.,Tipsport extraliga,MHK – PLZ,2:1,0,0,0,0,0,08:24,
17.2.2023,47.,Tipsport extraliga,TRI – MHK,1:2,0,1,1,1,0,09:23,
15.2.2023,46.,Tipsport extraliga,MHK – LIT,3:0,1,0,1,1,0,13:20,
13.2.2023,8.,Tipsport extraliga,MHK – TRI,4:3,0,0,0,1,0,10:41,
5.2.2023,45.,Tipsport extraliga,MHK – KOM,1:0,0,0,0,0,0,08:32,
2.2.2023,44.,Tipsport extraliga,CEB – MHK,2:3,1,0,1,1,0,09:28,
29.1.2023,43.,Tipsport extraliga,MHK – KLA,4:2,0,0,0,0,0,10:27,
27.1.2023,42.,Tipsport extraliga,VIT – MHK,2:5,0,0,0,0,0,13:21,
24.1.2023,41.,Tipsport extraliga,MHK – KVA,3:0,1,0,1,1,0,15:35,
21.1.2023,40.,CHANCE LIGA,SLA – TRE,1:2,0,1,1,0,0,18:07,
13.1.2023,37.,Tipsport extraliga,PLZ – LIT,4:1,0,0,0,0,0,06:20,
8.1.2023,36.,Tipsport extraliga,LIT – MBL,4:3,0,0,0,-1,0,06:52,
6.1.2023,35.,Tipsport extraliga,TRI – LIT,3:2,0,0,0,0,0,04:57,
4.1.2023,34.,CHANCE LIGA,FRM – SLA,1:2,0,0,0,-1,0,17:24,
28.12.2022,32.,Tipsport extraliga,KVA – LIT,3:0,0,0,0,0,0,07:40,
26.12.2022,31.,Tipsport extraliga,LIT – KLA,2:3,1,0,1,0,0,09:36,
21.12.2022,31.,CHANCE LIGA,SLA – PCE,5:3,1,0,1,1,2,14:58,
11.12.2022,28.,Tipsport extraliga,KVA – MHK,1:4,0,0,0,-1,0,05:09,
9.12.2022,27.,Tipsport extraliga,KOM – KVA,2:3,0,0,0,0,0,07:48,
4.12.2022,26.,Tipsport extraliga,KLA – KVA,4:1,0,0,0,0,0,06:34,
2.12.2022,25.,Tipsport extraliga,KVA – LIB,0:2,0,0,0,-1,0,08:20,
29.11.2022,24.,Tipsport extraliga,CEB – KVA,0:3,0,0,0,0,0,05:44,
27.11.2022,23.,Tipsport extraliga,VIT – KVA,4:2,0,1,1,1,6,15:57,
25.11.2022,22.,Tipsport extraliga,KVA – PCE,1:3,0,0,0,0,0,17:28,
20.11.2022,21.,Tipsport extraliga,KVA – MBL,4:3,0,0,0,-2,2,16:52,
18.11.2022,20.,Tipsport extraliga,KVA – SPA,1:5,0,0,0,0,0,15:06,
23.10.2022,14.,Tipsport extraliga,VIT – LIT,5:3,0,0,0,-1,0,08:57,
2.10.2022,7.,Tipsport extraliga,LIT – MHK,3:2,0,0,0,0,0,11:27,
18.9.2022,2.,Tipsport extraliga,SPA – LIT,3:0,0,0,0,-1,0,12:26,
16.9.2022,1.,Tipsport extraliga,LIT – VIT,2:3,0,0,0,0,0,11:36,
