datum,kolo,soutěž,zápas,skóre,G,A,B,+-,TM,TOI,
24.2.2023,49.,Tipsport extraliga,PCE – KOM,1:3,0,0,0,-1,2,14:43,
19.2.2023,48.,Tipsport extraliga,KVA – PCE,0:5,0,0,0,0,0,16:33,
5.2.2023,45.,Tipsport extraliga,SPA – PCE,4:2,0,0,0,0,0,14:28,
3.2.2023,44.,Tipsport extraliga,PCE – OLO,4:1,0,0,0,0,0,14:45,
29.1.2023,43.,Tipsport extraliga,MBL – PCE,3:5,1,0,1,1,0,18:03,
26.1.2023,42.,Tipsport extraliga,PCE – PLZ,4:3,0,0,0,1,0,15:19,
24.1.2023,41.,Tipsport extraliga,TRI – PCE,0:4,0,0,0,0,0,14:51,
22.1.2023,40.,Tipsport extraliga,PCE – KLA,4:2,2,0,2,1,0,17:02,
20.1.2023,39.,Tipsport extraliga,PCE – MHK,4:1,1,0,1,1,0,14:23,
18.1.2023,27.,Tipsport extraliga,KLA – PCE,1:4,1,0,1,0,0,15:20,
15.1.2023,38.,Tipsport extraliga,LIT – PCE,1:2,0,0,0,0,0,15:38,
13.1.2023,37.,Tipsport extraliga,LIB – PCE,3:4,0,1,1,0,0,14:09,
10.1.2023,32.,Tipsport extraliga,PCE – SPA,0:3,0,0,0,0,0,11:26,
8.1.2023,36.,Tipsport extraliga,KOM – PCE,1:4,0,0,0,1,0,16:10,
6.1.2023,35.,Tipsport extraliga,PCE – KVA,7:4,0,1,1,0,0,15:06,
22.12.2022,30.,Tipsport extraliga,PCE – MBL,2:1,0,0,0,0,2,08:27,
20.12.2022,29.,Tipsport extraliga,PLZ – PCE,0:2,0,0,0,0,0,15:23,
11.12.2022,28.,Tipsport extraliga,PCE – TRI,0:3,0,0,0,-1,0,14:47,
6.12.2022,25.,Tipsport extraliga,PCE – LIT,1:0,0,0,0,0,0,14:30,
4.12.2022,26.,Tipsport extraliga,MHK – PCE,4:0,0,0,0,-2,2,14:54,
29.11.2022,24.,Tipsport extraliga,PCE – LIB,1:3,0,0,0,0,0,14:34,
27.11.2022,23.,Tipsport extraliga,PCE – KOM,4:3,0,0,0,-2,0,17:23,
25.11.2022,22.,Tipsport extraliga,KVA – PCE,1:3,0,0,0,1,0,18:36,
22.11.2022,21.,Tipsport extraliga,VIT – PCE,4:5,0,0,0,1,0,16:36,
17.11.2022,20.,Tipsport extraliga,CEB – PCE,2:4,0,0,0,1,0,14:47,
6.11.2022,19.,Tipsport extraliga,SPA – PCE,2:3,1,0,1,1,0,15:27,
3.11.2022,18.,Tipsport extraliga,PCE – OLO,3:0,0,0,0,0,0,16:32,
1.11.2022,17.,Tipsport extraliga,MBL – PCE,0:1,1,0,1,1,0,15:45,
30.10.2022,16.,Tipsport extraliga,PCE – PLZ,7:2,0,2,2,2,0,17:05,
27.10.2022,15.,Tipsport extraliga,TRI – PCE,2:3,0,0,0,0,0,16:46,
23.10.2022,14.,Tipsport extraliga,PCE – KLA,6:2,0,1,1,1,0,16:29,
21.10.2022,13.,Tipsport extraliga,PCE – MHK,5:2,0,1,1,0,0,19:40,
18.10.2022,12.,Tipsport extraliga,LIT – PCE,0:1,0,0,0,0,0,19:47,
16.10.2022,11.,Tipsport extraliga,PCE – LIB,1:0,0,0,0,0,0,15:34,
13.10.2022,10.,Tipsport extraliga,KOM – PCE,4:3,0,1,1,0,2,16:33,
9.10.2022,9.,Tipsport extraliga,PCE – KVA,2:4,0,0,0,-1,0,17:54,
6.10.2022,8.,Tipsport extraliga,PCE – VIT,2:1,0,0,0,0,0,17:49,
2.10.2022,7.,Tipsport extraliga,PCE – CEB,6:1,1,1,2,1,0,15:27,
30.9.2022,6.,Tipsport extraliga,PCE – SPA,2:3,0,0,0,-1,0,14:52,
27.9.2022,5.,Tipsport extraliga,OLO – PCE,1:2,0,0,0,1,0,17:57,
25.9.2022,4.,Tipsport extraliga,PCE – MBL,2:3,0,0,0,0,0,15:34,
23.9.2022,3.,Tipsport extraliga,PLZ – PCE,1:4,0,0,0,0,0,17:22,
18.9.2022,2.,Tipsport extraliga,PCE – TRI,4:3,0,1,1,0,0,18:19,
16.9.2022,1.,Tipsport extraliga,KLA – PCE,4:5,0,2,2,1,2,20:29,
