datum,kolo,soutěž,zápas,skóre,G,A,B,+-,TM,TOI,
26.2.2023,50.,Tipsport extraliga,KVA – CEB,5:1,0,0,0,0,0,05:02,
22.2.2023,49.,Tipsport extraliga,CEB – LIB,3:4,0,0,0,-1,0,08:55,
19.2.2023,48.,Tipsport extraliga,VIT – CEB,1:4,1,0,1,1,0,09:50,
17.2.2023,47.,Tipsport extraliga,CEB – SPA,3:4,0,0,0,0,0,03:22,
15.2.2023,46.,Tipsport extraliga,CEB – PCE,3:7,0,0,0,-2,0,12:16,
5.2.2023,45.,Tipsport extraliga,OLO – CEB,3:2,0,0,0,0,0,16:17,
2.2.2023,44.,Tipsport extraliga,CEB – MHK,2:3,0,0,0,0,2,11:01,
29.1.2023,43.,Tipsport extraliga,LIT – CEB,1:0,0,0,0,0,0,14:02,
27.1.2023,42.,Tipsport extraliga,CEB – MBL,5:4,0,0,0,-2,0,10:41,
24.1.2023,41.,Tipsport extraliga,KOM – CEB,5:2,0,0,0,-1,0,12:49,
22.1.2023,40.,Tipsport extraliga,CEB – TRI,3:2,0,0,0,0,0,03:54,
20.1.2023,39.,Tipsport extraliga,CEB – PLZ,3:4,0,0,0,-1,0,07:06,
17.1.2023,21.,Tipsport extraliga,SPA – CEB,5:0,0,0,0,0,0,10:59,
15.1.2023,38.,Tipsport extraliga,CEB – KLA,6:2,0,0,0,0,0,10:18,
13.1.2023,37.,Tipsport extraliga,CEB – KVA,2:4,0,0,0,-1,0,07:48,
8.1.2023,36.,Tipsport extraliga,LIB – CEB,2:3,0,0,0,0,2,09:17,
6.1.2023,35.,Tipsport extraliga,CEB – VIT,0:2,0,0,0,-1,0,07:30,
3.1.2023,34.,Tipsport extraliga,SPA – CEB,5:3,0,0,0,-1,0,06:16,
30.12.2022,33.,Tipsport extraliga,PCE – CEB,4:1,0,0,0,-1,2,14:00,
28.12.2022,32.,Tipsport extraliga,CEB – OLO,4:2,0,1,1,0,2,12:06,
26.12.2022,31.,Tipsport extraliga,MHK – CEB,1:4,0,0,0,0,2,10:11,
22.12.2022,30.,Tipsport extraliga,CEB – LIT,2:5,0,0,0,0,0,13:09,
20.12.2022,29.,Tipsport extraliga,MBL – CEB,2:1,0,0,0,0,0,11:25,
11.12.2022,28.,Tipsport extraliga,CEB – KOM,3:1,0,0,0,0,0,11:48,
9.12.2022,27.,Tipsport extraliga,TRI – CEB,2:3,0,0,0,0,0,13:09,
4.12.2022,26.,Tipsport extraliga,PLZ – CEB,4:1,0,0,0,-1,0,12:17,
2.12.2022,25.,Tipsport extraliga,KLA – CEB,1:6,0,0,0,-1,0,13:55,
29.11.2022,24.,Tipsport extraliga,CEB – KVA,0:3,0,0,0,0,0,15:42,
27.11.2022,23.,Tipsport extraliga,CEB – LIB,4:1,0,0,0,1,0,13:51,
25.11.2022,22.,Tipsport extraliga,VIT – CEB,4:3,0,0,0,0,0,16:46,
17.11.2022,20.,Tipsport extraliga,CEB – PCE,2:4,0,0,0,-1,0,12:49,
6.11.2022,19.,Tipsport extraliga,OLO – CEB,3:1,0,0,0,0,2,15:27,
4.11.2022,18.,Tipsport extraliga,CEB – MHK,2:1,1,0,1,1,0,15:38,
1.11.2022,17.,Tipsport extraliga,LIT – CEB,6:4,0,0,0,-2,0,10:14,
30.10.2022,16.,Tipsport extraliga,CEB – MBL,3:0,0,0,0,0,2,12:40,
28.10.2022,15.,Tipsport extraliga,KOM – CEB,3:0,0,0,0,-1,0,12:58,
23.10.2022,14.,Tipsport extraliga,CEB – TRI,3:2,0,0,0,0,0,13:18,
20.10.2022,13.,Tipsport extraliga,CEB – PLZ,3:2,0,0,0,0,0,14:40,
18.10.2022,12.,Tipsport extraliga,KLA – CEB,2:1,0,0,0,0,0,16:12,
16.10.2022,11.,Tipsport extraliga,KVA – CEB,4:3,0,0,0,-1,2,13:05,
9.10.2022,9.,Tipsport extraliga,CEB – VIT,2:3,0,0,0,0,0,06:30,
7.10.2022,8.,Tipsport extraliga,CEB – SPA,2:3,0,0,0,0,0,07:32,
4.10.2022,10.,Tipsport extraliga,LIB – CEB,6:1,0,0,0,-1,0,09:21,
2.10.2022,7.,Tipsport extraliga,PCE – CEB,6:1,0,0,0,-1,0,10:56,
30.9.2022,6.,Tipsport extraliga,CEB – OLO,1:2,0,0,0,0,0,10:01,
27.9.2022,5.,Tipsport extraliga,MHK – CEB,3:1,0,0,0,0,0,09:58,
23.9.2022,3.,Tipsport extraliga,MBL – CEB,5:1,0,0,0,-1,0,13:34,
20.9.2022,4.,Tipsport extraliga,CEB – LIT,6:3,0,0,0,0,0,13:47,
18.9.2022,2.,Tipsport extraliga,CEB – KOM,6:2,0,0,0,1,0,12:05,
16.9.2022,1.,Tipsport extraliga,TRI – CEB,0:2,0,1,1,1,0,14:13,
