datum,kolo,soutěž,zápas,skóre,G,A,B,+-,TM,TOI,
26.2.2023,50.,Tipsport extraliga,KVA – CEB,5:1,0,0,0,1,0,10:43,
24.2.2023,49.,Tipsport extraliga,VIT – KVA,6:1,0,1,1,-2,0,20:26,
19.2.2023,48.,Tipsport extraliga,KVA – PCE,0:5,0,0,0,-2,2,16:04,
17.2.2023,47.,Tipsport extraliga,MBL – KVA,0:2,1,0,1,1,0,20:54,
15.2.2023,46.,Tipsport extraliga,KVA – SPA,3:6,0,0,0,0,0,21:54,
5.2.2023,45.,Tipsport extraliga,LIT – KVA,1:2,0,0,0,0,2,23:15,
3.2.2023,44.,Tipsport extraliga,KVA – PLZ,3:1,0,0,0,2,0,22:34,
31.1.2023,33.,Tipsport extraliga,SPA – KVA,6:3,0,1,1,-1,2,17:14,
29.1.2023,43.,Tipsport extraliga,OLO – KVA,3:4,0,0,0,0,0,22:57,
27.1.2023,42.,Tipsport extraliga,KVA – TRI,4:1,0,0,0,0,0,21:29,
24.1.2023,41.,Tipsport extraliga,MHK – KVA,3:0,0,0,0,0,0,22:37,
22.1.2023,40.,Tipsport extraliga,KVA – KOM,5:4,0,0,0,1,0,24:27,
20.1.2023,39.,Tipsport extraliga,KVA – KLA,4:2,0,0,0,2,0,24:41,
15.1.2023,38.,Tipsport extraliga,LIB – KVA,3:1,0,0,0,0,0,18:46,
13.1.2023,37.,Tipsport extraliga,CEB – KVA,2:4,0,0,0,1,0,20:51,
8.1.2023,36.,Tipsport extraliga,KVA – VIT,1:3,0,1,1,1,0,23:38,
6.1.2023,35.,Tipsport extraliga,PCE – KVA,7:4,0,0,0,-1,0,21:20,
3.1.2023,34.,Tipsport extraliga,KVA – MBL,4:1,0,2,2,1,0,16:46,
28.12.2022,32.,Tipsport extraliga,KVA – LIT,3:0,0,0,0,1,2,17:40,
26.12.2022,31.,Tipsport extraliga,PLZ – KVA,1:0,0,0,0,0,2,19:29,
22.12.2022,30.,Tipsport extraliga,KVA – OLO,0:3,0,0,0,-1,0,20:46,
20.12.2022,29.,Tipsport extraliga,TRI – KVA,4:2,0,0,0,-1,2,17:52,
11.12.2022,28.,Tipsport extraliga,KVA – MHK,1:4,0,0,0,-2,0,20:24,
9.12.2022,27.,Tipsport extraliga,KOM – KVA,2:3,0,0,0,-1,2,21:29,
4.12.2022,26.,Tipsport extraliga,KLA – KVA,4:1,0,0,0,0,0,18:22,
2.12.2022,25.,Tipsport extraliga,KVA – LIB,0:2,0,0,0,0,0,14:46,
29.11.2022,24.,Tipsport extraliga,MHK – MBL,0:2,0,0,0,0,0,08:25,
27.11.2022,23.,Tipsport extraliga,MBL – LIT,6:4,0,0,0,-1,0,08:11,
25.11.2022,22.,Tipsport extraliga,KOM – MBL,1:3,0,1,1,0,0,14:57,
20.11.2022,21.,Tipsport extraliga,KVA – MBL,4:3,0,0,0,1,2,14:44,
18.11.2022,20.,Tipsport extraliga,KLA – MBL,1:2,0,0,0,0,0,10:25,
4.11.2022,18.,Tipsport extraliga,LIB – MBL,6:2,0,0,0,-2,0,08:59,
1.11.2022,17.,Tipsport extraliga,MBL – PCE,0:1,0,0,0,0,0,14:18,
30.10.2022,16.,Tipsport extraliga,CEB – MBL,3:0,0,0,0,0,0,14:28,
28.10.2022,15.,Tipsport extraliga,MBL – OLO,2:3,0,0,0,0,0,14:54,
23.10.2022,14.,Tipsport extraliga,SPA – MBL,3:2,0,0,0,0,0,13:21,
21.10.2022,13.,Tipsport extraliga,MBL – TRI,2:3,0,0,0,0,0,06:58,
18.10.2022,12.,Tipsport extraliga,PLZ – MBL,1:2,0,0,0,1,0,16:58,
16.10.2022,11.,Tipsport extraliga,MBL – MHK,0:2,0,0,0,0,0,07:53,
14.10.2022,10.,Tipsport extraliga,LIT – MBL,3:4,0,0,0,0,0,10:47,
9.10.2022,9.,Tipsport extraliga,MBL – KOM,3:2,0,0,0,1,0,13:10,
6.10.2022,8.,Tipsport extraliga,MBL – KVA,0:1,0,0,0,0,2,12:50,
2.10.2022,7.,Tipsport extraliga,MBL – KLA,4:0,0,1,1,1,2,11:18,
29.9.2022,6.,Tipsport extraliga,VIT – MBL,4:0,0,0,0,0,2,13:24,
27.9.2022,5.,Tipsport extraliga,MBL – LIB,2:1,0,0,0,-1,0,17:00,
25.9.2022,4.,Tipsport extraliga,PCE – MBL,2:3,0,0,0,-1,0,17:35,
23.9.2022,3.,Tipsport extraliga,MBL – CEB,5:1,0,0,0,1,0,16:12,
18.9.2022,2.,Tipsport extraliga,OLO – MBL,2:1,0,0,0,-1,0,14:02,
16.9.2022,1.,Tipsport extraliga,MBL – SPA,4:2,1,1,2,2,0,13:27,
