datum,kolo,soutěž,zápas,skóre,G,A,B,+-,TM,TOI,
26.2.2023,50.,Tipsport extraliga,KOM – OLO,1:0,0,0,0,0,0,03:32,
24.2.2023,49.,Tipsport extraliga,OLO – MHK,0:4,0,0,0,0,0,13:41,
20.2.2023,47.,CHANCE LIGA,SOK – JIH,1:2,0,0,0,0,0,33:28,
19.2.2023,48.,Tipsport extraliga,KLA – OLO,4:5,0,0,0,0,0,09:53,
17.2.2023,47.,Tipsport extraliga,OLO – LIB,2:3,0,0,0,-1,0,05:32,
13.2.2023,46.,CHANCE LIGA,JIH – LTM,3:2,0,0,0,-1,0,15:10,
4.2.2023,45.,CHANCE LIGA,VSE – JIH,2:5,0,2,2,1,0,14:08,
1.2.2023,44.,CHANCE LIGA,JIH – PRO,3:6,1,0,1,-1,0,17:59,
30.1.2023,43.,CHANCE LIGA,JIH – SUM,5:0,1,0,1,2,4,17:49,
28.1.2023,42.,CHANCE LIGA,ZLN – JIH,4:1,0,0,0,-1,0,18:59,
25.1.2023,41.,CHANCE LIGA,JIH – FRM,7:1,0,0,0,0,2,17:33,
21.1.2023,40.,CHANCE LIGA,POR – JIH,4:0,0,0,0,-1,0,16:10,
18.1.2023,39.,CHANCE LIGA,SLA – JIH,3:2,0,0,0,0,4,17:10,
14.1.2023,38.,CHANCE LIGA,JIH – PCE,1:4,0,1,1,0,2,19:45,
11.1.2023,37.,CHANCE LIGA,PRE – JIH,4:3,0,0,0,-1,0,17:59,
6.1.2023,,MS 20 – 2023 – play off,CZE – CAN,2:3,0,0,0,0,,-,
4.1.2023,,MS 20 – 2023 – play off,CZE – SWE,2:1,0,0,0,0,,-,
2.1.2023,,MS 20 – 2023 – play off,CZE – SUI,9:1,0,0,0,0,2,-,
31.12.2022,,MS 20 – 2023 – sk. A,CZE – GER,8:1,0,0,0,0,,-,
29.12.2022,,MS 20 – 2023 – sk. A,SWE – CZE,3:2,0,0,0,0,,-,
28.12.2022,,MS 20 – 2023 – sk. A,AUT – CZE,0:9,0,0,0,0,,-,
27.12.2022,,MS 20 – 2023 – sk. A,CZE – CAN,5:2,1,0,1,0,,-,
23.12.2022,,Reprezentace 20 – příp.,SUI – CZE,4:2,0,0,0,0,,-,
21.12.2022,,Reprezentace 20 – příp.,CZE – LAT,6:3,0,0,0,0,,-,
10.12.2022,29.,CHANCE LIGA,JIH – ZLN,4:3,0,0,0,1,0,20:08,
7.12.2022,28.,CHANCE LIGA,FRM – JIH,1:4,0,0,0,0,2,18:35,
4.12.2022,26.,Tipsport extraliga,LIT – OLO,5:3,0,0,0,-1,0,14:57,
2.12.2022,25.,Tipsport extraliga,OLO – TRI,4:2,0,0,0,-1,0,10:23,
29.11.2022,24.,Tipsport extraliga,KOM – OLO,1:0,0,0,0,0,0,09:36,
27.11.2022,23.,Tipsport extraliga,OLO – MHK,5:0,0,0,0,0,0,11:50,
25.11.2022,22.,Tipsport extraliga,KLA – OLO,5:2,0,0,0,-1,0,10:02,
22.11.2022,12.,Tipsport extraliga,TRI – OLO,2:3,0,0,0,0,0,10:13,
20.11.2022,21.,Tipsport extraliga,OLO – LIB,4:1,0,0,0,-1,0,11:22,
18.11.2022,20.,Tipsport extraliga,VIT – OLO,3:0,0,0,0,-1,0,07:38,
15.11.2022,4.,Tipsport extraliga,KVA – OLO,3:2,0,0,0,0,0,08:57,
13.11.2022,,Turnaj pěti v Porubě – 20,CZE – FIN,0:4,0,0,0,-2,4,16:03,
12.11.2022,,Turnaj pěti v Porubě – 20,CZE – FIN,6:3,0,1,1,1,0,17:13,
10.11.2022,,Turnaj pěti v Porubě – 20,CZE – SWE,3:4,0,1,1,2,0,19:57,
6.11.2022,19.,Tipsport extraliga,OLO – CEB,3:1,0,0,0,1,0,16:28,
3.11.2022,18.,Tipsport extraliga,PCE – OLO,3:0,0,0,0,0,0,08:18,
1.11.2022,17.,Tipsport extraliga,OLO – KVA,2:0,0,0,0,0,0,13:02,
30.10.2022,16.,Tipsport extraliga,SPA – OLO,2:5,0,0,0,1,0,12:27,
28.10.2022,15.,Tipsport extraliga,MBL – OLO,2:3,0,0,0,0,0,15:04,
23.10.2022,14.,Tipsport extraliga,OLO – PLZ,1:4,0,0,0,0,0,12:51,
21.10.2022,13.,Tipsport extraliga,OLO – LIT,5:3,0,1,1,0,0,13:11,
16.10.2022,11.,Tipsport extraliga,OLO – KOM,2:3,0,0,0,-1,0,14:11,
14.10.2022,10.,Tipsport extraliga,MHK – OLO,0:3,0,0,0,0,0,17:15,
9.10.2022,9.,Tipsport extraliga,OLO – KLA,3:0,0,0,0,0,0,15:12,
7.10.2022,8.,Tipsport extraliga,LIB – OLO,6:2,0,0,0,0,0,14:02,
2.10.2022,7.,Tipsport extraliga,OLO – VIT,5:4,0,1,1,2,2,17:01,
1.10.2022,7.,CHANCE LIGA,LTM – JIH,5:3,1,0,1,1,0,13:33,
27.9.2022,5.,Tipsport extraliga,OLO – PCE,1:2,0,0,0,0,2,10:58,
22.9.2022,3.,Tipsport extraliga,OLO – SPA,4:0,0,0,0,1,2,14:10,
18.9.2022,2.,Tipsport extraliga,OLO – MBL,2:1,1,0,1,1,2,13:39,
16.9.2022,1.,Tipsport extraliga,PLZ – OLO,1:2,0,0,0,1,0,17:05,
