datum,kolo,soutěž,zápas,skóre,G,A,B,+-,TM,TOI,
24.2.2023,37.,Liga juniorů,SAL – CEB,4:3,0,0,0,2,0,-,
17.2.2023,35.,Liga juniorů,CEB – KLA,9:2,0,1,1,3,0,-,
5.2.2023,34.,Liga juniorů,CHM – CEB,2:6,0,0,0,0,2,-,
3.2.2023,33.,Liga juniorů,POR – CEB,5:2,0,0,0,1,2,-,
29.1.2023,32.,Liga juniorů,PIS – CEB,4:2,0,0,0,0,2,-,
27.1.2023,31.,Liga juniorů,CEB – SLA,2:4,0,0,0,-2,2,-,
22.1.2023,30.,Liga juniorů,CEB – CHR,4:2,0,1,1,2,0,-,
21.1.2023,3.,2. liga – Západ – nadstavba sk. B,PIS – HRO,3:0,0,0,0,0,0,-,
19.1.2023,12.,Liga juniorů,CEB – POR,6:1,0,0,0,0,2,-,
14.1.2023,28.,Liga juniorů,CEB – SAL,2:5,0,0,0,1,2,-,
13.1.2023,27.,Liga juniorů,CEB – HBR,0:2,0,0,0,5,0,-,
8.1.2023,26.,Liga juniorů,HAV – CEB,1:7,0,0,0,0,0,-,
6.1.2023,25.,Liga juniorů,KLA – CEB,7:2,0,0,0,0,0,-,
17.12.2022,24.,Liga juniorů,CEB – VSE,4:1,0,0,0,0,4,-,
16.12.2022,23.,Liga juniorů,CEB – CHM,5:2,0,0,0,1,0,-,
14.12.2022,25.,2. liga – Západ – z. č.,DEC – HRO,2:3,0,0,0,0,0,-,
9.12.2022,21.,Liga juniorů,SLA – CEB,1:5,0,0,0,0,0,-,
4.12.2022,26.,Tipsport extraliga,PLZ – CEB,4:1,0,0,0,0,0,00:57,
26.11.2022,18.,Liga juniorů,CEB – SAL,5:3,1,1,2,1,0,-,
25.11.2022,17.,Liga juniorů,HBR – CEB,4:3,0,0,0,0,4,-,
23.11.2022,19.,2. liga – Západ – z. č.,UNL – HRO,7:2,0,0,0,-2,4,-,
20.11.2022,16.,Liga juniorů,CEB – SUM,4:2,0,0,0,2,0,-,
17.11.2022,15.,Liga juniorů,PRE – CEB,2:5,0,0,0,0,0,-,
12.11.2022,16.,2. liga – Západ – z. č.,PRI – HRO,0:4,0,0,0,0,2,-,
5.11.2022,14.,2. liga – Západ – z. č.,CHM – HRO,8:4,0,0,0,0,0,-,
3.11.2022,14.,Liga juniorů,CEB – KLA,4:0,0,0,0,2,0,-,
26.10.2022,11.,2. liga – Západ – z. č.,HRO – DEC,5:4,0,0,0,0,0,-,
9.10.2022,9.,Liga juniorů,CEB – SLA,4:5,0,0,0,-2,25,-,
5.10.2022,6.,Liga juniorů,SAL – CEB,2:5,0,1,1,3,2,-,
2.10.2022,7.,Liga juniorů,CEB – HAV,5:1,0,1,1,2,2,-,
28.9.2022,5.,Liga juniorů,VSE – CEB,4:1,0,0,0,0,4,-,
23.9.2022,3.,Liga juniorů,KLA – CEB,4:8,0,1,1,-1,0,-,
18.9.2022,2.,Liga juniorů,CEB – TEC,4:1,0,0,0,1,0,-,
16.9.2022,1.,Liga juniorů,CEB – CHM,2:4,0,0,0,-2,2,-,
