datum,kolo,soutěž,zápas,skóre,G,A,B,+-,TM,TOI,
26.2.2023,50.,Tipsport extraliga,KVA – CEB,5:1,0,0,0,1,0,08:29,
24.2.2023,49.,Tipsport extraliga,VIT – KVA,6:1,0,0,0,-2,0,16:45,
19.2.2023,48.,Tipsport extraliga,KVA – PCE,0:5,0,0,0,0,0,13:50,
17.2.2023,47.,Tipsport extraliga,MBL – KVA,0:2,0,0,0,0,0,14:59,
15.2.2023,46.,Tipsport extraliga,KVA – SPA,3:6,0,1,1,0,0,15:20,
12.2.2023,,Turnaj čtyř ve Finsku – 18,CZE – USA,1:9,0,0,0,0,,-,
11.2.2023,,Turnaj čtyř ve Finsku – 18,SWE – CZE,3:1,1,0,1,0,,-,
10.2.2023,,Turnaj čtyř ve Finsku – 18,FIN – CZE,4:2,0,0,0,0,,-,
4.2.2023,46.,DHL ELJ,KVA – ZLN,4:1,1,0,1,1,0,-,
3.2.2023,45.,DHL ELJ,KVA – OLO,4:0,0,0,0,0,2,-,
31.1.2023,33.,DHL ELJ,KVA – LIT,9:3,1,2,3,4,0,-,
28.1.2023,44.,DHL ELJ,MHK – KVA,3:4,0,0,0,-1,4,-,
27.1.2023,43.,DHL ELJ,PCE – KVA,1:7,2,0,2,2,0,-,
21.1.2023,42.,DHL ELJ,SPA – KVA,4:3,0,0,0,0,2,-,
20.1.2023,41.,DHL ELJ,PLZ – KVA,2:1,0,0,0,-2,0,-,
14.1.2023,40.,DHL ELJ,KVA – VIT,0:1,0,0,0,0,0,-,
13.1.2023,39.,DHL ELJ,KVA – TRI,0:3,0,0,0,-2,0,-,
7.1.2023,38.,DHL ELJ,KVA – JIH,3:4,0,0,0,-1,0,-,
6.1.2023,37.,DHL ELJ,KVA – KOM,2:1,0,0,0,0,0,-,
3.1.2023,36.,DHL ELJ,LIB – KVA,0:2,1,0,1,1,0,-,
2.1.2023,35.,DHL ELJ,MBL – KVA,1:4,0,1,1,2,2,-,
29.12.2022,,Turnaj pěti v Zuchwilu – 18,SUI – CZE,3:2,0,0,0,0,,-,
28.12.2022,,Turnaj pěti v Zuchwilu – 18,CZE – SVK,5:2,0,0,0,0,,-,
27.12.2022,,Turnaj pěti v Zuchwilu – 18,CZE – FIN,3:1,0,0,0,0,,-,
26.12.2022,,Turnaj pěti v Zuchwilu – 18,GER – CZE,2:3,0,0,0,0,,-,
14.12.2022,32.,DHL ELJ,ZLN – KVA,4:3,0,0,0,1,0,-,
13.12.2022,31.,DHL ELJ,OLO – KVA,0:3,0,0,0,0,0,-,
10.12.2022,30.,DHL ELJ,KVA – MHK,2:3,0,0,0,-1,2,-,
9.12.2022,29.,DHL ELJ,KVA – PCE,4:3,0,0,0,1,0,-,
6.12.2022,20.,DHL ELJ,LIT – KVA,0:5,0,0,0,2,0,-,
5.12.2022,27.,DHL ELJ,KVA – PLZ,2:0,0,0,0,0,0,-,
3.12.2022,28.,DHL ELJ,KVA – SPA,5:1,0,0,0,2,0,-,
26.11.2022,26.,DHL ELJ,VIT – KVA,5:2,0,0,0,-3,2,-,
25.11.2022,25.,DHL ELJ,TRI – KVA,3:1,0,0,0,-3,0,-,
21.11.2022,24.,DHL ELJ,JIH – KVA,1:4,0,1,1,1,0,-,
20.11.2022,23.,DHL ELJ,KOM – KVA,2:1,0,0,0,-1,0,-,
17.11.2022,22.,DHL ELJ,KVA – LIB,5:3,0,5,5,1,2,-,
16.11.2022,21.,DHL ELJ,KVA – MBL,1:2,0,0,0,0,2,-,
12.11.2022,,Turnaj pěti v Plymouthu – 18,CZE – FIN,0:1,0,0,0,0,,-,
11.11.2022,,Turnaj pěti v Plymouthu – 18,CZE – SWE,3:5,0,0,0,0,,-,
11.11.2022,,Turnaj pěti v Plymouthu – 18,SUI – CZE,4:2,0,0,0,0,2,-,
9.11.2022,,Turnaj pěti v Plymouthu – 18,USA – CZE,6:1,0,0,0,0,,-,
8.10.2022,12.,DHL ELJ,KVA – VIT,4:2,1,0,1,0,0,-,
7.10.2022,11.,DHL ELJ,KVA – TRI,4:3,0,2,2,0,0,-,
23.9.2022,7.,DHL ELJ,MBL – KVA,2:1,0,0,0,0,0,-,
16.9.2022,6.,DHL ELJ,KVA – LIT,3:2,0,0,0,0,0,-,
10.9.2022,4.,DHL ELJ,ZLN – KVA,5:2,1,0,1,-3,0,-,
9.9.2022,3.,DHL ELJ,OLO – KVA,3:7,0,1,1,1,2,-,
4.9.2022,1.,DHL ELJ,KVA – PCE,4:3,0,1,1,0,2,-,
3.9.2022,2.,DHL ELJ,KVA – MHK,4:0,0,0,0,0,0,-,
6.8.2022,,Hlinka Gretzky Cup – play off,CZE – FIN,1:3,0,0,0,0,,-,
6.8.2022,,Hlinka Gretzky Cup – play off,CZE – SWE,2:6,0,0,0,0,,-,
3.8.2022,,Hlinka Gretzky Cup – sk. B,CZE – USA,3:1,0,0,0,0,,-,
2.8.2022,,Hlinka Gretzky Cup – sk. B,CZE – GER,7:2,1,2,3,0,,-,
31.7.2022,,Hlinka Gretzky Cup – sk. B,CZE – FIN,4:3,0,1,1,0,,-,
29.7.2022,,Reprezentace 18 – příp.,CZE – SWE,4:2,0,0,0,0,,-,
24.7.2022,,Reprezentace 18 – příp.,SUI – CZE,2:3,0,0,0,0,2,-,
23.7.2022,,Reprezentace 18 – příp.,SUI – CZE,1:6,0,0,0,0,,-,
22.7.2022,,Reprezentace 18 – příp.,SUI – CZE,0:3,0,0,0,0,,-,
