datum,kolo,soutěž,zápas,skóre,G,A,B,+-,TM,TOI,
15.1.2023,38.,Tipsport extraliga,PLZ – MBL,3:2,0,0,0,1,0,07:29,
8.1.2023,36.,Tipsport extraliga,LIT – MBL,4:3,0,0,0,-1,0,06:45,
6.1.2023,35.,Tipsport extraliga,MBL – KOM,7:3,0,0,0,1,2,09:05,
3.1.2023,34.,Tipsport extraliga,KVA – MBL,4:1,1,0,1,1,0,09:31,
30.12.2022,33.,Tipsport extraliga,MBL – KLA,1:2,0,0,0,-1,0,11:56,
28.12.2022,32.,Tipsport extraliga,VIT – MBL,5:2,0,0,0,-1,0,11:21,
26.12.2022,31.,Tipsport extraliga,MBL – LIB,3:7,0,0,0,-3,0,16:42,
22.12.2022,30.,Tipsport extraliga,PCE – MBL,2:1,0,0,0,0,0,13:00,
11.12.2022,28.,Tipsport extraliga,OLO – MBL,2:0,0,0,0,0,0,16:07,
9.12.2022,27.,Tipsport extraliga,MBL – SPA,1:2,0,0,0,0,0,17:12,
4.12.2022,26.,Tipsport extraliga,TRI – MBL,3:0,0,0,0,0,0,15:39,
1.12.2022,25.,Tipsport extraliga,MBL – PLZ,0:1,0,0,0,-1,0,15:08,
29.11.2022,24.,Tipsport extraliga,MHK – MBL,0:2,0,0,0,0,2,14:07,
27.11.2022,23.,Tipsport extraliga,MBL – LIT,6:4,1,2,3,1,0,17:26,
25.11.2022,22.,Tipsport extraliga,KOM – MBL,1:3,0,0,0,0,0,11:39,
20.11.2022,21.,Tipsport extraliga,KVA – MBL,4:3,0,0,0,0,0,14:32,
18.11.2022,20.,Tipsport extraliga,KLA – MBL,1:2,1,0,1,1,0,17:49,
4.11.2022,18.,Tipsport extraliga,LIB – MBL,6:2,0,0,0,-1,0,11:35,
1.11.2022,17.,Tipsport extraliga,MBL – PCE,0:1,0,0,0,0,0,10:37,
30.10.2022,16.,Tipsport extraliga,CEB – MBL,3:0,0,0,0,0,0,11:09,
28.10.2022,15.,Tipsport extraliga,MBL – OLO,2:3,0,0,0,-1,0,15:26,
23.10.2022,14.,Tipsport extraliga,SPA – MBL,3:2,0,0,0,0,0,14:27,
21.10.2022,13.,Tipsport extraliga,MBL – TRI,2:3,0,0,0,0,2,13:23,
18.10.2022,12.,Tipsport extraliga,PLZ – MBL,1:2,0,0,0,1,0,11:12,
16.10.2022,11.,Tipsport extraliga,MBL – MHK,0:2,0,0,0,-1,0,13:59,
14.10.2022,10.,Tipsport extraliga,LIT – MBL,3:4,1,0,1,1,2,12:37,
9.10.2022,9.,Tipsport extraliga,MBL – KOM,3:2,0,0,0,-1,0,10:22,
6.10.2022,8.,Tipsport extraliga,MBL – KVA,0:1,0,0,0,0,0,11:39,
2.10.2022,7.,Tipsport extraliga,MBL – KLA,4:0,1,0,1,1,2,10:03,
29.9.2022,6.,Tipsport extraliga,VIT – MBL,4:0,0,0,0,-1,0,18:08,
27.9.2022,5.,Tipsport extraliga,MBL – LIB,2:1,0,0,0,0,2,10:47,
25.9.2022,4.,Tipsport extraliga,PCE – MBL,2:3,1,0,1,0,0,12:38,
