datum,kolo,soutěž,zápas,skóre,G,A,B,+-,TM,TOI,
25.2.2023,50.,CHANCE LIGA,ZLN – PCE,1:0,0,0,0,0,0,14:41,
22.2.2023,49.,CHANCE LIGA,PCE – POR,5:4,0,0,0,0,0,17:59,
18.2.2023,48.,CHANCE LIGA,PCE – FRM,4:3,0,0,0,-1,0,19:00,
15.2.2023,47.,CHANCE LIGA,KOL – PCE,4:2,0,0,0,0,0,17:43,
13.2.2023,46.,CHANCE LIGA,PCE – PRE,6:4,0,1,1,0,0,18:59,
4.2.2023,45.,CHANCE LIGA,TRE – PCE,3:1,0,0,0,-1,0,20:05,
1.2.2023,44.,CHANCE LIGA,PCE – SLA,1:0,0,0,0,0,0,18:49,
30.1.2023,43.,CHANCE LIGA,PRO – PCE,4:5,0,1,1,-3,0,17:37,
28.1.2023,42.,CHANCE LIGA,PCE – VSE,1:3,0,0,0,-2,2,18:12,
24.1.2023,41.,Tipsport extraliga,TRI – PCE,0:4,0,0,0,2,0,17:50,
22.1.2023,40.,Tipsport extraliga,PCE – KLA,4:2,0,0,0,0,0,15:16,
20.1.2023,39.,Tipsport extraliga,PCE – MHK,4:1,0,0,0,0,0,11:44,
18.1.2023,39.,CHANCE LIGA,PCE – SUM,5:1,0,0,0,1,0,19:04,
14.1.2023,38.,CHANCE LIGA,JIH – PCE,1:4,0,0,0,1,0,19:51,
10.1.2023,32.,Tipsport extraliga,PCE – SPA,0:3,0,0,0,-1,0,17:12,
8.1.2023,36.,Tipsport extraliga,KOM – PCE,1:4,0,0,0,0,0,14:50,
6.1.2023,35.,Tipsport extraliga,PCE – KVA,7:4,1,1,2,1,0,16:57,
3.1.2023,34.,Tipsport extraliga,VIT – PCE,2:3,0,0,0,-1,0,14:46,
30.12.2022,33.,Tipsport extraliga,PCE – CEB,4:1,0,0,0,2,0,14:32,
27.12.2022,32.,CHANCE LIGA,PCE – TRE,2:5,0,0,0,0,0,19:08,
21.12.2022,31.,CHANCE LIGA,SLA – PCE,5:3,0,0,0,1,0,19:59,
11.12.2022,28.,Tipsport extraliga,PCE – TRI,0:3,0,0,0,-1,2,15:45,
6.12.2022,25.,Tipsport extraliga,PCE – LIT,1:0,0,0,0,0,0,19:09,
4.12.2022,26.,Tipsport extraliga,MHK – PCE,4:0,0,0,0,-1,0,05:08,
3.12.2022,26.,CHANCE LIGA,SUM – PCE,4:3,1,0,1,0,0,19:06,
30.11.2022,25.,CHANCE LIGA,PCE – JIH,2:4,0,0,0,-1,2,17:04,
26.11.2022,24.,CHANCE LIGA,ZLN – PCE,2:3,0,0,0,0,0,19:59,
23.11.2022,23.,CHANCE LIGA,PCE – POR,2:3,0,1,1,1,,18:40,
19.11.2022,22.,CHANCE LIGA,PCE – FRM,2:4,0,0,0,-3,2,18:29,
17.11.2022,20.,Tipsport extraliga,CEB – PCE,2:4,0,0,0,1,0,15:18,
14.11.2022,20.,CHANCE LIGA,PCE – PRE,1:3,0,0,0,-2,4,19:45,
6.11.2022,19.,Tipsport extraliga,SPA – PCE,2:3,0,0,0,-1,0,23:16,
3.11.2022,18.,Tipsport extraliga,PCE – OLO,3:0,0,0,0,1,0,12:17,
22.10.2022,14.,CHANCE LIGA,PCE – SOK,3:4,1,0,1,0,0,08:49,
19.10.2022,13.,CHANCE LIGA,PCE – SUM,3:2,0,0,0,0,2,16:14,
18.10.2022,12.,Tipsport extraliga,LIT – PCE,0:1,0,0,0,0,0,02:45,
15.10.2022,12.,CHANCE LIGA,JIH – PCE,3:2,0,0,0,0,0,19:53,
13.10.2022,10.,Tipsport extraliga,KOM – PCE,4:3,0,0,0,0,0,02:14,
12.10.2022,11.,CHANCE LIGA,PCE – ZLN,2:3,0,0,0,-1,0,22:48,
9.10.2022,9.,Tipsport extraliga,PCE – KVA,2:4,0,0,0,-2,0,14:43,
6.10.2022,8.,Tipsport extraliga,PCE – VIT,2:1,0,0,0,-1,0,13:37,
2.10.2022,7.,Tipsport extraliga,PCE – CEB,6:1,0,0,0,2,0,15:15,
30.9.2022,6.,Tipsport extraliga,PCE – SPA,2:3,0,0,0,-1,0,15:50,
27.9.2022,5.,Tipsport extraliga,OLO – PCE,1:2,0,0,0,0,0,17:32,
25.9.2022,4.,Tipsport extraliga,PCE – MBL,2:3,0,0,0,0,0,15:41,
23.9.2022,3.,Tipsport extraliga,PLZ – PCE,1:4,0,1,1,2,0,17:46,
18.9.2022,2.,Tipsport extraliga,PCE – TRI,4:3,0,0,0,0,2,13:34,
16.9.2022,1.,Tipsport extraliga,KLA – PCE,4:5,0,0,0,-1,2,15:25,
