datum,kolo,soutěž,zápas,skóre,G,A,B,+-,TM,TOI,
22.1.2023,40.,Tipsport extraliga,OLO – PLZ,3:2,0,0,0,0,0,00:16,
20.1.2023,39.,Tipsport extraliga,OLO – LIT,1:8,0,0,0,-4,0,13:02,
17.1.2023,38.,Tipsport extraliga,TRI – OLO,1:3,0,0,0,0,0,16:25,
11.1.2023,37.,Tipsport extraliga,OLO – KOM,1:4,0,0,0,1,0,14:19,
8.1.2023,36.,Tipsport extraliga,MHK – OLO,5:4,0,1,1,1,0,21:39,
6.1.2023,35.,Tipsport extraliga,OLO – KLA,6:2,0,3,3,2,0,17:02,
3.1.2023,34.,Tipsport extraliga,LIB – OLO,6:1,0,0,0,-1,0,16:48,
28.12.2022,32.,Tipsport extraliga,CEB – OLO,4:2,0,0,0,-1,0,18:58,
26.12.2022,31.,Tipsport extraliga,OLO – PCE,3:2,0,0,0,-1,0,15:10,
22.12.2022,30.,Tipsport extraliga,KVA – OLO,0:3,0,0,0,0,0,14:28,
20.12.2022,29.,Tipsport extraliga,OLO – SPA,0:1,0,0,0,0,0,14:42,
27.11.2022,23.,Tipsport extraliga,OLO – MHK,5:0,0,1,1,2,5,10:31,
25.11.2022,22.,Tipsport extraliga,KLA – OLO,5:2,0,0,0,0,0,17:49,
22.11.2022,12.,Tipsport extraliga,TRI – OLO,2:3,0,1,1,2,0,16:24,
20.11.2022,21.,Tipsport extraliga,OLO – LIB,4:1,1,0,1,0,2,14:52,
18.11.2022,20.,Tipsport extraliga,VIT – OLO,3:0,0,0,0,0,0,15:33,
15.11.2022,4.,Tipsport extraliga,KVA – OLO,3:2,0,0,0,-1,0,17:35,
6.11.2022,19.,Tipsport extraliga,OLO – CEB,3:1,1,0,1,1,0,18:41,
3.11.2022,18.,Tipsport extraliga,PCE – OLO,3:0,0,0,0,0,0,19:46,
1.11.2022,17.,Tipsport extraliga,OLO – KVA,2:0,0,0,0,0,0,12:55,
30.10.2022,16.,Tipsport extraliga,SPA – OLO,2:5,0,1,1,1,0,12:24,
28.10.2022,15.,Tipsport extraliga,MBL – OLO,2:3,0,0,0,1,2,18:01,
23.10.2022,14.,Tipsport extraliga,OLO – PLZ,1:4,0,0,0,-1,0,15:12,
21.10.2022,13.,Tipsport extraliga,OLO – LIT,5:3,0,0,0,3,2,13:09,
16.10.2022,11.,Tipsport extraliga,OLO – KOM,2:3,0,1,1,-1,0,19:30,
14.10.2022,10.,Tipsport extraliga,MHK – OLO,0:3,0,0,0,0,2,16:50,
9.10.2022,9.,Tipsport extraliga,OLO – KLA,3:0,0,0,0,0,0,14:19,
7.10.2022,8.,Tipsport extraliga,LIB – OLO,6:2,1,0,1,-1,0,16:23,
2.10.2022,7.,Tipsport extraliga,OLO – VIT,5:4,0,1,1,1,0,18:07,
30.9.2022,6.,Tipsport extraliga,CEB – OLO,1:2,0,0,0,0,0,16:05,
27.9.2022,5.,Tipsport extraliga,OLO – PCE,1:2,0,0,0,0,0,16:36,
22.9.2022,3.,Tipsport extraliga,OLO – SPA,4:0,0,0,0,1,0,16:11,
18.9.2022,2.,Tipsport extraliga,OLO – MBL,2:1,0,0,0,0,0,08:27,
16.9.2022,1.,Tipsport extraliga,PLZ – OLO,1:2,0,0,0,0,0,10:59,
