datum,kolo,soutěž,zápas,skóre,G,A,B,+-,TM,TOI,
26.2.2023,50.,Tipsport extraliga,KVA – CEB,5:1,0,0,0,-3,0,09:06,
22.2.2023,49.,Tipsport extraliga,CEB – LIB,3:4,0,1,1,1,0,16:19,
19.2.2023,48.,Tipsport extraliga,VIT – CEB,1:4,1,0,1,1,0,19:26,
17.2.2023,47.,Tipsport extraliga,CEB – SPA,3:4,0,0,0,-1,0,17:37,
15.2.2023,46.,Tipsport extraliga,CEB – PCE,3:7,0,0,0,-2,0,19:03,
5.2.2023,45.,Tipsport extraliga,OLO – CEB,3:2,0,0,0,-1,0,18:10,
2.2.2023,44.,Tipsport extraliga,CEB – MHK,2:3,0,0,0,-1,0,16:46,
29.1.2023,43.,Tipsport extraliga,LIT – CEB,1:0,0,0,0,0,0,19:43,
27.1.2023,42.,Tipsport extraliga,CEB – MBL,5:4,1,0,1,0,2,17:37,
24.1.2023,41.,Tipsport extraliga,KOM – CEB,5:2,1,0,1,-2,0,17:28,
22.1.2023,40.,Tipsport extraliga,CEB – TRI,3:2,0,0,0,1,0,18:46,
20.1.2023,39.,Tipsport extraliga,CEB – PLZ,3:4,1,0,1,-1,2,17:36,
17.1.2023,21.,Tipsport extraliga,SPA – CEB,5:0,0,0,0,-2,0,17:01,
15.1.2023,38.,Tipsport extraliga,CEB – KLA,6:2,0,0,0,-2,0,18:26,
13.1.2023,37.,Tipsport extraliga,CEB – KVA,2:4,0,0,0,-1,0,15:27,
4.11.2022,18.,Tipsport extraliga,CEB – MHK,2:1,0,0,0,1,0,19:56,
