datum,kolo,soutěž,zápas,skóre,G,A,B,+-,TM,TOI,
15.1.2023,38.,Tipsport extraliga,KOM – VIT,2:5,0,0,0,-1,2,04:52,
13.1.2023,18.,Tipsport extraliga,TRI – KOM,6:1,0,0,0,-2,0,17:04,
11.1.2023,37.,Tipsport extraliga,OLO – KOM,1:4,0,0,0,0,0,11:32,
8.1.2023,36.,Tipsport extraliga,KOM – PCE,1:4,0,0,0,0,0,03:35,
6.1.2023,35.,Tipsport extraliga,MBL – KOM,7:3,0,1,1,-2,0,12:30,
3.1.2023,34.,Tipsport extraliga,KOM – LIT,3:1,0,0,0,0,0,17:31,
30.12.2022,33.,Tipsport extraliga,PLZ – KOM,5:2,0,0,0,-1,0,15:48,
28.12.2022,32.,Tipsport extraliga,KOM – MHK,2:3,0,0,0,-1,2,20:25,
26.12.2022,31.,Tipsport extraliga,TRI – KOM,7:2,0,0,0,0,2,16:00,
22.12.2022,30.,Tipsport extraliga,LIB – KOM,2:1,0,0,0,-2,0,18:05,
20.12.2022,29.,Tipsport extraliga,KOM – KLA,3:2,0,0,0,0,0,16:33,
11.12.2022,28.,Tipsport extraliga,CEB – KOM,3:1,0,0,0,-1,0,16:13,
9.12.2022,27.,Tipsport extraliga,KOM – KVA,2:3,0,0,0,-2,2,17:39,
4.12.2022,26.,Tipsport extraliga,KOM – SPA,2:6,0,0,0,-1,2,14:05,
2.12.2022,25.,Tipsport extraliga,VIT – KOM,4:1,0,0,0,0,0,16:34,
29.11.2022,24.,Tipsport extraliga,KOM – OLO,1:0,0,0,0,0,0,18:26,
27.11.2022,23.,Tipsport extraliga,PCE – KOM,4:3,0,0,0,1,2,17:17,
25.11.2022,22.,Tipsport extraliga,KOM – MBL,1:3,0,0,0,-2,0,18:21,
22.11.2022,17.,Tipsport extraliga,KOM – LIB,0:5,0,0,0,-2,0,17:14,
20.11.2022,21.,Tipsport extraliga,LIT – KOM,5:1,0,0,0,1,0,18:32,
18.11.2022,20.,Tipsport extraliga,KOM – PLZ,3:1,0,0,0,0,0,17:28,
6.11.2022,19.,Tipsport extraliga,MHK – KOM,5:1,0,0,0,0,0,11:40,
30.10.2022,16.,Tipsport extraliga,KLA – KOM,3:5,0,0,0,1,0,17:07,
28.10.2022,15.,Tipsport extraliga,KOM – CEB,3:0,0,0,0,0,0,14:54,
23.10.2022,14.,Tipsport extraliga,KVA – KOM,2:3,0,0,0,-2,0,13:45,
21.10.2022,13.,Tipsport extraliga,SPA – KOM,2:3,0,0,0,0,0,17:33,
18.10.2022,12.,Tipsport extraliga,KOM – VIT,2:1,0,0,0,-1,0,12:31,
16.10.2022,11.,Tipsport extraliga,OLO – KOM,2:3,0,0,0,0,2,15:10,
13.10.2022,10.,Tipsport extraliga,KOM – PCE,4:3,0,0,0,0,2,12:33,
9.10.2022,9.,Tipsport extraliga,MBL – KOM,3:2,0,0,0,-2,2,19:45,
7.10.2022,8.,Tipsport extraliga,KOM – LIT,5:4,0,0,0,0,0,21:10,
2.10.2022,7.,Tipsport extraliga,PLZ – KOM,3:4,0,0,0,-2,0,19:11,
30.9.2022,6.,Tipsport extraliga,KOM – MHK,4:0,1,0,1,2,2,18:01,
27.9.2022,5.,Tipsport extraliga,KOM – TRI,2:4,0,0,0,-1,0,20:03,
25.9.2022,4.,Tipsport extraliga,LIB – KOM,2:3,0,0,0,0,0,21:09,
23.9.2022,3.,Tipsport extraliga,KOM – KLA,1:3,0,1,1,0,0,19:06,
18.9.2022,2.,Tipsport extraliga,CEB – KOM,6:2,0,0,0,-1,6,17:36,
15.9.2022,1.,Tipsport extraliga,KOM – KVA,6:1,0,0,0,1,0,21:57,
