datum,kolo,soutěž,zápas,skóre,G,A,B,+-,TM,TOI,
4.12.2022,26.,Tipsport extraliga,KLA – KVA,4:1,0,0,0,0,0,03:41,
2.12.2022,25.,Tipsport extraliga,KVA – LIB,0:2,0,0,0,-1,0,19:57,
29.11.2022,24.,Tipsport extraliga,CEB – KVA,0:3,0,1,1,1,0,17:33,
27.11.2022,23.,Tipsport extraliga,VIT – KVA,4:2,1,0,1,0,0,17:37,
25.11.2022,22.,Tipsport extraliga,KVA – PCE,1:3,0,0,0,-2,0,20:07,
20.11.2022,21.,Tipsport extraliga,KVA – MBL,4:3,0,0,0,-1,0,23:21,
18.11.2022,20.,Tipsport extraliga,KVA – SPA,1:5,0,0,0,-1,0,18:11,
15.11.2022,4.,Tipsport extraliga,KVA – OLO,3:2,0,0,0,-1,0,18:32,
6.11.2022,19.,Tipsport extraliga,LIT – KVA,5:3,1,0,1,-2,0,18:35,
4.11.2022,18.,Tipsport extraliga,KVA – PLZ,4:5,0,0,0,0,2,25:03,
1.11.2022,17.,Tipsport extraliga,OLO – KVA,2:0,0,0,0,0,2,19:27,
30.10.2022,16.,Tipsport extraliga,KVA – TRI,2:6,0,0,0,0,0,24:42,
28.10.2022,15.,Tipsport extraliga,MHK – KVA,1:2,0,0,0,1,0,21:02,
23.10.2022,14.,Tipsport extraliga,KVA – KOM,2:3,0,1,1,1,0,21:53,
21.10.2022,13.,Tipsport extraliga,KVA – KLA,4:3,0,1,1,3,0,19:50,
18.10.2022,12.,Tipsport extraliga,LIB – KVA,3:4,0,2,2,2,0,23:53,
16.10.2022,11.,Tipsport extraliga,KVA – CEB,4:3,0,0,0,0,2,19:36,
14.10.2022,10.,Tipsport extraliga,KVA – VIT,4:5,0,0,0,-1,0,23:52,
9.10.2022,9.,Tipsport extraliga,PCE – KVA,2:4,0,0,0,1,0,21:08,
6.10.2022,8.,Tipsport extraliga,MBL – KVA,0:1,0,0,0,0,2,20:42,
4.10.2022,6.,Tipsport extraliga,KVA – LIT,1:4,0,1,1,-2,2,21:28,
2.10.2022,7.,Tipsport extraliga,SPA – KVA,4:5,0,2,2,0,0,25:30,
27.9.2022,5.,Tipsport extraliga,PLZ – KVA,6:3,0,0,0,1,0,22:37,
23.9.2022,3.,Tipsport extraliga,TRI – KVA,1:2,0,0,0,0,0,22:15,
18.9.2022,2.,Tipsport extraliga,KVA – MHK,2:3,0,0,0,0,0,21:20,
15.9.2022,1.,Tipsport extraliga,KOM – KVA,6:1,0,0,0,-3,2,20:28,
