datum,kolo,soutěž,zápas,skóre,G,A,B,+-,TM,TOI,
15.2.2023,46.,Tipsport extraliga,MHK – LIT,3:0,0,0,0,0,2,11:16,
5.2.2023,45.,Tipsport extraliga,LIT – KVA,1:2,0,0,0,0,0,13:49,
3.2.2023,44.,Tipsport extraliga,KLA – LIT,5:2,0,0,0,-2,0,12:58,
29.1.2023,43.,Tipsport extraliga,LIT – CEB,1:0,0,0,0,0,0,20:23,
27.1.2023,42.,Tipsport extraliga,LIB – LIT,5:1,0,0,0,-1,0,14:42,
25.1.2023,41.,Tipsport extraliga,SPA – LIT,3:2,0,0,0,1,0,17:16,
22.1.2023,40.,Tipsport extraliga,VIT – LIT,2:3,0,0,0,0,0,18:53,
20.1.2023,39.,Tipsport extraliga,OLO – LIT,1:8,0,0,0,1,0,13:36,
15.1.2023,38.,Tipsport extraliga,LIT – PCE,1:2,0,0,0,-1,0,11:34,
13.1.2023,37.,Tipsport extraliga,PLZ – LIT,4:1,0,0,0,-1,0,10:07,
8.1.2023,36.,Tipsport extraliga,LIT – MBL,4:3,0,0,0,0,0,12:42,
6.1.2023,35.,Tipsport extraliga,TRI – LIT,3:2,0,0,0,0,0,15:23,
3.1.2023,34.,Tipsport extraliga,KOM – LIT,3:1,0,0,0,0,5,10:53,
30.12.2022,33.,Tipsport extraliga,LIT – MHK,2:3,0,0,0,0,0,10:13,
28.12.2022,32.,Tipsport extraliga,KVA – LIT,3:0,0,0,0,0,0,14:35,
26.12.2022,31.,Tipsport extraliga,LIT – KLA,2:3,0,0,0,-1,0,12:51,
22.12.2022,30.,Tipsport extraliga,CEB – LIT,2:5,0,0,0,0,0,02:45,
11.12.2022,28.,Tipsport extraliga,LIT – SPA,5:2,0,1,1,1,0,11:11,
9.12.2022,27.,Tipsport extraliga,LIT – VIT,5:3,0,0,0,1,0,12:50,
6.12.2022,25.,Tipsport extraliga,PCE – LIT,1:0,0,0,0,0,0,10:12,
4.12.2022,26.,Tipsport extraliga,LIT – OLO,5:3,0,0,0,0,0,06:45,
29.11.2022,24.,Tipsport extraliga,LIT – PLZ,2:4,0,0,0,-3,0,13:10,
27.11.2022,23.,Tipsport extraliga,MBL – LIT,6:4,0,0,0,0,0,16:41,
25.11.2022,22.,Tipsport extraliga,LIT – TRI,1:2,0,0,0,0,0,15:34,
20.11.2022,21.,Tipsport extraliga,LIT – KOM,5:1,0,0,0,-1,0,18:50,
18.11.2022,20.,Tipsport extraliga,MHK – LIT,3:0,0,0,0,-1,0,11:48,
6.11.2022,19.,Tipsport extraliga,LIT – KVA,5:3,0,0,0,0,2,14:26,
4.11.2022,18.,Tipsport extraliga,KLA – LIT,3:2,0,0,0,-1,0,16:03,
1.11.2022,17.,Tipsport extraliga,LIT – CEB,6:4,0,0,0,-1,0,17:13,
30.10.2022,16.,Tipsport extraliga,LIB – LIT,2:3,0,0,0,0,0,13:27,
28.10.2022,15.,Tipsport extraliga,LIT – SPA,4:0,1,0,1,0,0,13:46,
18.10.2022,12.,Tipsport extraliga,LIT – PCE,0:1,0,0,0,0,0,13:45,
16.10.2022,11.,Tipsport extraliga,PLZ – LIT,4:3,1,0,1,0,0,12:59,
14.10.2022,10.,Tipsport extraliga,LIT – MBL,3:4,0,0,0,1,0,14:05,
9.10.2022,9.,Tipsport extraliga,TRI – LIT,4:1,0,0,0,1,2,16:04,
7.10.2022,8.,Tipsport extraliga,KOM – LIT,5:4,1,0,1,1,0,10:18,
4.10.2022,6.,Tipsport extraliga,KVA – LIT,1:4,1,1,2,2,0,08:27,
2.10.2022,7.,Tipsport extraliga,LIT – MHK,3:2,0,0,0,0,2,12:31,
18.9.2022,2.,Tipsport extraliga,SPA – LIT,3:0,0,0,0,0,0,04:13,
