datum,kolo,soutěž,zápas,skóre,G,A,B,+-,TM,TOI,
25.2.2023,50.,CHANCE LIGA,SUM – KOL,0:3,0,0,0,1,0,27:41,
22.2.2023,49.,CHANCE LIGA,KOL – JIH,3:4,0,0,0,0,2,20:30,
18.2.2023,48.,CHANCE LIGA,POR – KOL,5:2,0,0,0,-1,0,17:48,
15.2.2023,47.,CHANCE LIGA,KOL – PCE,4:2,0,0,0,-1,2,19:28,
13.2.2023,46.,CHANCE LIGA,FRM – KOL,5:1,0,0,0,0,0,17:51,
25.9.2022,4.,Tipsport extraliga,KLA – MHK,2:1,0,0,0,0,2,07:37,
23.9.2022,3.,Tipsport extraliga,MHK – VIT,3:2,0,0,0,1,0,07:53,
21.9.2022,3.,CHANCE LIGA,LTM – KOL,5:6,0,1,1,1,,08:39,
17.9.2022,2.,CHANCE LIGA,KOL – PRO,5:3,1,0,1,1,,14:37,
14.9.2022,1.,CHANCE LIGA,ZLN – KOL,1:4,0,0,0,1,0,15:18,
