datum,kolo,soutěž,zápas,skóre,G,A,B,+-,TM,TOI,
26.2.2023,50.,Tipsport extraliga,SPA – TRI,3:1,0,0,0,0,0,10:24,
22.2.2023,49.,CHANCE LIGA,TRE – SOK,3:1,0,0,0,-1,0,21:25,
20.2.2023,47.,CHANCE LIGA,SOK – JIH,1:2,0,0,0,0,0,15:10,
18.2.2023,48.,CHANCE LIGA,SOK – PRO,4:2,0,0,0,0,0,20:47,
15.2.2023,46.,Tipsport extraliga,KVA – SPA,3:6,0,0,0,1,0,13:10,
11.2.2023,24.,CHANCE LIGA,SOK – LTM,6:4,0,0,0,0,2,17:03,
5.2.2023,45.,Tipsport extraliga,SPA – PCE,4:2,0,0,0,0,0,04:09,
4.2.2023,45.,CHANCE LIGA,SOK – POR,6:7,0,1,1,0,6,15:37,
1.2.2023,44.,CHANCE LIGA,ZLN – SOK,5:0,0,0,0,-1,0,15:47,
30.1.2023,43.,CHANCE LIGA,SOK – FRM,2:1,0,0,0,0,0,17:59,
25.1.2023,41.,Tipsport extraliga,SPA – LIT,3:2,0,0,0,0,0,11:29,
21.1.2023,40.,CHANCE LIGA,PCE – SOK,2:4,0,0,0,3,0,19:33,
18.1.2023,39.,CHANCE LIGA,PRE – SOK,2:4,0,0,0,2,0,19:03,
11.1.2023,37.,CHANCE LIGA,LTM – SOK,4:6,0,0,0,-1,0,03:16,
9.1.2023,36.,CHANCE LIGA,SOK – TRE,3:2,0,0,0,0,0,17:09,
6.1.2023,35.,Tipsport extraliga,SPA – LIB,2:5,0,0,0,-2,0,12:38,
22.12.2022,30.,Tipsport extraliga,SPA – PLZ,3:0,0,0,0,0,0,18:37,
20.12.2022,29.,Tipsport extraliga,OLO – SPA,0:1,0,0,0,0,0,12:21,
11.12.2022,28.,Tipsport extraliga,LIT – SPA,5:2,0,0,0,-1,0,15:55,
9.12.2022,27.,Tipsport extraliga,MBL – SPA,1:2,0,0,0,0,0,09:35,
7.12.2022,28.,CHANCE LIGA,SLA – SOK,3:1,0,0,0,0,0,15:53,
5.12.2022,27.,CHANCE LIGA,SOK – PCE,5:3,0,0,0,0,0,19:43,
3.12.2022,26.,CHANCE LIGA,SOK – PRE,2:1,0,0,0,0,0,16:11,
30.11.2022,25.,CHANCE LIGA,KOL – SOK,4:0,0,0,0,-1,,15:53,
23.11.2022,23.,CHANCE LIGA,TRE – SOK,3:2,0,0,0,-1,,17:38,
19.11.2022,22.,CHANCE LIGA,SOK – PRO,3:1,0,0,0,1,,15:10,
3.11.2022,19.,CHANCE LIGA,POR – SOK,5:1,0,0,0,0,2,18:55,
2.11.2022,18.,CHANCE LIGA,ZLN – SOK,3:0,0,0,0,0,2,19:31,
29.10.2022,17.,CHANCE LIGA,SOK – FRM,1:3,0,0,0,-2,2,19:06,
26.10.2022,16.,CHANCE LIGA,SUM – SOK,4:3,0,0,0,1,0,17:54,
23.10.2022,14.,Tipsport extraliga,SPA – MBL,3:2,0,0,0,0,2,16:11,
21.10.2022,13.,Tipsport extraliga,SPA – KOM,2:3,0,0,0,-1,0,13:47,
18.10.2022,12.,Tipsport extraliga,MHK – SPA,3:2,0,0,0,1,0,16:15,
16.10.2022,11.,Tipsport extraliga,TRI – SPA,4:2,0,0,0,0,0,16:04,
14.10.2022,10.,Tipsport extraliga,KLA – SPA,2:5,0,0,0,-1,0,11:58,
8.10.2022,9.,CHANCE LIGA,PRO – SOK,5:2,0,0,0,-1,2,16:18,
