datum,kolo,soutěž,zápas,skóre,G,A,B,+-,TM,TOI,
26.2.2023,50.,Tipsport extraliga,SPA – TRI,3:1,0,1,1,2,0,14:31,
24.2.2023,49.,Tipsport extraliga,KLA – SPA,3:4,0,1,1,0,0,19:47,
19.2.2023,48.,Tipsport extraliga,LIB – SPA,2:1,0,0,0,-1,2,20:17,
17.2.2023,47.,Tipsport extraliga,CEB – SPA,3:4,0,2,2,1,2,19:56,
15.2.2023,46.,Tipsport extraliga,KVA – SPA,3:6,0,1,1,4,0,20:23,
12.2.2023,,Beijer Hockey Games 2023,SUI – CZE,1:2,0,1,1,0,0,-,
11.2.2023,,Beijer Hockey Games 2023,FIN – CZE,6:1,0,0,0,-1,0,-,
9.2.2023,,Beijer Hockey Games 2023,CZE – SWE,2:1,0,0,0,-1,0,-,
5.2.2023,45.,Tipsport extraliga,SPA – PCE,4:2,0,2,2,1,0,22:24,
3.2.2023,44.,Tipsport extraliga,VIT – SPA,3:4,1,0,1,2,0,24:06,
31.1.2023,33.,Tipsport extraliga,SPA – KVA,6:3,0,2,2,1,0,20:09,
29.1.2023,43.,Tipsport extraliga,PLZ – SPA,4:3,0,0,0,0,2,24:21,
25.1.2023,41.,Tipsport extraliga,SPA – LIT,3:2,0,0,0,-2,0,19:07,
22.1.2023,40.,Tipsport extraliga,SPA – MBL,4:1,0,1,1,2,4,21:01,
20.1.2023,39.,Tipsport extraliga,SPA – KOM,5:3,0,2,2,1,4,21:54,
17.1.2023,21.,Tipsport extraliga,SPA – CEB,5:0,0,0,0,2,0,19:52,
15.1.2023,38.,Tipsport extraliga,MHK – SPA,3:4,0,1,1,-1,0,23:57,
10.1.2023,32.,Tipsport extraliga,PCE – SPA,0:3,0,0,0,1,0,20:36,
8.1.2023,36.,Tipsport extraliga,SPA – KLA,4:0,0,2,2,0,2,20:57,
6.1.2023,35.,Tipsport extraliga,SPA – LIB,2:5,0,0,0,-3,0,20:46,
3.1.2023,34.,Tipsport extraliga,SPA – CEB,5:3,0,3,3,2,0,24:15,
9.12.2022,27.,Tipsport extraliga,MBL – SPA,1:2,0,0,0,0,0,06:57,
6.12.2022,9.,Tipsport extraliga,LIB – SPA,0:1,0,1,1,1,0,23:03,
4.12.2022,26.,Tipsport extraliga,KOM – SPA,2:6,0,0,0,2,0,19:51,
2.12.2022,25.,Tipsport extraliga,SPA – MHK,2:1,0,0,0,0,4,22:29,
29.11.2022,24.,Tipsport extraliga,SPA – TRI,1:0,0,0,0,0,0,21:32,
27.11.2022,23.,Tipsport extraliga,SPA – KLA,5:1,0,1,1,1,2,19:18,
25.11.2022,22.,Tipsport extraliga,SPA – LIB,3:1,0,1,1,1,0,18:44,
18.11.2022,20.,Tipsport extraliga,KVA – SPA,1:5,0,1,1,0,0,20:54,
16.11.2022,37.,Tipsport extraliga,TRI – SPA,2:1,0,0,0,1,0,24:40,
6.11.2022,19.,Tipsport extraliga,SPA – PCE,2:3,0,1,1,1,0,22:09,
4.11.2022,18.,Tipsport extraliga,VIT – SPA,3:2,0,1,1,1,0,25:18,
2.11.2022,17.,Tipsport extraliga,PLZ – SPA,4:0,0,0,0,-1,2,21:38,
30.10.2022,16.,Tipsport extraliga,SPA – OLO,2:5,0,1,1,-1,0,22:04,
28.10.2022,15.,Tipsport extraliga,LIT – SPA,4:0,0,0,0,0,2,03:02,
26.10.2022,31.,Tipsport extraliga,SPA – VIT,3:2,0,1,1,2,2,23:41,
