datum,kolo,soutěž,zápas,skóre,G,A,B,+-,TM,TOI,
24.2.2023,49.,Tipsport extraliga,KLA – SPA,3:4,0,0,0,2,0,12:28,
19.2.2023,48.,Tipsport extraliga,LIB – SPA,2:1,0,0,0,1,0,14:37,
17.2.2023,47.,Tipsport extraliga,CEB – SPA,3:4,0,1,1,2,2,13:16,
15.2.2023,46.,Tipsport extraliga,KVA – SPA,3:6,0,0,0,0,0,13:02,
5.2.2023,45.,Tipsport extraliga,SPA – PCE,4:2,0,1,1,1,0,15:54,
3.2.2023,44.,Tipsport extraliga,VIT – SPA,3:4,0,0,0,-1,0,16:28,
31.1.2023,33.,Tipsport extraliga,SPA – KVA,6:3,0,1,1,1,0,16:55,
29.1.2023,43.,Tipsport extraliga,PLZ – SPA,4:3,0,0,0,-1,0,18:51,
25.1.2023,41.,Tipsport extraliga,SPA – LIT,3:2,0,0,0,1,0,16:30,
22.1.2023,40.,Tipsport extraliga,SPA – MBL,4:1,0,0,0,-1,0,19:34,
20.1.2023,39.,Tipsport extraliga,SPA – KOM,5:3,0,0,0,1,0,16:54,
17.1.2023,21.,Tipsport extraliga,SPA – CEB,5:0,0,1,1,2,0,18:25,
15.1.2023,38.,Tipsport extraliga,MHK – SPA,3:4,0,1,1,2,0,19:51,
10.1.2023,32.,Tipsport extraliga,PCE – SPA,0:3,0,0,0,0,0,14:47,
8.1.2023,36.,Tipsport extraliga,SPA – KLA,4:0,0,0,0,1,0,18:05,
6.1.2023,35.,Tipsport extraliga,SPA – LIB,2:5,0,0,0,0,2,16:48,
3.1.2023,34.,Tipsport extraliga,SPA – CEB,5:3,0,1,1,1,0,18:25,
22.12.2022,30.,Tipsport extraliga,SPA – PLZ,3:0,0,1,1,1,0,23:08,
20.12.2022,29.,Tipsport extraliga,OLO – SPA,0:1,0,1,1,0,2,21:22,
11.12.2022,28.,Tipsport extraliga,LIT – SPA,5:2,0,2,2,0,0,21:11,
9.12.2022,27.,Tipsport extraliga,MBL – SPA,1:2,0,0,0,2,0,17:17,
6.12.2022,9.,Tipsport extraliga,LIB – SPA,0:1,0,0,0,0,0,17:30,
4.12.2022,26.,Tipsport extraliga,KOM – SPA,2:6,0,0,0,0,0,18:23,
2.12.2022,25.,Tipsport extraliga,SPA – MHK,2:1,0,0,0,0,0,15:41,
29.11.2022,24.,Tipsport extraliga,SPA – TRI,1:0,0,0,0,0,0,12:39,
27.11.2022,23.,Tipsport extraliga,SPA – KLA,5:1,0,0,0,0,0,13:54,
25.11.2022,22.,Tipsport extraliga,SPA – LIB,3:1,0,0,0,0,0,16:12,
18.11.2022,20.,Tipsport extraliga,KVA – SPA,1:5,0,0,0,-1,0,12:12,
6.11.2022,19.,Tipsport extraliga,SPA – PCE,2:3,0,1,1,0,2,14:02,
4.11.2022,18.,Tipsport extraliga,VIT – SPA,3:2,0,0,0,-1,0,18:00,
2.11.2022,17.,Tipsport extraliga,PLZ – SPA,4:0,0,0,0,0,4,19:55,
30.10.2022,16.,Tipsport extraliga,SPA – OLO,2:5,0,0,0,-2,2,20:19,
28.10.2022,15.,Tipsport extraliga,LIT – SPA,4:0,0,0,0,-1,0,22:27,
26.10.2022,31.,Tipsport extraliga,SPA – VIT,3:2,0,0,0,0,2,18:57,
23.10.2022,14.,Tipsport extraliga,SPA – MBL,3:2,0,0,0,-1,0,22:37,
