datum,kolo,soutěž,zápas,skóre,G,A,B,+-,TM,TOI,
25.2.2023,50.,CHANCE LIGA,ZLN – PCE,1:0,0,0,0,0,0,13:22,
19.2.2023,48.,Tipsport extraliga,KVA – PCE,0:5,0,0,0,0,0,11:21,
4.2.2023,45.,CHANCE LIGA,TRE – PCE,3:1,0,0,0,-1,0,06:13,
1.2.2023,44.,CHANCE LIGA,PCE – SLA,1:0,0,0,0,0,0,03:03,
30.1.2023,43.,CHANCE LIGA,PRO – PCE,4:5,0,1,1,-1,2,09:40,
28.1.2023,42.,CHANCE LIGA,PCE – VSE,1:3,0,0,0,-1,0,13:07,
25.1.2023,41.,CHANCE LIGA,LTM – PCE,5:6,0,0,0,-2,0,01:29,
21.1.2023,40.,CHANCE LIGA,PCE – SOK,2:4,0,0,0,-2,0,07:25,
18.1.2023,39.,CHANCE LIGA,PCE – SUM,5:1,0,0,0,0,0,08:02,
14.1.2023,38.,CHANCE LIGA,JIH – PCE,1:4,0,0,0,0,4,11:15,
11.1.2023,37.,CHANCE LIGA,PCE – ZLN,5:2,0,0,0,0,0,10:59,
9.1.2023,36.,CHANCE LIGA,POR – PCE,4:2,0,0,0,-1,0,18:42,
7.1.2023,35.,CHANCE LIGA,FRM – PCE,2:4,0,0,0,1,0,17:54,
21.12.2022,31.,CHANCE LIGA,SLA – PCE,5:3,0,0,0,0,0,11:26,
20.12.2022,29.,Tipsport extraliga,PLZ – PCE,0:2,0,0,0,0,0,08:37,
17.12.2022,33.,CHANCE LIGA,PRE – PCE,2:1,0,0,0,0,0,10:27,
10.12.2022,29.,CHANCE LIGA,VSE – PCE,3:2,0,0,0,0,0,07:46,
7.12.2022,28.,CHANCE LIGA,PCE – LTM,4:1,0,0,0,0,2,10:59,
4.12.2022,26.,Tipsport extraliga,MHK – PCE,4:0,0,0,0,0,0,08:21,
29.11.2022,24.,Tipsport extraliga,PCE – LIB,1:3,0,0,0,0,0,04:15,
27.11.2022,23.,Tipsport extraliga,PCE – KOM,4:3,0,0,0,-1,0,07:52,
25.11.2022,22.,Tipsport extraliga,KVA – PCE,1:3,0,0,0,0,0,04:59,
23.11.2022,23.,CHANCE LIGA,PCE – POR,2:3,1,0,1,0,,12:45,
22.11.2022,21.,Tipsport extraliga,VIT – PCE,4:5,0,0,0,0,0,05:36,
19.11.2022,22.,CHANCE LIGA,PCE – FRM,2:4,0,0,0,0,,15:59,
17.11.2022,20.,Tipsport extraliga,CEB – PCE,2:4,0,0,0,0,0,07:20,
14.11.2022,20.,CHANCE LIGA,PCE – PRE,1:3,0,0,0,-2,,14:09,
6.11.2022,19.,Tipsport extraliga,SPA – PCE,2:3,0,0,0,0,0,06:42,
5.11.2022,19.,CHANCE LIGA,TRE – PCE,4:1,0,0,0,1,4,15:28,
2.11.2022,18.,CHANCE LIGA,PCE – SLA,2:1,0,0,0,0,0,13:20,
30.10.2022,16.,Tipsport extraliga,PCE – PLZ,7:2,0,0,0,2,0,09:25,
27.10.2022,15.,Tipsport extraliga,TRI – PCE,2:3,0,0,0,0,0,08:05,
24.10.2022,15.,CHANCE LIGA,LTM – PCE,5:0,0,0,0,-1,0,15:57,
23.10.2022,14.,Tipsport extraliga,PCE – KLA,6:2,0,1,1,1,0,08:02,
22.10.2022,14.,CHANCE LIGA,PCE – SOK,3:4,0,0,0,-2,0,20:02,
19.10.2022,13.,CHANCE LIGA,PCE – SUM,3:2,1,0,1,2,0,20:50,
15.10.2022,12.,CHANCE LIGA,JIH – PCE,3:2,0,0,0,-1,0,18:23,
12.10.2022,11.,CHANCE LIGA,PCE – ZLN,2:3,1,0,1,0,0,14:15,
10.10.2022,10.,CHANCE LIGA,POR – PCE,5:3,0,0,0,-1,0,17:58,
8.10.2022,9.,CHANCE LIGA,FRM – PCE,2:3,0,0,0,0,0,17:26,
5.10.2022,8.,CHANCE LIGA,PCE – KOL,3:2,0,0,0,1,0,13:48,
1.10.2022,7.,CHANCE LIGA,PRE – PCE,4:3,0,0,0,0,0,18:04,
28.9.2022,6.,CHANCE LIGA,PCE – TRE,2:3,0,0,0,-1,,20:26,
26.9.2022,5.,CHANCE LIGA,SLA – PCE,4:0,0,0,0,-1,,15:40,
24.9.2022,4.,CHANCE LIGA,PCE – PRO,4:0,1,0,1,2,2,17:35,
21.9.2022,3.,CHANCE LIGA,VSE – PCE,3:1,0,0,0,0,0,15:22,
17.9.2022,2.,CHANCE LIGA,PCE – LTM,2:5,1,0,1,0,0,18:16,
14.9.2022,1.,CHANCE LIGA,SOK – PCE,2:5,1,0,1,1,,15:14,
