datum,kolo,soutěž,zápas,skóre,G,A,B,+-,TM,TOI,
22.2.2023,49.,Tipsport extraliga,CEB – LIB,3:4,0,0,0,1,0,16:06,
19.2.2023,48.,Tipsport extraliga,LIB – SPA,2:1,0,0,0,0,0,16:14,
17.2.2023,47.,Tipsport extraliga,OLO – LIB,2:3,0,0,0,-1,0,18:17,
15.2.2023,46.,Tipsport extraliga,LIB – TRI,3:2,0,0,0,-1,0,20:52,
5.2.2023,45.,Tipsport extraliga,PLZ – LIB,2:4,0,0,0,1,0,18:07,
3.2.2023,44.,Tipsport extraliga,LIB – MBL,4:3,0,0,0,-1,0,19:41,
29.1.2023,43.,Tipsport extraliga,KOM – LIB,3:0,0,0,0,0,0,16:14,
27.1.2023,42.,Tipsport extraliga,LIB – LIT,5:1,0,0,0,0,0,16:48,
24.1.2023,41.,Tipsport extraliga,KLA – LIB,3:2,0,0,0,-2,0,17:52,
22.1.2023,40.,Tipsport extraliga,LIB – MHK,3:1,0,0,0,1,0,21:00,
20.1.2023,39.,Tipsport extraliga,VIT – LIB,2:0,0,0,0,0,0,17:47,
15.1.2023,38.,Tipsport extraliga,LIB – KVA,3:1,0,0,0,1,2,18:23,
8.1.2023,36.,Tipsport extraliga,LIB – CEB,2:3,0,0,0,-1,0,19:27,
6.1.2023,35.,Tipsport extraliga,SPA – LIB,2:5,0,1,1,3,0,18:23,
3.1.2023,34.,Tipsport extraliga,LIB – OLO,6:1,0,0,0,1,0,16:12,
30.12.2022,33.,Tipsport extraliga,TRI – LIB,6:3,0,0,0,-1,0,20:30,
28.12.2022,32.,Tipsport extraliga,LIB – PLZ,2:1,0,0,0,-1,0,19:50,
26.12.2022,31.,Tipsport extraliga,MBL – LIB,3:7,0,3,3,4,0,17:50,
22.12.2022,30.,Tipsport extraliga,LIB – KOM,2:1,0,0,0,-1,0,23:55,
20.12.2022,29.,Tipsport extraliga,LIT – LIB,3:2,0,1,1,0,0,24:07,
11.12.2022,28.,Tipsport extraliga,LIB – KLA,7:3,0,0,0,0,0,17:29,
6.12.2022,9.,Tipsport extraliga,LIB – SPA,0:1,0,0,0,0,0,18:28,
4.12.2022,26.,Tipsport extraliga,LIB – VIT,2:3,0,0,0,-1,0,18:44,
2.12.2022,25.,Tipsport extraliga,KVA – LIB,0:2,0,0,0,0,0,20:26,
29.11.2022,24.,Tipsport extraliga,PCE – LIB,1:3,0,0,0,0,0,19:42,
27.11.2022,23.,Tipsport extraliga,CEB – LIB,4:1,0,0,0,-1,0,21:38,
25.11.2022,22.,Tipsport extraliga,SPA – LIB,3:1,1,0,1,0,0,16:38,
22.11.2022,17.,Tipsport extraliga,KOM – LIB,0:5,0,0,0,1,0,20:18,
20.11.2022,21.,Tipsport extraliga,OLO – LIB,4:1,0,0,0,0,0,16:15,
18.11.2022,20.,Tipsport extraliga,LIB – TRI,1:4,0,0,0,0,0,14:03,
