datum,kolo,soutěž,zápas,skóre,G,A,B,+-,TM,TOI,
20.12.2022,29.,Tipsport extraliga,LIT – LIB,3:2,0,0,0,0,0,04:24,
11.12.2022,28.,Tipsport extraliga,LIB – KLA,7:3,0,1,1,0,0,16:11,
6.12.2022,9.,Tipsport extraliga,LIB – SPA,0:1,0,0,0,-1,0,16:59,
4.12.2022,26.,Tipsport extraliga,LIB – VIT,2:3,1,0,1,0,0,20:48,
2.12.2022,25.,Tipsport extraliga,KVA – LIB,0:2,0,0,0,0,0,15:32,
29.11.2022,24.,Tipsport extraliga,PCE – LIB,1:3,0,0,0,2,0,18:38,
27.11.2022,23.,Tipsport extraliga,CEB – LIB,4:1,0,0,0,-1,0,20:31,
25.11.2022,22.,Tipsport extraliga,SPA – LIB,3:1,0,0,0,-1,0,18:47,
22.11.2022,17.,Tipsport extraliga,KOM – LIB,0:5,0,1,1,1,0,22:09,
20.11.2022,21.,Tipsport extraliga,OLO – LIB,4:1,0,0,0,0,0,16:27,
18.11.2022,20.,Tipsport extraliga,LIB – TRI,1:4,0,0,0,-2,0,16:39,
7.10.2022,8.,Tipsport extraliga,LIB – OLO,6:2,0,0,0,1,0,11:31,
4.10.2022,10.,Tipsport extraliga,LIB – CEB,6:1,0,0,0,3,4,20:20,
2.10.2022,7.,Tipsport extraliga,TRI – LIB,3:4,0,1,1,1,0,19:22,
29.9.2022,6.,Tipsport extraliga,LIB – PLZ,2:3,1,0,1,-1,0,21:03,
27.9.2022,5.,Tipsport extraliga,MBL – LIB,2:1,0,0,0,0,2,19:52,
25.9.2022,4.,Tipsport extraliga,LIB – KOM,2:3,1,0,1,0,0,18:00,
23.9.2022,3.,Tipsport extraliga,LIT – LIB,2:3,0,2,2,1,0,20:43,
18.9.2022,2.,Tipsport extraliga,LIB – KLA,4:3,0,0,0,-1,0,24:21,
16.9.2022,1.,Tipsport extraliga,MHK – LIB,1:2,0,2,2,-1,0,22:54,
