datum,kolo,soutěž,zápas,skóre,G,A,B,+-,TM,TOI,
26.2.2023,50.,Tipsport extraliga,LIT – PLZ,2:0,0,0,0,-1,0,15:07,
24.2.2023,49.,Tipsport extraliga,PLZ – TRI,4:5,0,1,1,1,0,21:27,
19.2.2023,48.,Tipsport extraliga,MHK – PLZ,2:1,0,0,0,0,0,19:45,
17.2.2023,47.,Tipsport extraliga,PLZ – KLA,0:3,0,0,0,0,0,19:48,
15.2.2023,46.,Tipsport extraliga,KOM – PLZ,3:0,0,0,0,0,0,19:10,
5.2.2023,45.,Tipsport extraliga,PLZ – LIB,2:4,0,0,0,0,0,12:26,
3.2.2023,44.,Tipsport extraliga,KVA – PLZ,3:1,0,0,0,0,0,17:52,
29.1.2023,43.,Tipsport extraliga,PLZ – SPA,4:3,0,0,0,-1,0,18:04,
26.1.2023,42.,Tipsport extraliga,PCE – PLZ,4:3,0,0,0,0,0,16:15,
22.1.2023,40.,Tipsport extraliga,OLO – PLZ,3:2,0,0,0,-1,0,21:27,
20.1.2023,39.,Tipsport extraliga,CEB – PLZ,3:4,0,0,0,-1,0,16:45,
15.1.2023,38.,Tipsport extraliga,PLZ – MBL,3:2,0,0,0,1,0,17:04,
13.1.2023,37.,Tipsport extraliga,PLZ – LIT,4:1,0,0,0,1,2,16:23,
10.1.2023,41.,Tipsport extraliga,PLZ – VIT,2:3,0,0,0,-1,0,13:35,
8.1.2023,36.,Tipsport extraliga,TRI – PLZ,6:1,0,0,0,-1,0,19:30,
5.1.2023,35.,Tipsport extraliga,PLZ – MHK,0:4,0,0,0,-1,0,18:00,
3.1.2023,34.,Tipsport extraliga,KLA – PLZ,3:4,0,0,0,-1,0,21:12,
30.12.2022,33.,Tipsport extraliga,PLZ – KOM,5:2,0,0,0,1,0,22:00,
28.12.2022,32.,Tipsport extraliga,LIB – PLZ,2:1,0,0,0,0,2,17:48,
26.12.2022,31.,Tipsport extraliga,PLZ – KVA,1:0,0,0,0,0,0,15:46,
22.12.2022,30.,Tipsport extraliga,SPA – PLZ,3:0,0,0,0,0,0,18:42,
20.12.2022,29.,Tipsport extraliga,PLZ – PCE,0:2,0,0,0,-1,2,13:36,
11.12.2022,28.,Tipsport extraliga,VIT – PLZ,3:2,0,0,0,0,5,12:49,
9.12.2022,27.,Tipsport extraliga,PLZ – OLO,5:4,1,0,1,1,0,14:56,
29.11.2022,24.,Tipsport extraliga,LIT – PLZ,2:4,0,0,0,2,2,11:41,
27.11.2022,23.,Tipsport extraliga,PLZ – TRI,2:1,0,0,0,0,4,09:43,
25.11.2022,22.,Tipsport extraliga,MHK – PLZ,1:4,1,0,1,3,0,13:03,
20.11.2022,21.,Tipsport extraliga,PLZ – KLA,1:2,0,0,0,0,0,18:17,
18.11.2022,20.,Tipsport extraliga,KOM – PLZ,3:1,0,0,0,1,0,15:43,
12.11.2022,16.,2. liga – Západ – z. č.,KLT – BNJ,3:4,0,0,0,0,25,-,
6.11.2022,19.,Tipsport extraliga,PLZ – LIB,3:4,0,0,0,1,0,18:41,
4.11.2022,18.,Tipsport extraliga,KVA – PLZ,4:5,0,0,0,-1,2,19:02,
2.11.2022,17.,Tipsport extraliga,PLZ – SPA,4:0,0,0,0,1,0,15:46,
30.10.2022,16.,Tipsport extraliga,PCE – PLZ,7:2,0,0,0,-1,2,18:32,
28.10.2022,15.,Tipsport extraliga,PLZ – VIT,4:3,0,1,1,0,0,15:17,
23.10.2022,14.,Tipsport extraliga,OLO – PLZ,1:4,0,0,0,1,0,16:25,
20.10.2022,13.,Tipsport extraliga,CEB – PLZ,3:2,0,0,0,-1,0,15:27,
18.10.2022,12.,Tipsport extraliga,PLZ – MBL,1:2,0,1,1,1,0,16:40,
16.10.2022,11.,Tipsport extraliga,PLZ – LIT,4:3,0,0,0,0,0,19:40,
14.10.2022,10.,Tipsport extraliga,TRI – PLZ,3:2,0,0,0,0,0,14:43,
9.10.2022,9.,Tipsport extraliga,PLZ – MHK,2:5,0,0,0,-3,0,17:33,
7.10.2022,8.,Tipsport extraliga,KLA – PLZ,0:4,0,1,1,2,0,20:43,
1.10.2022,4.,2. liga – Západ – z. č.,UNL – KLT,1:4,0,1,1,3,0,-,
27.9.2022,5.,Tipsport extraliga,PLZ – KVA,6:3,0,0,0,1,27,11:46,
25.9.2022,4.,Tipsport extraliga,SPA – PLZ,3:2,0,0,0,0,2,10:15,
23.9.2022,3.,Tipsport extraliga,PLZ – PCE,1:4,0,0,0,0,0,19:24,
18.9.2022,2.,Tipsport extraliga,VIT – PLZ,4:2,0,0,0,1,2,13:15,
16.9.2022,1.,Tipsport extraliga,PLZ – OLO,1:2,0,0,0,0,2,08:29,
