datum,kolo,soutěž,zápas,skóre,G,A,B,+-,TM,TOI,
26.2.2023,50.,Tipsport extraliga,KVA – CEB,5:1,0,1,1,1,0,02:13,
24.2.2023,49.,Tipsport extraliga,VIT – KVA,6:1,0,0,0,0,0,02:29,
17.2.2023,47.,Tipsport extraliga,MBL – KVA,0:2,0,0,0,0,0,07:44,
15.2.2023,46.,Tipsport extraliga,KVA – SPA,3:6,0,0,0,-1,0,09:46,
31.1.2023,33.,Tipsport extraliga,SPA – KVA,6:3,0,0,0,0,0,09:29,
29.1.2023,43.,Tipsport extraliga,OLO – KVA,3:4,0,0,0,0,0,08:35,
27.1.2023,42.,Tipsport extraliga,KVA – TRI,4:1,0,0,0,0,0,07:51,
24.1.2023,41.,Tipsport extraliga,MHK – KVA,3:0,0,0,0,-1,0,15:56,
22.1.2023,40.,Tipsport extraliga,KVA – KOM,5:4,0,0,0,0,0,12:22,
20.1.2023,39.,Tipsport extraliga,KVA – KLA,4:2,0,0,0,0,0,10:35,
15.1.2023,38.,Tipsport extraliga,LIB – KVA,3:1,0,0,0,-1,0,12:00,
13.1.2023,37.,Tipsport extraliga,CEB – KVA,2:4,0,0,0,0,0,13:09,
8.1.2023,36.,Tipsport extraliga,KVA – VIT,1:3,0,0,0,-1,0,12:45,
6.1.2023,35.,Tipsport extraliga,PCE – KVA,7:4,0,1,1,1,0,12:39,
3.1.2023,34.,Tipsport extraliga,KVA – MBL,4:1,0,1,1,0,0,13:30,
28.12.2022,32.,Tipsport extraliga,KVA – LIT,3:0,0,0,0,0,0,16:48,
26.12.2022,31.,Tipsport extraliga,PLZ – KVA,1:0,0,0,0,0,2,12:45,
22.12.2022,30.,Tipsport extraliga,KVA – OLO,0:3,0,0,0,-1,0,12:14,
