datum,kolo,soutěž,zápas,skóre,G,A,B,+-,TM,TOI,
26.2.2023,50.,Tipsport extraliga,KVA – CEB,5:1,0,0,0,-1,0,09:50,
22.2.2023,49.,Tipsport extraliga,CEB – LIB,3:4,0,0,0,-2,0,14:31,
19.2.2023,48.,Tipsport extraliga,VIT – CEB,1:4,0,0,0,0,0,16:39,
17.2.2023,47.,Tipsport extraliga,CEB – SPA,3:4,0,0,0,0,0,15:57,
15.2.2023,46.,Tipsport extraliga,CEB – PCE,3:7,0,0,0,-2,0,15:07,
27.1.2023,42.,Tipsport extraliga,CEB – MBL,5:4,0,1,1,-2,0,16:30,
24.1.2023,41.,Tipsport extraliga,KOM – CEB,5:2,0,0,0,-1,2,10:59,
22.1.2023,40.,Tipsport extraliga,CEB – TRI,3:2,0,0,0,1,0,18:36,
20.1.2023,39.,Tipsport extraliga,CEB – PLZ,3:4,0,0,0,0,0,16:31,
17.1.2023,21.,Tipsport extraliga,SPA – CEB,5:0,0,0,0,-1,0,18:35,
15.1.2023,38.,Tipsport extraliga,CEB – KLA,6:2,0,0,0,0,2,15:54,
13.1.2023,37.,Tipsport extraliga,CEB – KVA,2:4,1,0,1,1,0,18:50,
8.1.2023,36.,Tipsport extraliga,LIB – CEB,2:3,0,0,0,0,6,13:41,
6.1.2023,35.,Tipsport extraliga,CEB – VIT,0:2,0,0,0,-2,0,15:09,
3.1.2023,34.,Tipsport extraliga,SPA – CEB,5:3,0,1,1,1,4,18:57,
28.12.2022,32.,Tipsport extraliga,CEB – OLO,4:2,0,0,0,1,0,15:47,
26.12.2022,31.,Tipsport extraliga,MHK – CEB,1:4,0,0,0,0,0,16:31,
22.12.2022,30.,Tipsport extraliga,CEB – LIT,2:5,0,0,0,-1,0,12:41,
20.12.2022,29.,Tipsport extraliga,MBL – CEB,2:1,0,0,0,0,0,06:02,
11.12.2022,28.,Tipsport extraliga,CEB – KOM,3:1,0,0,0,-1,0,20:29,
9.12.2022,27.,Tipsport extraliga,TRI – CEB,2:3,0,0,0,1,2,20:24,
4.12.2022,26.,Tipsport extraliga,PLZ – CEB,4:1,0,0,0,-3,0,20:38,
2.12.2022,25.,Tipsport extraliga,KLA – CEB,1:6,0,0,0,1,2,20:15,
29.11.2022,24.,Tipsport extraliga,CEB – KVA,0:3,0,0,0,0,0,15:36,
27.11.2022,23.,Tipsport extraliga,CEB – LIB,4:1,0,0,0,0,0,16:04,
25.11.2022,22.,Tipsport extraliga,VIT – CEB,4:3,0,0,0,-1,0,16:20,
17.11.2022,20.,Tipsport extraliga,CEB – PCE,2:4,0,0,0,-1,0,19:08,
16.10.2022,11.,Tipsport extraliga,KVA – CEB,4:3,0,0,0,-1,0,08:49,
9.10.2022,9.,Tipsport extraliga,CEB – VIT,2:3,0,0,0,0,2,18:53,
7.10.2022,8.,Tipsport extraliga,CEB – SPA,2:3,0,0,0,0,0,21:02,
4.10.2022,10.,Tipsport extraliga,LIB – CEB,6:1,0,0,0,-1,0,19:46,
2.10.2022,7.,Tipsport extraliga,PCE – CEB,6:1,1,0,1,0,2,21:08,
30.9.2022,6.,Tipsport extraliga,CEB – OLO,1:2,0,0,0,-1,0,22:42,
27.9.2022,5.,Tipsport extraliga,MHK – CEB,3:1,0,0,0,0,0,18:25,
23.9.2022,3.,Tipsport extraliga,MBL – CEB,5:1,0,0,0,0,0,21:24,
20.9.2022,4.,Tipsport extraliga,CEB – LIT,6:3,0,0,0,0,0,17:37,
18.9.2022,2.,Tipsport extraliga,CEB – KOM,6:2,0,1,1,1,2,18:57,
16.9.2022,1.,Tipsport extraliga,TRI – CEB,0:2,1,0,1,1,0,22:18,
