datum,kolo,soutěž,zápas,skóre,G,A,B,+-,TM,TOI,
26.2.2023,50.,Tipsport extraliga,KVA – CEB,5:1,0,1,1,0,0,08:53,
22.2.2023,49.,Tipsport extraliga,CEB – LIB,3:4,1,0,1,-1,0,22:01,
19.2.2023,48.,Tipsport extraliga,VIT – CEB,1:4,1,0,1,1,0,21:27,
17.2.2023,47.,Tipsport extraliga,CEB – SPA,3:4,2,0,2,-1,2,20:05,
15.2.2023,46.,Tipsport extraliga,CEB – PCE,3:7,1,0,1,-2,0,18:56,
5.2.2023,45.,Tipsport extraliga,OLO – CEB,3:2,0,0,0,-1,0,20:38,
2.2.2023,44.,Tipsport extraliga,CEB – MHK,2:3,1,0,1,0,0,21:04,
29.1.2023,43.,Tipsport extraliga,LIT – CEB,1:0,0,0,0,0,0,21:05,
27.1.2023,42.,Tipsport extraliga,CEB – MBL,5:4,0,2,2,1,0,21:58,
24.1.2023,41.,Tipsport extraliga,KOM – CEB,5:2,0,1,1,0,0,22:36,
22.1.2023,40.,Tipsport extraliga,CEB – TRI,3:2,1,1,2,1,2,18:33,
20.1.2023,39.,Tipsport extraliga,CEB – PLZ,3:4,0,0,0,-1,0,21:30,
17.1.2023,21.,Tipsport extraliga,SPA – CEB,5:0,0,0,0,-2,0,16:20,
15.1.2023,38.,Tipsport extraliga,CEB – KLA,6:2,2,1,3,0,0,23:18,
13.1.2023,37.,Tipsport extraliga,CEB – KVA,2:4,1,0,1,-2,0,22:22,
8.1.2023,36.,Tipsport extraliga,LIB – CEB,2:3,1,0,1,1,0,23:22,
6.1.2023,35.,Tipsport extraliga,CEB – VIT,0:2,0,0,0,-1,0,23:43,
3.1.2023,34.,Tipsport extraliga,SPA – CEB,5:3,0,1,1,-1,0,21:56,
30.12.2022,33.,Tipsport extraliga,PCE – CEB,4:1,0,0,0,-1,0,22:15,
28.12.2022,32.,Tipsport extraliga,CEB – OLO,4:2,0,1,1,0,0,21:39,
26.12.2022,31.,Tipsport extraliga,MHK – CEB,1:4,0,0,0,1,4,20:19,
22.12.2022,30.,Tipsport extraliga,CEB – LIT,2:5,1,0,1,-1,4,22:34,
20.12.2022,29.,Tipsport extraliga,MBL – CEB,2:1,0,0,0,-1,0,23:21,
11.12.2022,28.,Tipsport extraliga,CEB – KOM,3:1,1,0,1,1,2,22:49,
9.12.2022,27.,Tipsport extraliga,TRI – CEB,2:3,1,1,2,1,0,20:46,
4.12.2022,26.,Tipsport extraliga,PLZ – CEB,4:1,0,1,1,-1,0,23:41,
2.12.2022,25.,Tipsport extraliga,KLA – CEB,1:6,1,0,1,2,0,20:21,
29.11.2022,24.,Tipsport extraliga,CEB – KVA,0:3,0,0,0,-1,0,21:37,
27.11.2022,23.,Tipsport extraliga,CEB – LIB,4:1,0,1,1,1,0,19:59,
25.11.2022,22.,Tipsport extraliga,VIT – CEB,4:3,0,2,2,2,0,21:26,
17.11.2022,20.,Tipsport extraliga,CEB – PCE,2:4,0,0,0,-1,2,21:34,
6.11.2022,19.,Tipsport extraliga,OLO – CEB,3:1,0,0,0,-3,0,20:37,
4.11.2022,18.,Tipsport extraliga,CEB – MHK,2:1,0,0,0,0,0,21:53,
18.10.2022,12.,Tipsport extraliga,KLA – CEB,2:1,0,0,0,0,0,19:04,
16.10.2022,11.,Tipsport extraliga,KVA – CEB,4:3,0,2,2,0,0,25:47,
9.10.2022,9.,Tipsport extraliga,CEB – VIT,2:3,2,0,2,2,0,21:18,
7.10.2022,8.,Tipsport extraliga,CEB – SPA,2:3,0,0,0,-1,0,21:30,
4.10.2022,10.,Tipsport extraliga,LIB – CEB,6:1,0,0,0,-1,2,24:07,
2.10.2022,7.,Tipsport extraliga,PCE – CEB,6:1,0,0,0,-2,2,21:10,
30.9.2022,6.,Tipsport extraliga,CEB – OLO,1:2,1,0,1,-1,0,28:17,
27.9.2022,5.,Tipsport extraliga,MHK – CEB,3:1,0,0,0,0,0,30:52,
23.9.2022,3.,Tipsport extraliga,MBL – CEB,5:1,0,1,1,0,0,22:47,
20.9.2022,4.,Tipsport extraliga,CEB – LIT,6:3,2,1,3,2,0,26:11,
18.9.2022,2.,Tipsport extraliga,CEB – KOM,6:2,3,0,3,1,0,20:17,
16.9.2022,1.,Tipsport extraliga,TRI – CEB,0:2,0,1,1,0,0,24:37,
