datum,kolo,soutěž,zápas,skóre,G,A,B,+-,TM,TOI,
21.10.2022,13.,Tipsport extraliga,SPA – KOM,2:3,0,0,0,-1,0,07:59,
18.10.2022,12.,Tipsport extraliga,MHK – SPA,3:2,0,0,0,0,0,13:47,
16.10.2022,11.,Tipsport extraliga,TRI – SPA,4:2,0,0,0,-2,2,14:03,
14.10.2022,10.,Tipsport extraliga,KLA – SPA,2:5,0,0,0,0,0,13:08,
7.10.2022,8.,Tipsport extraliga,CEB – SPA,2:3,0,0,0,0,0,12:05,
2.10.2022,7.,Tipsport extraliga,SPA – KVA,4:5,0,0,0,0,2,09:05,
30.9.2022,6.,Tipsport extraliga,PCE – SPA,2:3,0,0,0,0,0,08:38,
27.9.2022,5.,Tipsport extraliga,SPA – VIT,5:3,0,0,0,1,0,09:59,
25.9.2022,4.,Tipsport extraliga,SPA – PLZ,3:2,0,0,0,-1,0,15:49,
22.9.2022,3.,Tipsport extraliga,OLO – SPA,4:0,0,0,0,0,0,13:10,
18.9.2022,2.,Tipsport extraliga,SPA – LIT,3:0,0,0,0,1,0,16:00,
16.9.2022,1.,Tipsport extraliga,MBL – SPA,4:2,0,0,0,0,2,17:00,
