datum,kolo,soutěž,zápas,skóre,G,A,B,+-,TM,TOI,
26.2.2023,50.,Tipsport extraliga,SPA – TRI,3:1,0,0,0,0,0,11:18,
24.2.2023,49.,Tipsport extraliga,PLZ – TRI,4:5,0,0,0,-1,0,12:21,
19.2.2023,48.,Tipsport extraliga,LIT – TRI,4:3,0,0,0,0,0,17:58,
17.2.2023,47.,Tipsport extraliga,TRI – MHK,1:2,0,0,0,1,0,12:17,
15.2.2023,46.,Tipsport extraliga,LIB – TRI,3:2,0,0,0,-1,2,14:42,
13.2.2023,8.,Tipsport extraliga,MHK – TRI,4:3,0,1,1,1,0,13:51,
5.2.2023,45.,Tipsport extraliga,TRI – KLA,5:4,0,0,0,0,0,14:18,
3.2.2023,44.,Tipsport extraliga,KOM – TRI,5:1,0,0,0,-1,0,12:00,
31.1.2023,43.,Tipsport extraliga,VIT – TRI,1:2,0,0,0,0,0,12:26,
27.1.2023,42.,Tipsport extraliga,KVA – TRI,4:1,0,1,1,0,0,17:57,
24.1.2023,41.,Tipsport extraliga,TRI – PCE,0:4,0,0,0,-2,0,17:21,
22.1.2023,40.,Tipsport extraliga,CEB – TRI,3:2,0,0,0,0,0,21:57,
20.1.2023,39.,Tipsport extraliga,MBL – TRI,1:0,0,0,0,0,0,19:19,
17.1.2023,38.,Tipsport extraliga,TRI – OLO,1:3,0,0,0,0,0,14:10,
13.1.2023,18.,Tipsport extraliga,TRI – KOM,6:1,0,0,0,0,0,14:20,
8.1.2023,36.,Tipsport extraliga,TRI – PLZ,6:1,0,1,1,1,0,14:08,
6.1.2023,35.,Tipsport extraliga,TRI – LIT,3:2,0,0,0,0,0,14:36,
3.1.2023,34.,Tipsport extraliga,MHK – TRI,2:3,0,0,0,-1,0,12:56,
30.12.2022,33.,Tipsport extraliga,TRI – LIB,6:3,1,0,1,1,0,13:57,
28.12.2022,32.,Tipsport extraliga,KLA – TRI,4:3,0,0,0,1,0,14:46,
26.12.2022,31.,Tipsport extraliga,TRI – KOM,7:2,1,0,1,0,0,14:34,
22.12.2022,30.,Tipsport extraliga,VIT – TRI,1:2,0,0,0,0,2,14:36,
20.12.2022,29.,Tipsport extraliga,TRI – KVA,4:2,0,0,0,-1,0,13:44,
11.12.2022,28.,Tipsport extraliga,PCE – TRI,0:3,0,0,0,2,0,16:22,
9.12.2022,27.,Tipsport extraliga,TRI – CEB,2:3,0,0,0,0,0,18:01,
4.12.2022,26.,Tipsport extraliga,TRI – MBL,3:0,1,0,1,1,0,15:47,
2.12.2022,25.,Tipsport extraliga,OLO – TRI,4:2,0,0,0,0,0,13:08,
29.11.2022,24.,Tipsport extraliga,SPA – TRI,1:0,0,0,0,0,0,14:10,
27.11.2022,23.,Tipsport extraliga,PLZ – TRI,2:1,0,0,0,0,0,12:35,
25.11.2022,22.,Tipsport extraliga,LIT – TRI,1:2,0,0,0,0,0,17:15,
22.11.2022,12.,Tipsport extraliga,TRI – OLO,2:3,0,0,0,-1,0,13:53,
20.11.2022,21.,Tipsport extraliga,TRI – MHK,4:1,0,0,0,2,2,14:56,
18.11.2022,20.,Tipsport extraliga,LIB – TRI,1:4,0,0,0,0,0,15:47,
16.11.2022,37.,Tipsport extraliga,TRI – SPA,2:1,0,0,0,0,0,14:04,
6.11.2022,19.,Tipsport extraliga,TRI – KLA,8:0,0,0,0,0,0,13:50,
2.11.2022,17.,Tipsport extraliga,TRI – VIT,1:2,0,0,0,-1,0,19:42,
30.10.2022,16.,Tipsport extraliga,KVA – TRI,2:6,0,0,0,0,0,18:04,
9.10.2022,9.,Tipsport extraliga,TRI – LIT,4:1,0,0,0,0,0,14:28,
2.10.2022,7.,Tipsport extraliga,TRI – LIB,3:4,1,0,1,-1,0,19:05,
29.9.2022,6.,Tipsport extraliga,KLA – TRI,1:2,0,1,1,0,0,15:40,
27.9.2022,5.,Tipsport extraliga,KOM – TRI,2:4,0,0,0,0,0,19:54,
25.9.2022,4.,Tipsport extraliga,TRI – VIT,3:5,0,0,0,-1,0,20:08,
23.9.2022,3.,Tipsport extraliga,TRI – KVA,1:2,0,0,0,0,0,17:26,
18.9.2022,2.,Tipsport extraliga,PCE – TRI,4:3,0,0,0,-2,0,18:50,
16.9.2022,1.,Tipsport extraliga,TRI – CEB,0:2,0,0,0,0,0,23:38,
