datum,kolo,soutěž,zápas,skóre,G,A,B,+-,TM,TOI,
26.2.2023,50.,Tipsport extraliga,KLA – VIT,0:1,0,0,0,0,0,10:16,
24.2.2023,49.,Tipsport extraliga,KLA – SPA,3:4,0,0,0,1,0,16:54,
19.2.2023,48.,Tipsport extraliga,KLA – OLO,4:5,0,0,0,0,2,13:38,
17.2.2023,47.,Tipsport extraliga,PLZ – KLA,0:3,1,0,1,1,0,14:57,
15.2.2023,46.,Tipsport extraliga,KLA – MBL,2:1,0,0,0,0,0,15:02,
5.2.2023,45.,Tipsport extraliga,TRI – KLA,5:4,1,0,1,1,0,15:11,
3.2.2023,44.,Tipsport extraliga,KLA – LIT,5:2,1,1,2,1,0,19:47,
29.1.2023,43.,Tipsport extraliga,MHK – KLA,4:2,0,0,0,-1,0,17:00,
27.1.2023,42.,Tipsport extraliga,KLA – KOM,0:3,0,0,0,0,0,12:42,
24.1.2023,41.,Tipsport extraliga,KLA – LIB,3:2,1,0,1,1,0,19:14,
22.1.2023,40.,Tipsport extraliga,PCE – KLA,4:2,0,0,0,-1,0,15:37,
20.1.2023,39.,Tipsport extraliga,KVA – KLA,4:2,1,0,1,0,0,12:59,
18.1.2023,27.,Tipsport extraliga,KLA – PCE,1:4,0,0,0,0,0,12:22,
15.1.2023,38.,Tipsport extraliga,CEB – KLA,6:2,0,0,0,0,2,11:37,
13.1.2023,37.,Tipsport extraliga,VIT – KLA,0:3,0,0,0,1,0,12:47,
8.1.2023,36.,Tipsport extraliga,SPA – KLA,4:0,0,0,0,-2,0,14:21,
6.1.2023,35.,Tipsport extraliga,OLO – KLA,6:2,0,0,0,1,2,15:34,
3.1.2023,34.,Tipsport extraliga,KLA – PLZ,3:4,0,0,0,0,0,11:16,
30.12.2022,33.,Tipsport extraliga,MBL – KLA,1:2,0,0,0,0,0,10:43,
28.12.2022,32.,Tipsport extraliga,KLA – TRI,4:3,0,0,0,0,0,06:27,
26.12.2022,31.,Tipsport extraliga,LIT – KLA,2:3,1,1,2,1,2,11:04,
22.12.2022,30.,Tipsport extraliga,KLA – MHK,3:6,0,0,0,-3,0,11:16,
20.12.2022,29.,Tipsport extraliga,KOM – KLA,3:2,0,0,0,0,0,13:04,
11.12.2022,28.,Tipsport extraliga,LIB – KLA,7:3,0,0,0,-2,0,08:42,
4.12.2022,26.,Tipsport extraliga,KLA – KVA,4:1,0,1,1,1,0,15:24,
2.12.2022,25.,Tipsport extraliga,KLA – CEB,1:6,0,0,0,-1,2,13:50,
29.11.2022,24.,Tipsport extraliga,KLA – VIT,2:3,0,1,1,1,0,13:14,
27.11.2022,23.,Tipsport extraliga,SPA – KLA,5:1,0,0,0,-3,0,13:43,
25.11.2022,22.,Tipsport extraliga,KLA – OLO,5:2,0,1,1,2,0,16:09,
20.11.2022,21.,Tipsport extraliga,PLZ – KLA,1:2,0,0,0,1,0,11:35,
18.11.2022,20.,Tipsport extraliga,KLA – MBL,1:2,0,0,0,0,0,11:42,
6.11.2022,19.,Tipsport extraliga,TRI – KLA,8:0,0,0,0,-2,2,14:00,
4.11.2022,18.,Tipsport extraliga,KLA – LIT,3:2,0,0,0,-2,0,08:46,
1.11.2022,17.,Tipsport extraliga,MHK – KLA,8:7,0,0,0,-1,0,09:29,
30.10.2022,16.,Tipsport extraliga,KLA – KOM,3:5,1,0,1,1,0,14:40,
28.10.2022,15.,Tipsport extraliga,KLA – LIB,3:2,1,0,1,0,0,13:38,
23.10.2022,14.,Tipsport extraliga,PCE – KLA,6:2,0,0,0,-2,0,19:15,
21.10.2022,13.,Tipsport extraliga,KVA – KLA,4:3,0,1,1,0,0,16:05,
18.10.2022,12.,Tipsport extraliga,KLA – CEB,2:1,0,0,0,0,0,15:30,
16.10.2022,11.,Tipsport extraliga,VIT – KLA,2:0,0,0,0,0,2,13:35,
14.10.2022,10.,Tipsport extraliga,KLA – SPA,2:5,1,0,1,0,0,12:25,
9.10.2022,9.,Tipsport extraliga,OLO – KLA,3:0,0,0,0,0,0,11:11,
7.10.2022,8.,Tipsport extraliga,KLA – PLZ,0:4,0,0,0,-1,0,13:35,
2.10.2022,7.,Tipsport extraliga,MBL – KLA,4:0,0,0,0,0,4,08:20,
29.9.2022,6.,Tipsport extraliga,KLA – TRI,1:2,0,0,0,0,0,13:47,
27.9.2022,5.,Tipsport extraliga,LIT – KLA,1:2,0,0,0,0,2,11:59,
25.9.2022,4.,Tipsport extraliga,KLA – MHK,2:1,0,0,0,0,0,08:30,
23.9.2022,3.,Tipsport extraliga,KOM – KLA,1:3,0,0,0,0,0,11:02,
18.9.2022,2.,Tipsport extraliga,LIB – KLA,4:3,0,1,1,-1,0,09:22,
16.9.2022,1.,Tipsport extraliga,KLA – PCE,4:5,0,0,0,0,0,09:48,
