datum,kolo,soutěž,zápas,skóre,G,A,B,+-,TM,TOI,
26.2.2023,50.,Tipsport extraliga,SPA – TRI,3:1,1,1,2,2,0,11:23,
24.2.2023,49.,Tipsport extraliga,KLA – SPA,3:4,0,0,0,0,0,15:41,
19.2.2023,48.,Tipsport extraliga,LIB – SPA,2:1,1,0,1,0,0,19:38,
17.2.2023,47.,Tipsport extraliga,CEB – SPA,3:4,0,0,0,2,2,16:41,
15.2.2023,46.,Tipsport extraliga,KVA – SPA,3:6,1,1,2,1,2,19:24,
3.2.2023,44.,Tipsport extraliga,VIT – SPA,3:4,0,0,0,0,0,12:59,
31.1.2023,33.,Tipsport extraliga,SPA – KVA,6:3,0,1,1,0,0,17:40,
29.1.2023,43.,Tipsport extraliga,PLZ – SPA,4:3,0,1,1,0,0,18:48,
25.1.2023,41.,Tipsport extraliga,SPA – LIT,3:2,0,1,1,-1,0,17:49,
22.1.2023,40.,Tipsport extraliga,SPA – MBL,4:1,1,1,2,2,0,17:34,
20.1.2023,39.,Tipsport extraliga,SPA – KOM,5:3,0,0,0,-1,0,18:24,
17.1.2023,21.,Tipsport extraliga,SPA – CEB,5:0,0,0,0,1,0,17:11,
15.1.2023,38.,Tipsport extraliga,MHK – SPA,3:4,1,0,1,0,0,22:54,
10.1.2023,32.,Tipsport extraliga,PCE – SPA,0:3,0,1,1,1,0,22:06,
8.1.2023,36.,Tipsport extraliga,SPA – KLA,4:0,0,0,0,0,0,19:06,
6.1.2023,35.,Tipsport extraliga,SPA – LIB,2:5,0,1,1,0,0,19:23,
3.1.2023,34.,Tipsport extraliga,SPA – CEB,5:3,0,1,1,-2,0,18:00,
22.12.2022,30.,Tipsport extraliga,SPA – PLZ,3:0,2,0,2,2,0,17:48,
20.12.2022,29.,Tipsport extraliga,OLO – SPA,0:1,0,0,0,0,2,15:34,
6.12.2022,9.,Tipsport extraliga,LIB – SPA,0:1,0,0,0,0,0,20:06,
4.12.2022,26.,Tipsport extraliga,KOM – SPA,2:6,0,0,0,0,2,15:16,
2.12.2022,25.,Tipsport extraliga,SPA – MHK,2:1,0,0,0,-1,0,18:21,
29.11.2022,24.,Tipsport extraliga,SPA – TRI,1:0,0,0,0,0,2,18:45,
27.11.2022,23.,Tipsport extraliga,SPA – KLA,5:1,1,2,3,2,0,15:46,
25.11.2022,22.,Tipsport extraliga,SPA – LIB,3:1,0,0,0,0,0,15:42,
18.11.2022,20.,Tipsport extraliga,KVA – SPA,1:5,0,1,1,1,0,15:50,
16.11.2022,37.,Tipsport extraliga,TRI – SPA,2:1,1,0,1,1,2,17:41,
23.10.2022,14.,Tipsport extraliga,SPA – MBL,3:2,0,0,0,0,0,10:10,
21.10.2022,13.,Tipsport extraliga,SPA – KOM,2:3,0,0,0,0,0,16:25,
18.10.2022,12.,Tipsport extraliga,MHK – SPA,3:2,1,0,1,1,0,14:35,
16.10.2022,11.,Tipsport extraliga,TRI – SPA,4:2,0,0,0,-1,0,16:41,
14.10.2022,10.,Tipsport extraliga,KLA – SPA,2:5,0,0,0,0,0,16:27,
7.10.2022,8.,Tipsport extraliga,CEB – SPA,2:3,0,1,1,0,0,19:23,
2.10.2022,7.,Tipsport extraliga,SPA – KVA,4:5,0,1,1,-1,4,16:58,
30.9.2022,6.,Tipsport extraliga,PCE – SPA,2:3,1,0,1,1,0,15:15,
27.9.2022,5.,Tipsport extraliga,SPA – VIT,5:3,0,0,0,0,0,15:19,
25.9.2022,4.,Tipsport extraliga,SPA – PLZ,3:2,0,1,1,1,0,14:12,
22.9.2022,3.,Tipsport extraliga,OLO – SPA,4:0,0,0,0,-1,0,15:37,
18.9.2022,2.,Tipsport extraliga,SPA – LIT,3:0,0,0,0,0,2,14:57,
16.9.2022,1.,Tipsport extraliga,MBL – SPA,4:2,0,0,0,-1,0,16:52,
