datum,kolo,soutěž,zápas,skóre,G,A,B,+-,TM,TOI,
26.2.2023,50.,Tipsport extraliga,MHK – MBL,3:2,0,0,0,1,0,13:13,
24.2.2023,49.,Tipsport extraliga,OLO – MHK,0:4,0,0,0,1,0,15:53,
19.2.2023,48.,Tipsport extraliga,MHK – PLZ,2:1,0,0,0,0,0,17:33,
17.2.2023,47.,Tipsport extraliga,TRI – MHK,1:2,0,0,0,0,0,19:22,
15.2.2023,46.,Tipsport extraliga,MHK – LIT,3:0,0,1,1,1,0,14:55,
13.2.2023,8.,Tipsport extraliga,MHK – TRI,4:3,0,0,0,1,0,16:13,
5.2.2023,45.,Tipsport extraliga,MHK – KOM,1:0,0,1,1,1,0,19:11,
2.2.2023,44.,Tipsport extraliga,CEB – MHK,2:3,0,0,0,0,0,16:27,
29.1.2023,43.,Tipsport extraliga,MHK – KLA,4:2,0,0,0,1,2,16:15,
27.1.2023,42.,Tipsport extraliga,VIT – MHK,2:5,0,1,1,3,0,17:50,
24.1.2023,41.,Tipsport extraliga,MHK – KVA,3:0,0,1,1,2,0,17:37,
22.1.2023,40.,Tipsport extraliga,LIB – MHK,3:1,0,0,0,-1,2,16:19,
20.1.2023,39.,Tipsport extraliga,PCE – MHK,4:1,0,0,0,-1,0,22:43,
15.1.2023,38.,Tipsport extraliga,MHK – SPA,3:4,0,1,1,0,0,20:16,
13.1.2023,37.,Tipsport extraliga,MBL – MHK,3:2,0,0,0,-2,0,19:23,
10.1.2023,27.,Tipsport extraliga,MHK – LIB,5:4,0,0,0,-1,0,16:50,
8.1.2023,36.,Tipsport extraliga,MHK – OLO,5:4,0,1,1,-1,0,20:47,
5.1.2023,35.,Tipsport extraliga,PLZ – MHK,0:4,0,0,0,0,0,19:22,
3.1.2023,34.,Tipsport extraliga,MHK – TRI,2:3,0,0,0,1,0,19:10,
30.12.2022,33.,Tipsport extraliga,LIT – MHK,2:3,0,0,0,0,0,19:39,
28.12.2022,32.,Tipsport extraliga,KOM – MHK,2:3,0,0,0,-1,0,22:33,
26.12.2022,31.,Tipsport extraliga,MHK – CEB,1:4,0,0,0,-1,0,23:23,
22.12.2022,30.,Tipsport extraliga,KLA – MHK,3:6,0,0,0,1,0,21:52,
20.12.2022,29.,Tipsport extraliga,MHK – VIT,4:3,0,1,1,0,2,22:03,
11.12.2022,28.,Tipsport extraliga,KVA – MHK,1:4,0,0,0,0,0,21:48,
4.12.2022,26.,Tipsport extraliga,MHK – PCE,4:0,0,0,0,1,0,21:06,
2.12.2022,25.,Tipsport extraliga,SPA – MHK,2:1,0,0,0,1,0,20:52,
29.11.2022,24.,Tipsport extraliga,MHK – MBL,0:2,0,0,0,0,0,20:51,
25.11.2022,22.,Tipsport extraliga,MHK – PLZ,1:4,0,0,0,-1,0,13:13,
18.11.2022,20.,Tipsport extraliga,MHK – LIT,3:0,0,0,0,0,0,12:46,
4.11.2022,18.,Tipsport extraliga,LIB – MBL,6:2,0,0,0,0,0,14:15,
30.10.2022,16.,Tipsport extraliga,LIB – LIT,2:3,0,0,0,1,0,18:59,
28.10.2022,15.,Tipsport extraliga,KLA – LIB,3:2,0,0,0,0,0,15:34,
23.10.2022,14.,Tipsport extraliga,LIB – MHK,3:6,0,1,1,0,2,16:59,
21.10.2022,13.,Tipsport extraliga,VIT – LIB,6:3,0,1,1,-2,0,16:54,
18.10.2022,12.,Tipsport extraliga,LIB – KVA,3:4,0,0,0,-1,0,14:56,
16.10.2022,11.,Tipsport extraliga,PCE – LIB,1:0,0,0,0,0,0,16:41,
7.10.2022,8.,Tipsport extraliga,LIB – OLO,6:2,0,0,0,3,0,14:49,
4.10.2022,10.,Tipsport extraliga,LIB – CEB,6:1,0,0,0,1,2,13:32,
2.10.2022,7.,Tipsport extraliga,TRI – LIB,3:4,0,1,1,1,0,12:57,
29.9.2022,6.,Tipsport extraliga,LIB – PLZ,2:3,0,0,0,0,0,17:32,
27.9.2022,5.,Tipsport extraliga,MBL – LIB,2:1,0,0,0,1,0,16:14,
25.9.2022,4.,Tipsport extraliga,LIB – KOM,2:3,0,0,0,0,0,19:03,
18.9.2022,2.,Tipsport extraliga,LIB – KLA,4:3,0,0,0,-1,4,09:52,
16.9.2022,1.,Tipsport extraliga,MHK – LIB,1:2,0,0,0,0,0,20:09,
