datum,kolo,soutěž,zápas,skóre,G,A,B,+-,TM,TOI,
26.2.2023,50.,Tipsport extraliga,SPA – TRI,3:1,0,0,0,0,0,05:10,
24.2.2023,49.,Tipsport extraliga,KLA – SPA,3:4,1,0,1,0,0,10:30,
19.2.2023,48.,Tipsport extraliga,LIB – SPA,2:1,0,0,0,0,0,07:30,
17.2.2023,47.,Tipsport extraliga,CEB – SPA,3:4,0,0,0,0,0,08:38,
5.2.2023,45.,Tipsport extraliga,SPA – PCE,4:2,0,0,0,0,0,11:07,
3.2.2023,44.,Tipsport extraliga,VIT – SPA,3:4,0,0,0,-1,0,12:57,
29.1.2023,43.,Tipsport extraliga,PLZ – SPA,4:3,0,1,1,1,0,07:39,
25.1.2023,41.,Tipsport extraliga,SPA – LIT,3:2,0,0,0,-1,0,08:56,
20.1.2023,39.,Tipsport extraliga,SPA – KOM,5:3,0,0,0,1,0,07:15,
17.1.2023,21.,Tipsport extraliga,SPA – CEB,5:0,0,0,0,0,0,08:21,
