datum,kolo,soutěž,zápas,skóre,G,A,B,+-,TM,TOI,
26.2.2023,50.,Tipsport extraliga,MHK – MBL,3:2,0,0,0,0,0,10:53,
24.2.2023,49.,Tipsport extraliga,OLO – MHK,0:4,1,0,1,1,2,17:41,
19.2.2023,48.,Tipsport extraliga,MHK – PLZ,2:1,0,0,0,0,0,15:07,
15.2.2023,46.,Tipsport extraliga,MHK – LIT,3:0,0,1,1,2,0,14:41,
13.2.2023,8.,Tipsport extraliga,MHK – TRI,4:3,1,1,2,1,2,13:06,
3.1.2023,34.,Tipsport extraliga,MHK – TRI,2:3,0,1,1,0,2,16:55,
30.12.2022,33.,Tipsport extraliga,LIT – MHK,2:3,0,1,1,0,0,17:41,
28.12.2022,32.,Tipsport extraliga,KOM – MHK,2:3,0,0,0,1,0,16:17,
26.12.2022,31.,Tipsport extraliga,MHK – CEB,1:4,0,1,1,-1,2,19:37,
22.12.2022,30.,Tipsport extraliga,KLA – MHK,3:6,1,2,3,4,0,15:55,
20.12.2022,29.,Tipsport extraliga,MHK – VIT,4:3,0,0,0,-1,2,17:26,
11.12.2022,28.,Tipsport extraliga,KVA – MHK,1:4,2,1,3,3,0,14:39,
4.12.2022,26.,Tipsport extraliga,MHK – PCE,4:0,1,1,2,1,0,16:21,
2.12.2022,25.,Tipsport extraliga,SPA – MHK,2:1,1,0,1,1,4,16:14,
29.11.2022,24.,Tipsport extraliga,MHK – MBL,0:2,0,0,0,-1,2,18:38,
27.11.2022,23.,Tipsport extraliga,OLO – MHK,5:0,0,0,0,-1,5,15:04,
25.11.2022,22.,Tipsport extraliga,MHK – PLZ,1:4,0,0,0,-1,0,17:42,
20.11.2022,21.,Tipsport extraliga,TRI – MHK,4:1,0,0,0,-1,2,17:53,
18.11.2022,20.,Tipsport extraliga,MHK – LIT,3:0,1,0,1,1,0,19:12,
6.11.2022,19.,Tipsport extraliga,MHK – KOM,5:1,1,0,1,2,2,19:13,
4.11.2022,18.,Tipsport extraliga,CEB – MHK,2:1,0,0,0,0,0,16:51,
1.11.2022,17.,Tipsport extraliga,MHK – KLA,8:7,0,4,4,0,4,17:38,
30.10.2022,16.,Tipsport extraliga,VIT – MHK,5:2,1,0,1,1,0,18:42,
28.10.2022,15.,Tipsport extraliga,MHK – KVA,1:2,0,0,0,-2,0,17:06,
23.10.2022,14.,Tipsport extraliga,LIB – MHK,3:6,1,0,1,2,0,17:34,
21.10.2022,13.,Tipsport extraliga,PCE – MHK,5:2,0,0,0,-1,0,18:13,
18.10.2022,12.,Tipsport extraliga,MHK – SPA,3:2,0,1,1,1,0,17:43,
16.10.2022,11.,Tipsport extraliga,MBL – MHK,0:2,0,0,0,1,0,17:48,
14.10.2022,10.,Tipsport extraliga,MHK – OLO,0:3,0,0,0,-2,0,16:34,
9.10.2022,9.,Tipsport extraliga,PLZ – MHK,2:5,1,0,1,0,0,13:09,
2.10.2022,7.,Tipsport extraliga,LIT – MHK,3:2,1,0,1,0,2,16:20,
30.9.2022,6.,Tipsport extraliga,KOM – MHK,4:0,0,0,0,-1,4,14:44,
27.9.2022,5.,Tipsport extraliga,MHK – CEB,3:1,0,0,0,0,0,15:07,
25.9.2022,4.,Tipsport extraliga,KLA – MHK,2:1,0,0,0,0,0,15:14,
23.9.2022,3.,Tipsport extraliga,MHK – VIT,3:2,0,0,0,0,0,20:34,
18.9.2022,2.,Tipsport extraliga,KVA – MHK,2:3,0,0,0,-1,0,15:25,
16.9.2022,1.,Tipsport extraliga,MHK – LIB,1:2,0,0,0,0,0,13:33,
