datum,kolo,soutěž,zápas,skóre,G,A,B,+-,TM,TOI,
26.2.2023,50.,Tipsport extraliga,LIT – PLZ,2:0,0,0,0,0,0,08:24,
24.2.2023,49.,Tipsport extraliga,MBL – LIT,1:2,0,0,0,-1,0,10:36,
19.2.2023,48.,Tipsport extraliga,LIT – TRI,4:3,0,0,0,0,0,11:52,
17.2.2023,47.,Tipsport extraliga,LIT – KOM,3:2,0,0,0,0,2,07:47,
15.2.2023,46.,Tipsport extraliga,MHK – LIT,3:0,0,0,0,0,2,12:09,
5.2.2023,45.,Tipsport extraliga,LIT – KVA,1:2,0,0,0,0,0,12:26,
3.2.2023,44.,Tipsport extraliga,KLA – LIT,5:2,0,0,0,-1,0,14:57,
29.1.2023,43.,Tipsport extraliga,LIT – CEB,1:0,0,0,0,0,0,15:04,
27.1.2023,42.,Tipsport extraliga,LIB – LIT,5:1,0,0,0,-1,2,13:35,
25.1.2023,41.,Tipsport extraliga,SPA – LIT,3:2,0,0,0,1,0,11:03,
15.1.2023,38.,Tipsport extraliga,LIT – PCE,1:2,0,0,0,0,0,09:33,
13.1.2023,37.,Tipsport extraliga,PLZ – LIT,4:1,0,0,0,-2,0,11:52,
8.1.2023,36.,Tipsport extraliga,LIT – MBL,4:3,0,0,0,-1,0,14:59,
6.1.2023,35.,Tipsport extraliga,TRI – LIT,3:2,0,0,0,0,0,16:06,
3.1.2023,34.,Tipsport extraliga,KOM – LIT,3:1,0,0,0,0,0,12:21,
30.12.2022,33.,Tipsport extraliga,LIT – MHK,2:3,0,0,0,1,0,09:46,
28.12.2022,32.,Tipsport extraliga,KVA – LIT,3:0,0,0,0,-1,0,13:43,
26.12.2022,31.,Tipsport extraliga,LIT – KLA,2:3,0,2,2,1,0,13:37,
22.12.2022,30.,Tipsport extraliga,CEB – LIT,2:5,0,1,1,1,0,14:27,
20.12.2022,29.,Tipsport extraliga,LIT – LIB,3:2,0,0,0,1,0,11:38,
12.12.2022,12.,CHANCE LIGA,SOK – KOL,0:5,0,2,2,3,0,14:29,
11.12.2022,28.,Tipsport extraliga,LIT – SPA,5:2,0,1,1,2,0,08:55,
10.12.2022,29.,CHANCE LIGA,SOK – SUM,2:1,0,0,0,-1,0,15:18,
9.12.2022,27.,Tipsport extraliga,LIT – VIT,5:3,1,0,1,1,0,11:11,
7.12.2022,28.,CHANCE LIGA,SLA – SOK,3:1,0,0,0,0,2,16:34,
6.12.2022,25.,Tipsport extraliga,PCE – LIT,1:0,0,0,0,0,2,09:56,
4.12.2022,26.,Tipsport extraliga,LIT – OLO,5:3,0,1,1,4,0,09:15,
3.12.2022,26.,CHANCE LIGA,SOK – PRE,2:1,0,0,0,1,2,23:13,
30.11.2022,25.,CHANCE LIGA,KOL – SOK,4:0,0,0,0,0,,14:33,
23.11.2022,23.,CHANCE LIGA,TRE – SOK,3:2,0,0,0,-1,,14:19,
19.11.2022,22.,CHANCE LIGA,SOK – PRO,3:1,0,0,0,1,,15:43,
16.11.2022,21.,CHANCE LIGA,SOK – JIH,1:2,0,0,0,0,0,19:18,
14.11.2022,20.,CHANCE LIGA,SOK – VSE,3:2,0,0,0,-1,,18:25,
3.11.2022,19.,CHANCE LIGA,POR – SOK,5:1,0,0,0,-1,,15:57,
2.11.2022,18.,CHANCE LIGA,ZLN – SOK,3:0,0,0,0,0,0,15:58,
29.10.2022,17.,CHANCE LIGA,SOK – FRM,1:3,0,0,0,-1,0,22:36,
26.10.2022,16.,CHANCE LIGA,SUM – SOK,4:3,0,0,0,1,0,16:33,
24.10.2022,15.,CHANCE LIGA,SOK – SLA,2:3,0,0,0,0,0,16:09,
22.10.2022,14.,CHANCE LIGA,PCE – SOK,3:4,0,1,1,-1,0,19:08,
19.10.2022,13.,CHANCE LIGA,PRE – SOK,3:2,1,0,1,1,0,13:07,
12.10.2022,11.,CHANCE LIGA,LTM – SOK,3:5,2,0,2,1,0,18:15,
10.10.2022,10.,CHANCE LIGA,SOK – TRE,4:1,0,2,2,0,2,16:47,
8.10.2022,9.,CHANCE LIGA,PRO – SOK,5:2,0,0,0,0,25,05:56,
5.10.2022,8.,CHANCE LIGA,JIH – SOK,2:3,0,0,0,-1,0,17:04,
1.10.2022,7.,CHANCE LIGA,SOK – VSE,3:2,0,1,1,0,0,17:23,
30.9.2022,6.,CHANCE LIGA,SOK – POR,2:4,0,0,0,-2,2,21:39,
26.9.2022,5.,CHANCE LIGA,SOK – ZLN,2:1,1,0,1,0,,23:27,
24.9.2022,4.,CHANCE LIGA,FRM – SOK,1:2,0,0,0,2,0,17:49,
21.9.2022,3.,CHANCE LIGA,SOK – SUM,4:5,0,0,0,1,0,18:06,
14.9.2022,1.,CHANCE LIGA,SOK – PCE,2:5,1,0,1,1,,15:05,
