datum,kolo,soutěž,zápas,skóre,G,A,B,+-,TM,TOI,
25.2.2023,50.,CHANCE LIGA,ZLN – PCE,1:0,0,0,0,0,0,19:03,
22.2.2023,49.,CHANCE LIGA,PCE – POR,5:4,0,2,2,-1,2,17:05,
18.2.2023,48.,CHANCE LIGA,PCE – FRM,4:3,1,0,1,0,0,19:56,
15.2.2023,47.,CHANCE LIGA,KOL – PCE,4:2,0,1,1,0,0,21:00,
13.2.2023,46.,CHANCE LIGA,PCE – PRE,6:4,1,3,4,3,0,16:55,
25.1.2023,41.,CHANCE LIGA,LTM – PCE,5:6,0,0,0,1,2,22:00,
21.1.2023,40.,CHANCE LIGA,PCE – SOK,2:4,0,0,0,-2,0,15:25,
18.1.2023,39.,CHANCE LIGA,PCE – SUM,5:1,1,2,3,2,0,15:23,
14.1.2023,38.,CHANCE LIGA,JIH – PCE,1:4,1,0,1,1,0,16:47,
11.1.2023,37.,CHANCE LIGA,PCE – ZLN,5:2,1,0,1,1,0,15:45,
4.1.2023,34.,CHANCE LIGA,PCE – KOL,3:5,1,0,1,0,0,16:39,
27.12.2022,32.,CHANCE LIGA,PCE – TRE,2:5,1,0,1,0,0,20:41,
21.12.2022,31.,CHANCE LIGA,SLA – PCE,5:3,0,0,0,0,2,22:14,
19.12.2022,30.,CHANCE LIGA,PCE – PRO,4:1,0,0,0,1,0,20:13,
17.12.2022,33.,CHANCE LIGA,PRE – PCE,2:1,1,0,1,0,2,24:31,
11.12.2022,28.,Tipsport extraliga,PCE – TRI,0:3,0,0,0,0,0,08:22,
10.12.2022,29.,CHANCE LIGA,VSE – PCE,3:2,1,0,1,1,2,20:34,
7.12.2022,28.,CHANCE LIGA,PCE – LTM,4:1,1,0,1,1,2,18:59,
5.12.2022,27.,CHANCE LIGA,SOK – PCE,5:3,1,1,2,1,2,19:43,
3.12.2022,26.,CHANCE LIGA,SUM – PCE,4:3,0,1,1,0,0,18:10,
30.11.2022,25.,CHANCE LIGA,PCE – JIH,2:4,1,1,2,0,2,15:15,
29.11.2022,24.,Tipsport extraliga,PCE – LIB,1:3,0,0,0,0,0,14:01,
27.11.2022,23.,Tipsport extraliga,PCE – KOM,4:3,0,0,0,0,2,15:23,
25.11.2022,22.,Tipsport extraliga,KVA – PCE,1:3,0,0,0,0,0,14:38,
22.11.2022,21.,Tipsport extraliga,VIT – PCE,4:5,0,0,0,-2,4,13:45,
19.11.2022,22.,CHANCE LIGA,PCE – FRM,2:4,0,0,0,-1,,18:52,
17.11.2022,20.,Tipsport extraliga,CEB – PCE,2:4,0,0,0,0,0,16:07,
14.11.2022,20.,CHANCE LIGA,PCE – PRE,1:3,0,0,0,-1,,20:14,
6.11.2022,19.,Tipsport extraliga,SPA – PCE,2:3,0,0,0,-1,0,15:26,
3.11.2022,18.,Tipsport extraliga,PCE – OLO,3:0,0,0,0,0,0,13:36,
1.11.2022,17.,Tipsport extraliga,MBL – PCE,0:1,0,1,1,1,0,12:13,
30.10.2022,16.,Tipsport extraliga,PCE – PLZ,7:2,0,1,1,1,0,14:09,
27.10.2022,15.,Tipsport extraliga,TRI – PCE,2:3,0,0,0,0,0,13:34,
23.10.2022,14.,Tipsport extraliga,PCE – KLA,6:2,1,1,2,2,0,15:06,
21.10.2022,13.,Tipsport extraliga,PCE – MHK,5:2,0,0,0,1,0,12:28,
18.10.2022,12.,Tipsport extraliga,LIT – PCE,0:1,0,0,0,0,2,12:50,
16.10.2022,11.,Tipsport extraliga,PCE – LIB,1:0,0,0,0,0,0,14:48,
13.10.2022,10.,Tipsport extraliga,KOM – PCE,4:3,0,0,0,0,0,13:54,
10.10.2022,10.,CHANCE LIGA,POR – PCE,5:3,0,1,1,0,2,18:09,
9.10.2022,9.,Tipsport extraliga,PCE – KVA,2:4,0,0,0,0,2,05:49,
6.10.2022,8.,Tipsport extraliga,PCE – VIT,2:1,0,0,0,0,0,09:01,
2.10.2022,7.,Tipsport extraliga,PCE – CEB,6:1,0,0,0,0,0,09:40,
1.10.2022,7.,CHANCE LIGA,PRE – PCE,4:3,0,3,3,0,2,18:23,
30.9.2022,6.,Tipsport extraliga,PCE – SPA,2:3,0,0,0,0,0,06:13,
28.9.2022,6.,CHANCE LIGA,PCE – TRE,2:3,1,0,1,0,2,18:58,
26.9.2022,5.,CHANCE LIGA,SLA – PCE,4:0,0,0,0,-1,,16:03,
24.9.2022,4.,CHANCE LIGA,PCE – PRO,4:0,0,1,1,1,,14:27,
21.9.2022,3.,CHANCE LIGA,VSE – PCE,3:1,0,0,0,-1,0,20:20,
17.9.2022,2.,CHANCE LIGA,PCE – LTM,2:5,1,0,1,1,,20:12,
16.9.2022,1.,Tipsport extraliga,KLA – PCE,4:5,0,0,0,-1,2,09:03,
