datum,kolo,soutěž,zápas,skóre,G,A,B,+-,TM,TOI,
28.10.2022,15.,Tipsport extraliga,KLA – LIB,3:2,0,0,0,0,0,03:23,
23.10.2022,14.,Tipsport extraliga,LIB – MHK,3:6,0,0,0,-1,0,13:47,
21.10.2022,13.,Tipsport extraliga,VIT – LIB,6:3,0,0,0,0,0,19:45,
18.10.2022,12.,Tipsport extraliga,LIB – KVA,3:4,0,0,0,-1,0,15:39,
16.10.2022,11.,Tipsport extraliga,PCE – LIB,1:0,0,0,0,0,0,18:51,
7.10.2022,8.,Tipsport extraliga,LIB – OLO,6:2,0,0,0,0,0,19:57,
4.10.2022,10.,Tipsport extraliga,LIB – CEB,6:1,0,1,1,1,0,17:33,
2.10.2022,7.,Tipsport extraliga,TRI – LIB,3:4,0,0,0,1,2,17:01,
29.9.2022,6.,Tipsport extraliga,LIB – PLZ,2:3,0,0,0,0,0,14:22,
27.9.2022,5.,Tipsport extraliga,MBL – LIB,2:1,0,0,0,0,0,17:48,
25.9.2022,4.,Tipsport extraliga,LIB – KOM,2:3,0,0,0,0,2,15:40,
23.9.2022,3.,Tipsport extraliga,LIT – LIB,2:3,0,0,0,1,0,20:24,
18.9.2022,2.,Tipsport extraliga,LIB – KLA,4:3,1,0,1,2,0,20:43,
16.9.2022,1.,Tipsport extraliga,MHK – LIB,1:2,0,0,0,-1,0,15:03,
