datum,kolo,soutěž,zápas,skóre,G,A,B,+-,TM,TOI,
26.2.2023,50.,Tipsport extraliga,MHK – MBL,3:2,1,0,1,0,0,10:03,
24.2.2023,49.,Tipsport extraliga,MBL – LIT,1:2,0,0,0,0,0,19:59,
19.2.2023,48.,Tipsport extraliga,KOM – MBL,1:4,0,1,1,3,0,17:52,
17.2.2023,47.,Tipsport extraliga,MBL – KVA,0:2,0,0,0,-1,0,18:58,
15.2.2023,46.,Tipsport extraliga,KLA – MBL,2:1,0,0,0,0,2,13:34,
27.1.2023,42.,Tipsport extraliga,CEB – MBL,5:4,0,0,0,-2,0,19:31,
24.1.2023,41.,Tipsport extraliga,MBL – OLO,4:0,1,0,1,0,0,16:28,
22.1.2023,40.,Tipsport extraliga,SPA – MBL,4:1,0,0,0,-2,0,15:49,
20.1.2023,39.,Tipsport extraliga,MBL – TRI,1:0,0,0,0,1,0,15:24,
17.1.2023,19.,Tipsport extraliga,MBL – VIT,3:2,1,0,1,0,0,15:31,
