datum,kolo,soutěž,zápas,skóre,G,A,B,+-,TM,TOI,
26.2.2023,50.,Tipsport extraliga,KVA – CEB,5:1,0,0,0,-1,0,02:19,
22.2.2023,49.,Tipsport extraliga,CEB – LIB,3:4,0,0,0,-1,0,16:18,
19.2.2023,48.,Tipsport extraliga,VIT – CEB,1:4,0,0,0,0,0,16:27,
17.2.2023,47.,Tipsport extraliga,CEB – SPA,3:4,0,0,0,-1,2,17:01,
15.2.2023,46.,Tipsport extraliga,CEB – PCE,3:7,0,0,0,-2,0,17:08,
5.2.2023,45.,Tipsport extraliga,OLO – CEB,3:2,0,0,0,0,0,16:04,
2.2.2023,44.,Tipsport extraliga,CEB – MHK,2:3,0,0,0,-1,0,13:50,
1.2.2023,44.,CHANCE LIGA,JIH – PRO,3:6,0,0,0,-4,0,17:58,
29.1.2023,43.,Tipsport extraliga,LIT – CEB,1:0,0,0,0,0,0,16:32,
28.1.2023,42.,CHANCE LIGA,ZLN – JIH,4:1,0,0,0,-2,0,19:34,
25.1.2023,41.,CHANCE LIGA,JIH – FRM,7:1,0,0,0,0,0,16:30,
24.1.2023,41.,Tipsport extraliga,KOM – CEB,5:2,0,0,0,0,0,06:54,
21.1.2023,40.,CHANCE LIGA,POR – JIH,4:0,0,0,0,0,0,17:52,
18.1.2023,39.,CHANCE LIGA,SLA – JIH,3:2,0,0,0,-1,0,21:28,
17.1.2023,21.,Tipsport extraliga,SPA – CEB,5:0,0,0,0,0,0,01:27,
13.1.2023,37.,Tipsport extraliga,CEB – KVA,2:4,0,1,1,1,0,01:47,
3.1.2023,34.,Tipsport extraliga,SPA – CEB,5:3,0,0,0,1,0,14:52,
30.12.2022,33.,Tipsport extraliga,PCE – CEB,4:1,0,0,0,-1,0,15:29,
21.12.2022,31.,CHANCE LIGA,SOK – ZLN,4:3,1,0,1,-1,0,24:21,
18.12.2022,30.,CHANCE LIGA,ZLN – VSE,2:5,0,0,0,0,0,24:31,
10.12.2022,29.,CHANCE LIGA,JIH – ZLN,4:3,1,1,2,1,0,19:21,
7.12.2022,28.,CHANCE LIGA,SUM – ZLN,3:1,0,0,0,0,0,19:52,
4.12.2022,27.,CHANCE LIGA,ZLN – KOL,4:3,0,0,0,0,4,20:17,
2.12.2022,26.,CHANCE LIGA,ZLN – POR,1:3,0,0,0,0,0,19:15,
30.11.2022,25.,CHANCE LIGA,FRM – ZLN,2:1,0,0,0,-1,8,18:07,
26.11.2022,24.,CHANCE LIGA,ZLN – PCE,2:3,0,0,0,1,0,24:47,
17.11.2022,20.,Tipsport extraliga,CEB – PCE,2:4,0,0,0,0,0,07:12,
6.11.2022,19.,Tipsport extraliga,OLO – CEB,3:1,0,0,0,0,2,16:28,
4.11.2022,18.,Tipsport extraliga,CEB – MHK,2:1,0,0,0,0,2,13:48,
1.11.2022,17.,Tipsport extraliga,LIT – CEB,6:4,0,0,0,-1,2,07:52,
30.10.2022,16.,Tipsport extraliga,CEB – MBL,3:0,0,0,0,0,0,19:19,
28.10.2022,15.,Tipsport extraliga,KOM – CEB,3:0,0,0,0,-1,0,18:06,
23.10.2022,14.,Tipsport extraliga,CEB – TRI,3:2,0,1,1,2,0,16:16,
22.10.2022,14.,CHANCE LIGA,POR – JIH,4:1,0,0,0,1,0,17:26,
20.10.2022,13.,Tipsport extraliga,CEB – PLZ,3:2,0,0,0,1,0,20:50,
18.10.2022,12.,Tipsport extraliga,KLA – CEB,2:1,0,0,0,1,0,09:16,
16.10.2022,11.,Tipsport extraliga,KVA – CEB,4:3,0,0,0,-1,0,05:08,
12.10.2022,11.,CHANCE LIGA,PRE – JIH,2:3,0,0,0,0,0,18:16,
10.10.2022,10.,CHANCE LIGA,JIH – KOL,3:2,0,0,0,1,0,17:49,
8.10.2022,9.,CHANCE LIGA,TRE – JIH,4:1,0,0,0,1,0,17:51,
2.10.2022,7.,Tipsport extraliga,PCE – CEB,6:1,0,0,0,-1,0,15:20,
30.9.2022,6.,Tipsport extraliga,CEB – OLO,1:2,0,0,0,0,2,10:51,
27.9.2022,5.,Tipsport extraliga,MHK – CEB,3:1,0,0,0,-1,2,13:50,
23.9.2022,3.,Tipsport extraliga,MBL – CEB,5:1,0,0,0,-2,0,16:45,
20.9.2022,4.,Tipsport extraliga,CEB – LIT,6:3,0,0,0,1,2,12:35,
18.9.2022,2.,Tipsport extraliga,CEB – KOM,6:2,0,0,0,-1,0,15:46,
16.9.2022,1.,Tipsport extraliga,TRI – CEB,0:2,0,0,0,0,2,08:54,
