datum,kolo,soutěž,zápas,skóre,G,A,B,+-,TM,TOI,
24.2.2023,49.,Tipsport extraliga,PCE – KOM,1:3,0,1,1,1,0,16:14,
19.2.2023,48.,Tipsport extraliga,KVA – PCE,0:5,0,0,0,1,0,15:21,
17.2.2023,47.,Tipsport extraliga,PCE – VIT,1:4,0,0,0,0,2,18:30,
15.2.2023,46.,Tipsport extraliga,CEB – PCE,3:7,0,2,2,3,2,21:41,
12.2.2023,,Beijer Hockey Games 2023,SUI – CZE,1:2,0,0,0,-1,0,-,
9.2.2023,,Beijer Hockey Games 2023,CZE – SWE,2:1,0,0,0,-1,0,-,
5.2.2023,45.,Tipsport extraliga,SPA – PCE,4:2,0,0,0,0,0,14:51,
3.2.2023,44.,Tipsport extraliga,PCE – OLO,4:1,0,0,0,0,0,16:03,
29.1.2023,43.,Tipsport extraliga,MBL – PCE,3:5,0,0,0,2,0,13:03,
18.1.2023,27.,Tipsport extraliga,KLA – PCE,1:4,0,0,0,1,0,17:22,
15.1.2023,38.,Tipsport extraliga,LIT – PCE,1:2,0,0,0,0,0,16:33,
13.1.2023,37.,Tipsport extraliga,LIB – PCE,3:4,0,0,0,-1,0,16:28,
10.1.2023,32.,Tipsport extraliga,PCE – SPA,0:3,0,0,0,-1,0,14:43,
8.1.2023,36.,Tipsport extraliga,KOM – PCE,1:4,0,0,0,0,0,16:55,
6.1.2023,35.,Tipsport extraliga,PCE – KVA,7:4,1,0,1,1,0,17:46,
3.1.2023,34.,Tipsport extraliga,VIT – PCE,2:3,0,0,0,-1,2,17:52,
30.12.2022,33.,Tipsport extraliga,PCE – CEB,4:1,1,0,1,2,2,16:22,
26.12.2022,31.,Tipsport extraliga,OLO – PCE,3:2,0,0,0,0,0,13:46,
22.12.2022,30.,Tipsport extraliga,PCE – MBL,2:1,0,0,0,0,0,13:34,
20.12.2022,29.,Tipsport extraliga,PLZ – PCE,0:2,0,0,0,1,0,17:24,
6.12.2022,25.,Tipsport extraliga,PCE – LIT,1:0,0,0,0,0,0,06:16,
4.12.2022,26.,Tipsport extraliga,MHK – PCE,4:0,0,0,0,-2,5,15:55,
29.11.2022,24.,Tipsport extraliga,PCE – LIB,1:3,0,0,0,-1,0,15:51,
27.11.2022,23.,Tipsport extraliga,PCE – KOM,4:3,0,1,1,1,0,16:38,
25.11.2022,22.,Tipsport extraliga,KVA – PCE,1:3,0,0,0,0,0,15:09,
22.11.2022,21.,Tipsport extraliga,VIT – PCE,4:5,0,0,0,0,0,16:57,
19.11.2022,22.,CHANCE LIGA,PCE – FRM,2:4,0,0,0,-2,,23:40,
17.11.2022,20.,Tipsport extraliga,CEB – PCE,2:4,0,0,0,1,0,20:56,
14.11.2022,20.,CHANCE LIGA,PCE – PRE,1:3,0,0,0,-1,,24:46,
6.11.2022,19.,Tipsport extraliga,SPA – PCE,2:3,0,0,0,-1,4,22:10,
3.11.2022,18.,Tipsport extraliga,PCE – OLO,3:0,1,0,1,1,4,15:20,
1.11.2022,17.,Tipsport extraliga,MBL – PCE,0:1,0,0,0,0,2,17:47,
30.10.2022,16.,Tipsport extraliga,PCE – PLZ,7:2,0,0,0,2,4,15:35,
27.10.2022,15.,Tipsport extraliga,TRI – PCE,2:3,0,0,0,0,0,19:28,
23.10.2022,14.,Tipsport extraliga,PCE – KLA,6:2,0,1,1,2,0,17:36,
21.10.2022,13.,Tipsport extraliga,PCE – MHK,5:2,0,0,0,0,0,15:12,
18.10.2022,12.,Tipsport extraliga,LIT – PCE,0:1,0,0,0,0,0,15:46,
16.10.2022,11.,Tipsport extraliga,PCE – LIB,1:0,0,0,0,0,0,17:51,
13.10.2022,10.,Tipsport extraliga,KOM – PCE,4:3,0,0,0,0,0,15:53,
9.10.2022,9.,Tipsport extraliga,PCE – KVA,2:4,0,0,0,-2,0,16:02,
6.10.2022,8.,Tipsport extraliga,PCE – VIT,2:1,0,0,0,0,2,14:23,
2.10.2022,7.,Tipsport extraliga,PCE – CEB,6:1,0,0,0,2,0,13:19,
30.9.2022,6.,Tipsport extraliga,PCE – SPA,2:3,0,1,1,-1,0,15:49,
27.9.2022,5.,Tipsport extraliga,OLO – PCE,1:2,0,0,0,0,4,13:39,
25.9.2022,4.,Tipsport extraliga,PCE – MBL,2:3,0,0,0,0,0,16:04,
23.9.2022,3.,Tipsport extraliga,PLZ – PCE,1:4,1,1,2,2,2,17:34,
18.9.2022,2.,Tipsport extraliga,PCE – TRI,4:3,0,0,0,0,0,13:48,
16.9.2022,1.,Tipsport extraliga,KLA – PCE,4:5,0,0,0,0,0,15:01,
