datum,kolo,soutěž,zápas,skóre,G,A,B,+-,TM,TOI,
26.2.2023,50.,Tipsport extraliga,MHK – MBL,3:2,0,0,0,-1,0,09:25,
24.2.2023,49.,Tipsport extraliga,MBL – LIT,1:2,0,0,0,1,0,10:09,
19.2.2023,48.,Tipsport extraliga,KOM – MBL,1:4,0,0,0,0,0,15:21,
17.2.2023,47.,Tipsport extraliga,MBL – KVA,0:2,0,0,0,0,0,15:52,
15.2.2023,46.,Tipsport extraliga,KLA – MBL,2:1,0,0,0,0,2,15:22,
5.2.2023,45.,Tipsport extraliga,MBL – VIT,2:3,0,0,0,1,0,19:57,
3.2.2023,44.,Tipsport extraliga,LIB – MBL,4:3,0,0,0,0,0,16:28,
29.1.2023,43.,Tipsport extraliga,MBL – PCE,3:5,0,1,1,0,0,22:13,
27.1.2023,42.,Tipsport extraliga,CEB – MBL,5:4,0,0,0,-1,0,16:41,
24.1.2023,41.,Tipsport extraliga,MBL – OLO,4:0,1,0,1,1,0,15:59,
22.1.2023,40.,Tipsport extraliga,SPA – MBL,4:1,0,0,0,1,0,20:47,
20.1.2023,39.,Tipsport extraliga,MBL – TRI,1:0,0,0,0,0,0,19:59,
17.1.2023,19.,Tipsport extraliga,MBL – VIT,3:2,1,0,1,1,2,17:00,
15.1.2023,38.,Tipsport extraliga,PLZ – MBL,3:2,0,1,1,-1,0,18:39,
13.1.2023,37.,Tipsport extraliga,MBL – MHK,3:2,0,1,1,1,0,18:12,
8.1.2023,36.,Tipsport extraliga,LIT – MBL,4:3,0,0,0,-1,2,19:01,
6.1.2023,35.,Tipsport extraliga,MBL – KOM,7:3,1,1,2,0,0,16:19,
3.1.2023,34.,Tipsport extraliga,KVA – MBL,4:1,0,0,0,-2,0,18:12,
30.12.2022,33.,Tipsport extraliga,MBL – KLA,1:2,1,0,1,-1,0,17:53,
28.12.2022,32.,Tipsport extraliga,VIT – MBL,5:2,0,0,0,-1,2,17:35,
26.12.2022,31.,Tipsport extraliga,MBL – LIB,3:7,0,0,0,-1,0,19:40,
11.12.2022,28.,Tipsport extraliga,OLO – MBL,2:0,0,0,0,0,0,20:02,
9.12.2022,27.,Tipsport extraliga,MBL – SPA,1:2,0,1,1,0,0,20:54,
4.12.2022,26.,Tipsport extraliga,TRI – MBL,3:0,0,0,0,-1,0,18:16,
1.12.2022,25.,Tipsport extraliga,MBL – PLZ,0:1,0,0,0,0,0,18:48,
29.11.2022,24.,Tipsport extraliga,MHK – MBL,0:2,0,1,1,1,0,18:09,
27.11.2022,23.,Tipsport extraliga,MBL – LIT,6:4,1,1,2,0,2,19:50,
25.11.2022,22.,Tipsport extraliga,KOM – MBL,1:3,1,0,1,1,0,21:16,
20.11.2022,21.,Tipsport extraliga,KVA – MBL,4:3,0,0,0,0,0,21:06,
18.11.2022,20.,Tipsport extraliga,KLA – MBL,1:2,0,0,0,0,0,22:39,
16.10.2022,11.,Tipsport extraliga,MBL – MHK,0:2,0,0,0,0,0,04:43,
14.10.2022,10.,Tipsport extraliga,LIT – MBL,3:4,1,1,2,0,0,24:51,
9.10.2022,9.,Tipsport extraliga,MBL – KOM,3:2,0,0,0,1,0,13:43,
6.10.2022,8.,Tipsport extraliga,MBL – KVA,0:1,0,0,0,0,0,19:16,
2.10.2022,7.,Tipsport extraliga,MBL – KLA,4:0,0,0,0,1,2,14:43,
29.9.2022,6.,Tipsport extraliga,VIT – MBL,4:0,0,0,0,-2,0,16:17,
27.9.2022,5.,Tipsport extraliga,MBL – LIB,2:1,0,0,0,-1,0,11:20,
25.9.2022,4.,Tipsport extraliga,PCE – MBL,2:3,0,1,1,0,0,13:05,
23.9.2022,3.,Tipsport extraliga,MBL – CEB,5:1,3,0,3,2,0,11:11,
18.9.2022,2.,Tipsport extraliga,OLO – MBL,2:1,0,0,0,0,0,14:48,
16.9.2022,1.,Tipsport extraliga,MBL – SPA,4:2,0,0,0,-1,0,15:48,
