datum,kolo,soutěž,zápas,skóre,G,A,B,+-,TM,TOI,
19.2.2023,48.,Tipsport extraliga,KVA – PCE,0:5,0,0,0,-2,30,15:36,
17.2.2023,47.,Tipsport extraliga,MBL – KVA,0:2,0,0,0,0,0,21:48,
5.2.2023,45.,Tipsport extraliga,LIT – KVA,1:2,0,0,0,0,0,21:16,
3.2.2023,44.,Tipsport extraliga,KVA – PLZ,3:1,0,0,0,2,0,19:28,
31.1.2023,33.,Tipsport extraliga,SPA – KVA,6:3,0,0,0,0,0,20:37,
29.1.2023,43.,Tipsport extraliga,OLO – KVA,3:4,0,0,0,1,0,19:16,
27.1.2023,42.,Tipsport extraliga,KVA – TRI,4:1,0,0,0,1,0,18:01,
24.1.2023,41.,Tipsport extraliga,MHK – KVA,3:0,0,0,0,0,32,09:17,
22.1.2023,40.,Tipsport extraliga,KVA – KOM,5:4,0,0,0,-1,0,17:55,
20.1.2023,39.,Tipsport extraliga,KVA – KLA,4:2,0,0,0,0,0,19:15,
15.1.2023,38.,Tipsport extraliga,LIB – KVA,3:1,0,0,0,0,6,14:52,
13.1.2023,37.,Tipsport extraliga,CEB – KVA,2:4,0,0,0,1,2,20:47,
8.1.2023,36.,Tipsport extraliga,KVA – VIT,1:3,0,0,0,0,2,13:50,
6.1.2023,35.,Tipsport extraliga,PCE – KVA,7:4,0,0,0,0,0,16:36,
3.1.2023,34.,Tipsport extraliga,KVA – MBL,4:1,0,1,1,2,2,18:18,
28.12.2022,32.,Tipsport extraliga,KVA – LIT,3:0,0,0,0,1,2,18:25,
26.12.2022,31.,Tipsport extraliga,PLZ – KVA,1:0,0,0,0,0,2,18:05,
4.12.2022,26.,Tipsport extraliga,KLA – KVA,4:1,0,0,0,-1,0,06:32,
2.12.2022,25.,Tipsport extraliga,KVA – LIB,0:2,0,0,0,0,0,13:10,
29.11.2022,24.,Tipsport extraliga,CEB – KVA,0:3,0,0,0,1,4,13:47,
27.11.2022,23.,Tipsport extraliga,VIT – KVA,4:2,0,0,0,-2,0,15:39,
25.11.2022,22.,Tipsport extraliga,KVA – PCE,1:3,0,0,0,-1,0,22:08,
20.11.2022,21.,Tipsport extraliga,KVA – MBL,4:3,0,0,0,0,0,09:26,
18.11.2022,20.,Tipsport extraliga,KVA – SPA,1:5,0,0,0,-1,0,17:11,
15.11.2022,4.,Tipsport extraliga,KVA – OLO,3:2,0,0,0,1,2,17:15,
6.11.2022,19.,Tipsport extraliga,LIT – KVA,5:3,0,0,0,1,2,11:19,
4.11.2022,18.,Tipsport extraliga,KVA – PLZ,4:5,0,0,0,-1,2,19:03,
1.11.2022,17.,Tipsport extraliga,OLO – KVA,2:0,0,0,0,-1,0,16:46,
30.10.2022,16.,Tipsport extraliga,KVA – TRI,2:6,0,0,0,-2,0,16:09,
28.10.2022,15.,Tipsport extraliga,MHK – KVA,1:2,0,0,0,1,2,19:07,
23.10.2022,14.,Tipsport extraliga,KVA – KOM,2:3,0,0,0,0,0,17:55,
21.10.2022,13.,Tipsport extraliga,KVA – KLA,4:3,0,0,0,0,2,18:28,
18.10.2022,12.,Tipsport extraliga,LIB – KVA,3:4,0,0,0,-1,0,18:38,
16.10.2022,11.,Tipsport extraliga,KVA – CEB,4:3,0,0,0,1,0,16:58,
14.10.2022,10.,Tipsport extraliga,KVA – VIT,4:5,0,0,0,-1,2,14:00,
9.10.2022,9.,Tipsport extraliga,PCE – KVA,2:4,0,0,0,0,2,17:51,
6.10.2022,8.,Tipsport extraliga,MBL – KVA,0:1,0,0,0,0,0,16:52,
4.10.2022,6.,Tipsport extraliga,KVA – LIT,1:4,0,0,0,0,0,15:55,
2.10.2022,7.,Tipsport extraliga,SPA – KVA,4:5,0,0,0,-1,0,10:15,
27.9.2022,5.,Tipsport extraliga,PLZ – KVA,6:3,0,0,0,-1,2,15:14,
23.9.2022,3.,Tipsport extraliga,TRI – KVA,1:2,0,0,0,1,4,16:28,
18.9.2022,2.,Tipsport extraliga,KVA – MHK,2:3,0,0,0,1,2,15:42,
15.9.2022,1.,Tipsport extraliga,KOM – KVA,6:1,0,0,0,0,2,19:01,
