datum,kolo,soutěž,zápas,skóre,G,A,B,+-,TM,TOI,
26.2.2023,50.,Tipsport extraliga,SPA – TRI,3:1,0,1,1,1,0,12:09,
24.2.2023,49.,Tipsport extraliga,KLA – SPA,3:4,0,0,0,0,0,15:53,
19.2.2023,48.,Tipsport extraliga,LIB – SPA,2:1,0,0,0,-2,2,11:28,
17.2.2023,47.,Tipsport extraliga,CEB – SPA,3:4,0,0,0,0,0,17:50,
15.2.2023,46.,Tipsport extraliga,KVA – SPA,3:6,0,0,0,1,0,16:06,
5.2.2023,45.,Tipsport extraliga,SPA – PCE,4:2,0,0,0,0,0,14:21,
3.2.2023,44.,Tipsport extraliga,VIT – SPA,3:4,0,1,1,2,0,16:04,
31.1.2023,33.,Tipsport extraliga,SPA – KVA,6:3,0,0,0,-1,0,18:07,
29.1.2023,43.,Tipsport extraliga,PLZ – SPA,4:3,0,0,0,1,0,18:30,
25.1.2023,41.,Tipsport extraliga,SPA – LIT,3:2,0,0,0,-2,0,11:52,
22.1.2023,40.,Tipsport extraliga,SPA – MBL,4:1,1,0,1,2,2,17:29,
20.1.2023,39.,Tipsport extraliga,SPA – KOM,5:3,0,0,0,0,0,17:44,
17.1.2023,21.,Tipsport extraliga,SPA – CEB,5:0,0,1,1,2,0,16:02,
15.1.2023,38.,Tipsport extraliga,MHK – SPA,3:4,0,0,0,-2,0,18:58,
10.1.2023,32.,Tipsport extraliga,PCE – SPA,0:3,0,0,0,0,0,18:35,
8.1.2023,36.,Tipsport extraliga,SPA – KLA,4:0,0,1,1,0,0,16:30,
6.1.2023,35.,Tipsport extraliga,SPA – LIB,2:5,1,0,1,1,0,19:56,
3.1.2023,34.,Tipsport extraliga,SPA – CEB,5:3,0,0,0,-1,2,22:21,
22.12.2022,30.,Tipsport extraliga,SPA – PLZ,3:0,0,0,0,0,0,19:50,
20.12.2022,29.,Tipsport extraliga,OLO – SPA,0:1,0,0,0,0,0,19:34,
11.12.2022,28.,Tipsport extraliga,LIT – SPA,5:2,0,0,0,1,0,16:12,
9.12.2022,27.,Tipsport extraliga,MBL – SPA,1:2,0,0,0,1,0,20:07,
6.12.2022,9.,Tipsport extraliga,LIB – SPA,0:1,0,0,0,0,4,12:57,
4.12.2022,26.,Tipsport extraliga,KOM – SPA,2:6,0,0,0,1,0,14:29,
2.12.2022,25.,Tipsport extraliga,SPA – MHK,2:1,0,0,0,1,0,11:10,
29.11.2022,24.,Tipsport extraliga,SPA – TRI,1:0,0,0,0,0,0,12:44,
27.11.2022,23.,Tipsport extraliga,SPA – KLA,5:1,0,0,0,0,0,12:41,
25.11.2022,22.,Tipsport extraliga,SPA – LIB,3:1,0,0,0,0,0,13:50,
18.11.2022,20.,Tipsport extraliga,KVA – SPA,1:5,0,0,0,0,0,04:02,
16.11.2022,37.,Tipsport extraliga,TRI – SPA,2:1,0,0,0,-1,0,16:16,
6.11.2022,19.,Tipsport extraliga,SPA – PCE,2:3,0,0,0,1,0,13:50,
4.11.2022,18.,Tipsport extraliga,VIT – SPA,3:2,0,0,0,0,0,03:58,
2.11.2022,17.,Tipsport extraliga,PLZ – SPA,4:0,0,0,0,0,5,14:18,
30.10.2022,16.,Tipsport extraliga,SPA – OLO,2:5,0,0,0,-1,2,16:54,
28.10.2022,15.,Tipsport extraliga,LIT – SPA,4:0,0,0,0,0,0,14:39,
26.10.2022,31.,Tipsport extraliga,SPA – VIT,3:2,0,0,0,0,0,14:48,
23.10.2022,14.,Tipsport extraliga,SPA – MBL,3:2,0,0,0,0,2,02:02,
21.10.2022,13.,Tipsport extraliga,SPA – KOM,2:3,0,0,0,0,2,10:56,
18.10.2022,12.,Tipsport extraliga,MHK – SPA,3:2,0,0,0,0,2,05:01,
16.10.2022,11.,Tipsport extraliga,TRI – SPA,4:2,0,0,0,-1,2,15:07,
14.10.2022,10.,Tipsport extraliga,KLA – SPA,2:5,0,0,0,1,0,12:09,
7.10.2022,8.,Tipsport extraliga,CEB – SPA,2:3,0,0,0,0,0,08:23,
2.10.2022,7.,Tipsport extraliga,SPA – KVA,4:5,0,0,0,0,2,07:21,
30.9.2022,6.,Tipsport extraliga,PCE – SPA,2:3,0,0,0,-1,0,10:20,
27.9.2022,5.,Tipsport extraliga,SPA – VIT,5:3,0,0,0,1,2,11:23,
25.9.2022,4.,Tipsport extraliga,SPA – PLZ,3:2,0,0,0,0,0,08:44,
22.9.2022,3.,Tipsport extraliga,OLO – SPA,4:0,0,0,0,-1,0,08:54,
18.9.2022,2.,Tipsport extraliga,SPA – LIT,3:0,0,0,0,0,0,06:00,
16.9.2022,1.,Tipsport extraliga,MBL – SPA,4:2,0,0,0,0,0,10:08,
