datum,kolo,soutěž,zápas,skóre,G,A,B,+-,TM,TOI,
25.2.2023,50.,CHANCE LIGA,ZLN – PCE,1:0,0,0,0,0,0,17:40,
22.2.2023,49.,CHANCE LIGA,PCE – POR,5:4,1,0,1,-1,0,16:44,
18.2.2023,48.,CHANCE LIGA,PCE – FRM,4:3,0,0,0,-1,2,16:31,
15.2.2023,47.,CHANCE LIGA,KOL – PCE,4:2,0,0,0,0,0,14:00,
13.2.2023,46.,CHANCE LIGA,PCE – PRE,6:4,0,1,1,0,0,18:12,
4.2.2023,45.,CHANCE LIGA,TRE – PCE,3:1,0,0,0,0,0,15:26,
1.2.2023,44.,CHANCE LIGA,PCE – SLA,1:0,0,0,0,0,0,18:12,
30.1.2023,43.,CHANCE LIGA,PRO – PCE,4:5,1,0,1,0,0,24:10,
28.1.2023,42.,CHANCE LIGA,PCE – VSE,1:3,0,0,0,-1,0,15:14,
25.1.2023,41.,CHANCE LIGA,LTM – PCE,5:6,0,0,0,0,0,18:28,
22.1.2023,40.,Tipsport extraliga,PCE – KLA,4:2,0,0,0,0,0,07:37,
21.1.2023,40.,CHANCE LIGA,PCE – SOK,2:4,0,0,0,-1,0,16:51,
18.1.2023,39.,CHANCE LIGA,PCE – SUM,5:1,0,1,1,1,2,16:30,
14.1.2023,38.,CHANCE LIGA,JIH – PCE,1:4,1,1,2,3,0,17:36,
11.1.2023,37.,CHANCE LIGA,PCE – ZLN,5:2,0,0,0,1,0,19:47,
10.1.2023,32.,Tipsport extraliga,PCE – SPA,0:3,0,0,0,0,0,08:56,
8.1.2023,36.,Tipsport extraliga,KOM – PCE,1:4,0,1,1,1,0,06:29,
6.1.2023,35.,Tipsport extraliga,PCE – KVA,7:4,0,0,0,1,0,13:15,
25.9.2022,4.,Tipsport extraliga,PCE – MBL,2:3,0,0,0,0,0,10:21,
23.9.2022,3.,Tipsport extraliga,PLZ – PCE,1:4,0,0,0,0,0,07:32,
18.9.2022,2.,Tipsport extraliga,PCE – TRI,4:3,0,0,0,-1,0,12:38,
16.9.2022,1.,Tipsport extraliga,KLA – PCE,4:5,0,0,0,-1,0,17:03,
