datum,kolo,soutěž,zápas,skóre,G,A,B,+-,TM,TOI,
22.2.2023,49.,Tipsport extraliga,CEB – LIB,3:4,0,1,1,2,0,13:59,
19.2.2023,48.,Tipsport extraliga,LIB – SPA,2:1,0,0,0,0,0,14:45,
17.2.2023,47.,Tipsport extraliga,OLO – LIB,2:3,1,1,2,1,0,17:09,
15.2.2023,46.,Tipsport extraliga,LIB – TRI,3:2,0,1,1,0,0,18:09,
12.2.2023,,Beijer Hockey Games 2023,SUI – CZE,1:2,0,0,0,0,0,-,
11.2.2023,,Beijer Hockey Games 2023,FIN – CZE,6:1,0,0,0,0,2,-,
5.2.2023,45.,Tipsport extraliga,PLZ – LIB,2:4,1,0,1,0,0,17:50,
3.2.2023,44.,Tipsport extraliga,LIB – MBL,4:3,1,0,1,-1,2,19:05,
29.1.2023,43.,Tipsport extraliga,KOM – LIB,3:0,0,0,0,0,0,19:49,
27.1.2023,42.,Tipsport extraliga,LIB – LIT,5:1,1,1,2,1,2,15:58,
24.1.2023,41.,Tipsport extraliga,KLA – LIB,3:2,0,1,1,2,2,17:12,
22.1.2023,40.,Tipsport extraliga,LIB – MHK,3:1,1,0,1,1,0,16:45,
20.1.2023,39.,Tipsport extraliga,VIT – LIB,2:0,0,0,0,-1,0,16:04,
15.1.2023,38.,Tipsport extraliga,LIB – KVA,3:1,1,0,1,-1,0,15:17,
13.1.2023,37.,Tipsport extraliga,LIB – PCE,3:4,1,0,1,-1,0,17:30,
8.1.2023,36.,Tipsport extraliga,LIB – CEB,2:3,1,0,1,1,4,14:32,
6.1.2023,35.,Tipsport extraliga,SPA – LIB,2:5,0,0,0,0,0,16:59,
3.1.2023,34.,Tipsport extraliga,LIB – OLO,6:1,1,1,2,1,0,17:45,
30.12.2022,33.,Tipsport extraliga,TRI – LIB,6:3,1,1,2,-1,0,18:04,
28.12.2022,32.,Tipsport extraliga,LIB – PLZ,2:1,2,0,2,2,0,21:21,
26.12.2022,31.,Tipsport extraliga,MBL – LIB,3:7,1,2,3,1,0,16:12,
22.12.2022,30.,Tipsport extraliga,LIB – KOM,2:1,1,1,2,1,0,15:29,
20.12.2022,29.,Tipsport extraliga,LIT – LIB,3:2,1,1,2,1,0,17:05,
11.12.2022,28.,Tipsport extraliga,LIB – KLA,7:3,1,0,1,0,0,10:39,
6.12.2022,9.,Tipsport extraliga,LIB – SPA,0:1,0,0,0,0,0,13:12,
4.12.2022,26.,Tipsport extraliga,LIB – VIT,2:3,0,1,1,1,0,12:38,
2.12.2022,25.,Tipsport extraliga,KVA – LIB,0:2,0,0,0,0,0,12:54,
29.11.2022,24.,Tipsport extraliga,PCE – LIB,1:3,0,1,1,1,0,15:47,
27.11.2022,23.,Tipsport extraliga,CEB – LIB,4:1,0,0,0,0,0,13:08,
25.11.2022,22.,Tipsport extraliga,SPA – LIB,3:1,0,0,0,-1,0,14:36,
22.11.2022,17.,Tipsport extraliga,KOM – LIB,0:5,0,0,0,0,0,11:36,
20.11.2022,21.,Tipsport extraliga,OLO – LIB,4:1,0,0,0,-2,0,10:11,
18.11.2022,20.,Tipsport extraliga,LIB – TRI,1:4,0,0,0,-1,0,11:04,
6.11.2022,19.,Tipsport extraliga,PLZ – LIB,3:4,0,1,1,-1,0,11:58,
4.11.2022,18.,Tipsport extraliga,LIB – MBL,6:2,1,0,1,1,0,10:46,
30.10.2022,16.,Tipsport extraliga,LIB – LIT,2:3,0,1,1,0,0,09:07,
28.10.2022,15.,Tipsport extraliga,KLA – LIB,3:2,0,0,0,0,0,14:30,
23.10.2022,14.,Tipsport extraliga,LIB – MHK,3:6,0,0,0,0,0,08:50,
21.10.2022,13.,Tipsport extraliga,VIT – LIB,6:3,0,0,0,0,4,10:47,
18.10.2022,12.,Tipsport extraliga,LIB – KVA,3:4,0,0,0,1,0,14:18,
16.10.2022,11.,Tipsport extraliga,PCE – LIB,1:0,0,0,0,-1,0,19:33,
7.10.2022,8.,Tipsport extraliga,LIB – OLO,6:2,1,0,1,0,2,15:37,
4.10.2022,10.,Tipsport extraliga,LIB – CEB,6:1,0,1,1,1,0,13:36,
2.10.2022,7.,Tipsport extraliga,TRI – LIB,3:4,0,0,0,0,0,17:25,
29.9.2022,6.,Tipsport extraliga,LIB – PLZ,2:3,1,0,1,1,0,12:05,
27.9.2022,5.,Tipsport extraliga,MBL – LIB,2:1,0,0,0,0,0,14:59,
25.9.2022,4.,Tipsport extraliga,LIB – KOM,2:3,0,0,0,0,0,13:26,
23.9.2022,3.,Tipsport extraliga,LIT – LIB,2:3,1,0,1,1,0,15:21,
18.9.2022,2.,Tipsport extraliga,LIB – KLA,4:3,0,0,0,-1,0,13:49,
16.9.2022,1.,Tipsport extraliga,MHK – LIB,1:2,0,0,0,0,0,15:15,
