datum,kolo,soutěž,zápas,skóre,G,A,B,+-,TM,TOI,
26.2.2023,50.,Tipsport extraliga,SPA – TRI,3:1,0,0,0,-1,0,04:13,
24.2.2023,49.,Tipsport extraliga,KLA – SPA,3:4,0,0,0,-1,0,06:52,
15.2.2023,46.,Tipsport extraliga,KVA – SPA,3:6,0,0,0,0,2,10:50,
5.2.2023,45.,Tipsport extraliga,SPA – PCE,4:2,0,1,1,0,2,13:36,
31.1.2023,33.,Tipsport extraliga,SPA – KVA,6:3,0,1,1,0,4,14:53,
29.1.2023,43.,Tipsport extraliga,PLZ – SPA,4:3,0,0,0,0,0,06:41,
25.1.2023,41.,Tipsport extraliga,SPA – LIT,3:2,0,0,0,0,0,14:49,
22.1.2023,40.,Tipsport extraliga,SPA – MBL,4:1,0,0,0,-1,0,11:10,
20.1.2023,39.,Tipsport extraliga,SPA – KOM,5:3,1,0,1,2,0,12:35,
17.1.2023,21.,Tipsport extraliga,SPA – CEB,5:0,1,2,3,3,2,12:29,
15.1.2023,38.,Tipsport extraliga,MHK – SPA,3:4,1,0,1,0,0,10:32,
10.1.2023,32.,Tipsport extraliga,PCE – SPA,0:3,0,0,0,1,0,11:27,
8.1.2023,36.,Tipsport extraliga,SPA – KLA,4:0,1,0,1,1,0,16:27,
6.1.2023,35.,Tipsport extraliga,SPA – LIB,2:5,0,0,0,-1,0,12:10,
3.1.2023,34.,Tipsport extraliga,SPA – CEB,5:3,0,0,0,-1,2,12:27,
22.12.2022,30.,Tipsport extraliga,SPA – PLZ,3:0,0,0,0,0,0,11:23,
20.12.2022,29.,Tipsport extraliga,OLO – SPA,0:1,0,0,0,0,0,12:02,
11.12.2022,28.,Tipsport extraliga,LIT – SPA,5:2,0,0,0,-1,0,03:36,
9.12.2022,27.,Tipsport extraliga,MBL – SPA,1:2,0,0,0,0,0,11:33,
6.12.2022,9.,Tipsport extraliga,LIB – SPA,0:1,0,0,0,0,0,07:56,
4.12.2022,26.,Tipsport extraliga,KOM – SPA,2:6,1,1,2,2,0,07:52,
2.12.2022,25.,Tipsport extraliga,SPA – MHK,2:1,0,0,0,0,0,07:02,
29.11.2022,24.,Tipsport extraliga,SPA – TRI,1:0,0,0,0,0,2,09:03,
27.11.2022,23.,Tipsport extraliga,SPA – KLA,5:1,0,0,0,-1,2,09:31,
25.11.2022,22.,Tipsport extraliga,SPA – LIB,3:1,0,0,0,0,2,08:54,
18.11.2022,20.,Tipsport extraliga,KVA – SPA,1:5,1,0,1,1,0,07:15,
16.11.2022,37.,Tipsport extraliga,TRI – SPA,2:1,0,0,0,-1,0,05:18,
6.11.2022,19.,Tipsport extraliga,SPA – PCE,2:3,0,0,0,0,0,12:41,
4.11.2022,18.,Tipsport extraliga,VIT – SPA,3:2,0,0,0,0,0,09:36,
28.10.2022,15.,Tipsport extraliga,LIT – SPA,4:0,0,0,0,0,4,05:10,
26.10.2022,31.,Tipsport extraliga,SPA – VIT,3:2,0,0,0,0,0,05:04,
23.10.2022,14.,Tipsport extraliga,SPA – MBL,3:2,0,0,0,0,0,06:24,
19.10.2022,13.,CHANCE LIGA,PRE – SOK,3:2,0,1,1,1,0,11:46,
16.10.2022,11.,Tipsport extraliga,TRI – SPA,4:2,0,0,0,-1,0,08:03,
14.10.2022,10.,Tipsport extraliga,KLA – SPA,2:5,0,0,0,-1,0,07:58,
5.10.2022,8.,CHANCE LIGA,JIH – SOK,2:3,0,3,3,2,0,16:16,
2.10.2022,7.,Tipsport extraliga,SPA – KVA,4:5,0,0,0,-1,2,07:57,
30.9.2022,6.,Tipsport extraliga,PCE – SPA,2:3,0,0,0,0,0,11:42,
27.9.2022,5.,Tipsport extraliga,SPA – VIT,5:3,1,0,1,2,0,11:34,
25.9.2022,4.,Tipsport extraliga,SPA – PLZ,3:2,1,0,1,2,0,14:16,
21.9.2022,3.,CHANCE LIGA,SOK – SUM,4:5,0,1,1,-1,0,17:54,
17.9.2022,2.,CHANCE LIGA,SLA – SOK,4:3,0,2,2,-2,4,19:36,
14.9.2022,1.,CHANCE LIGA,SOK – PCE,2:5,0,1,1,1,,15:52,
