datum,kolo,soutěž,zápas,skóre,G,A,B,+-,TM,TOI,
24.2.2023,49.,Tipsport extraliga,PCE – KOM,1:3,0,0,0,0,0,14:17,
19.2.2023,48.,Tipsport extraliga,KVA – PCE,0:5,0,0,0,0,0,19:13,
17.2.2023,47.,Tipsport extraliga,PCE – VIT,1:4,0,0,0,-1,0,15:58,
15.2.2023,46.,Tipsport extraliga,CEB – PCE,3:7,0,1,1,0,2,15:39,
5.2.2023,45.,Tipsport extraliga,SPA – PCE,4:2,0,0,0,0,0,16:16,
3.2.2023,44.,Tipsport extraliga,PCE – OLO,4:1,1,0,1,0,2,12:45,
29.1.2023,43.,Tipsport extraliga,MBL – PCE,3:5,0,1,1,1,2,15:47,
26.1.2023,42.,Tipsport extraliga,PCE – PLZ,4:3,0,1,1,1,0,15:00,
24.1.2023,41.,Tipsport extraliga,TRI – PCE,0:4,0,0,0,0,0,15:19,
22.1.2023,40.,Tipsport extraliga,PCE – KLA,4:2,0,0,0,1,2,18:05,
20.1.2023,39.,Tipsport extraliga,PCE – MHK,4:1,0,1,1,2,2,16:03,
18.1.2023,27.,Tipsport extraliga,KLA – PCE,1:4,1,0,1,0,0,16:31,
15.1.2023,38.,Tipsport extraliga,LIT – PCE,1:2,0,0,0,0,0,16:23,
13.1.2023,37.,Tipsport extraliga,LIB – PCE,3:4,0,0,0,0,0,15:30,
10.1.2023,32.,Tipsport extraliga,PCE – SPA,0:3,0,0,0,-1,0,13:37,
8.1.2023,36.,Tipsport extraliga,KOM – PCE,1:4,0,0,0,-1,0,18:10,
6.1.2023,35.,Tipsport extraliga,PCE – KVA,7:4,0,0,0,2,0,14:40,
3.1.2023,34.,Tipsport extraliga,VIT – PCE,2:3,0,0,0,-1,0,18:09,
30.12.2022,33.,Tipsport extraliga,PCE – CEB,4:1,0,1,1,1,0,18:34,
26.12.2022,31.,Tipsport extraliga,OLO – PCE,3:2,0,0,0,1,2,15:17,
22.12.2022,30.,Tipsport extraliga,PCE – MBL,2:1,0,0,0,0,0,18:09,
20.12.2022,29.,Tipsport extraliga,PLZ – PCE,0:2,0,0,0,0,0,15:51,
11.12.2022,28.,Tipsport extraliga,PCE – TRI,0:3,0,0,0,-1,0,13:38,
6.12.2022,25.,Tipsport extraliga,PCE – LIT,1:0,0,0,0,0,2,15:29,
4.12.2022,26.,Tipsport extraliga,MHK – PCE,4:0,0,0,0,-1,0,16:25,
29.11.2022,24.,Tipsport extraliga,PCE – LIB,1:3,0,0,0,0,0,14:39,
27.11.2022,23.,Tipsport extraliga,PCE – KOM,4:3,0,0,0,-2,0,17:43,
25.11.2022,22.,Tipsport extraliga,KVA – PCE,1:3,0,0,0,1,0,18:02,
22.11.2022,21.,Tipsport extraliga,VIT – PCE,4:5,0,1,1,1,0,20:26,
17.11.2022,20.,Tipsport extraliga,CEB – PCE,2:4,1,0,1,1,0,16:52,
13.11.2022,,Karjala Cup 2022,CZE – SUI,2:3,0,0,0,-1,2,-,
10.11.2022,,Karjala Cup 2022,CZE – SWE,1:4,0,0,0,-1,0,11:01,
6.11.2022,19.,Tipsport extraliga,SPA – PCE,2:3,0,1,1,1,0,16:33,
3.11.2022,18.,Tipsport extraliga,PCE – OLO,3:0,0,0,0,0,0,17:04,
1.11.2022,17.,Tipsport extraliga,MBL – PCE,0:1,0,0,0,0,0,17:08,
30.10.2022,16.,Tipsport extraliga,PCE – PLZ,7:2,2,0,2,2,0,18:21,
27.10.2022,15.,Tipsport extraliga,TRI – PCE,2:3,0,0,0,0,0,17:01,
23.10.2022,14.,Tipsport extraliga,PCE – KLA,6:2,1,0,1,1,2,17:03,
21.10.2022,13.,Tipsport extraliga,PCE – MHK,5:2,0,0,0,0,2,19:46,
18.10.2022,12.,Tipsport extraliga,LIT – PCE,0:1,0,0,0,0,0,20:13,
16.10.2022,11.,Tipsport extraliga,PCE – LIB,1:0,0,0,0,0,0,15:49,
13.10.2022,10.,Tipsport extraliga,KOM – PCE,4:3,0,0,0,0,0,16:45,
9.10.2022,9.,Tipsport extraliga,PCE – KVA,2:4,0,0,0,0,0,16:25,
6.10.2022,8.,Tipsport extraliga,PCE – VIT,2:1,0,0,0,-1,0,15:45,
2.10.2022,7.,Tipsport extraliga,PCE – CEB,6:1,1,1,2,2,2,10:24,
27.9.2022,5.,Tipsport extraliga,OLO – PCE,1:2,0,1,1,1,0,13:07,
25.9.2022,4.,Tipsport extraliga,PCE – MBL,2:3,0,0,0,0,2,15:06,
23.9.2022,3.,Tipsport extraliga,PLZ – PCE,1:4,0,0,0,0,0,16:25,
18.9.2022,2.,Tipsport extraliga,PCE – TRI,4:3,0,0,0,2,0,18:54,
16.9.2022,1.,Tipsport extraliga,KLA – PCE,4:5,1,0,1,0,0,16:34,
