datum,kolo,soutěž,zápas,skóre,G,A,B,+-,TM,TOI,
26.2.2023,50.,Tipsport extraliga,MHK – MBL,3:2,0,0,0,-1,2,00:33,
24.2.2023,49.,Tipsport extraliga,OLO – MHK,0:4,0,0,0,1,0,08:29,
19.2.2023,48.,Tipsport extraliga,MHK – PLZ,2:1,0,0,0,0,2,04:00,
17.2.2023,47.,Tipsport extraliga,TRI – MHK,1:2,0,0,0,0,0,10:07,
15.2.2023,46.,Tipsport extraliga,MHK – LIT,3:0,0,0,0,1,2,07:31,
13.2.2023,8.,Tipsport extraliga,MHK – TRI,4:3,0,0,0,0,0,08:01,
5.2.2023,45.,Tipsport extraliga,MHK – KOM,1:0,0,0,0,0,0,07:39,
2.2.2023,44.,Tipsport extraliga,CEB – MHK,2:3,0,0,0,0,2,05:21,
29.1.2023,43.,Tipsport extraliga,MHK – KLA,4:2,0,0,0,0,0,06:28,
27.1.2023,42.,Tipsport extraliga,VIT – MHK,2:5,0,0,0,0,0,11:28,
24.1.2023,41.,Tipsport extraliga,MHK – KVA,3:0,0,0,0,1,2,12:20,
22.1.2023,40.,Tipsport extraliga,LIB – MHK,3:1,0,0,0,0,0,10:28,
20.1.2023,39.,Tipsport extraliga,PCE – MHK,4:1,0,0,0,0,2,04:21,
18.1.2023,39.,CHANCE LIGA,KOL – VSE,2:1,0,0,0,0,0,19:48,
15.1.2023,38.,Tipsport extraliga,MHK – SPA,3:4,0,1,1,1,0,08:14,
13.1.2023,37.,Tipsport extraliga,MBL – MHK,3:2,0,0,0,1,0,07:28,
10.1.2023,27.,Tipsport extraliga,MHK – LIB,5:4,0,0,0,0,0,06:52,
8.1.2023,36.,Tipsport extraliga,MHK – OLO,5:4,0,0,0,0,0,02:57,
7.1.2023,35.,CHANCE LIGA,KOL – POR,4:3,0,2,2,1,0,20:23,
5.1.2023,35.,Tipsport extraliga,PLZ – MHK,0:4,0,0,0,0,0,06:05,
4.1.2023,34.,CHANCE LIGA,PCE – KOL,3:5,0,1,1,2,0,18:32,
3.1.2023,34.,Tipsport extraliga,MHK – TRI,2:3,0,0,0,0,0,04:52,
30.12.2022,33.,Tipsport extraliga,LIT – MHK,2:3,0,0,0,0,2,01:59,
26.12.2022,31.,Tipsport extraliga,MHK – CEB,1:4,0,0,0,0,0,09:39,
22.12.2022,30.,Tipsport extraliga,KLA – MHK,3:6,0,0,0,2,0,13:39,
20.12.2022,29.,Tipsport extraliga,MHK – VIT,4:3,0,0,0,-1,0,09:36,
4.12.2022,26.,Tipsport extraliga,MHK – PCE,4:0,0,0,0,0,0,01:57,
29.11.2022,24.,Tipsport extraliga,MHK – MBL,0:2,0,0,0,-1,0,06:40,
27.11.2022,23.,Tipsport extraliga,OLO – MHK,5:0,0,0,0,0,0,09:42,
25.11.2022,22.,Tipsport extraliga,MHK – PLZ,1:4,0,0,0,-1,0,05:40,
17.11.2022,20.,Tipsport extraliga,CEB – PCE,2:4,0,0,0,-1,2,08:40,
6.11.2022,19.,Tipsport extraliga,OLO – CEB,3:1,0,0,0,-1,5,14:31,
4.11.2022,18.,Tipsport extraliga,CEB – MHK,2:1,0,0,0,0,4,15:07,
1.11.2022,17.,Tipsport extraliga,LIT – CEB,6:4,0,0,0,-2,0,18:41,
30.10.2022,16.,Tipsport extraliga,CEB – MBL,3:0,0,0,0,0,2,15:43,
28.10.2022,15.,Tipsport extraliga,KOM – CEB,3:0,0,0,0,0,0,18:33,
23.10.2022,14.,Tipsport extraliga,CEB – TRI,3:2,0,0,0,0,0,16:29,
20.10.2022,13.,Tipsport extraliga,CEB – PLZ,3:2,0,0,0,0,2,18:27,
18.10.2022,12.,Tipsport extraliga,KLA – CEB,2:1,0,0,0,0,0,16:19,
15.10.2022,12.,CHANCE LIGA,LTM – TRE,3:4,0,0,0,-2,0,17:40,
12.10.2022,11.,CHANCE LIGA,LTM – SOK,3:5,1,0,1,0,0,16:34,
8.10.2022,9.,CHANCE LIGA,LTM – VSE,7:3,0,1,1,0,4,18:03,
5.10.2022,8.,CHANCE LIGA,ZLN – LTM,4:1,0,0,0,-1,0,20:49,
2.10.2022,7.,Tipsport extraliga,PCE – CEB,6:1,0,0,0,-1,0,16:53,
1.10.2022,7.,CHANCE LIGA,LTM – JIH,5:3,0,0,0,0,2,15:26,
28.9.2022,6.,CHANCE LIGA,SUM – LTM,4:1,0,0,0,-1,0,20:46,
26.9.2022,5.,CHANCE LIGA,LTM – POR,3:6,0,0,0,-1,2,18:15,
24.9.2022,4.,CHANCE LIGA,SLA – LTM,2:4,0,0,0,-1,0,21:19,
21.9.2022,3.,CHANCE LIGA,LTM – KOL,5:6,0,0,0,2,2,21:17,
17.9.2022,2.,CHANCE LIGA,PCE – LTM,2:5,0,0,0,0,,18:46,
14.9.2022,1.,CHANCE LIGA,LTM – PRE,3:4,1,0,1,-1,6,18:40,
