datum,kolo,soutěž,zápas,skóre,G,A,B,+-,TM,TOI,
22.2.2023,49.,CHANCE LIGA,PCE – POR,5:4,0,0,0,0,0,06:29,
18.2.2023,48.,CHANCE LIGA,PCE – FRM,4:3,0,0,0,0,2,08:21,
28.1.2023,42.,CHANCE LIGA,PCE – VSE,1:3,0,0,0,-1,0,13:05,
25.1.2023,41.,CHANCE LIGA,LTM – PCE,5:6,0,0,0,0,0,11:26,
21.1.2023,40.,CHANCE LIGA,PCE – SOK,2:4,0,0,0,0,0,10:33,
18.1.2023,39.,CHANCE LIGA,PCE – SUM,5:1,0,0,0,0,0,05:56,
14.1.2023,38.,CHANCE LIGA,JIH – PCE,1:4,0,0,0,0,0,05:14,
11.1.2023,37.,CHANCE LIGA,PCE – ZLN,5:2,0,0,0,0,0,07:22,
9.1.2023,36.,CHANCE LIGA,POR – PCE,4:2,0,0,0,-1,0,07:04,
7.1.2023,35.,CHANCE LIGA,FRM – PCE,2:4,0,0,0,0,0,08:19,
4.1.2023,34.,CHANCE LIGA,PCE – KOL,3:5,0,0,0,0,0,03:32,
21.12.2022,31.,CHANCE LIGA,SLA – PCE,5:3,0,0,0,-1,2,11:23,
19.12.2022,30.,CHANCE LIGA,PCE – PRO,4:1,1,0,1,1,0,15:47,
17.12.2022,33.,CHANCE LIGA,PRE – PCE,2:1,0,0,0,-1,2,09:10,
10.12.2022,29.,CHANCE LIGA,VSE – PCE,3:2,0,1,1,1,0,14:41,
7.12.2022,28.,CHANCE LIGA,PCE – LTM,4:1,1,0,1,1,0,15:49,
5.12.2022,27.,CHANCE LIGA,SOK – PCE,5:3,0,0,0,0,2,15:51,
3.12.2022,26.,CHANCE LIGA,SUM – PCE,4:3,0,1,1,1,2,11:55,
30.11.2022,25.,CHANCE LIGA,PCE – JIH,2:4,0,0,0,0,,11:01,
26.11.2022,24.,CHANCE LIGA,ZLN – PCE,2:3,0,0,0,-1,2,19:43,
23.11.2022,23.,CHANCE LIGA,PCE – POR,2:3,0,0,0,0,2,12:45,
19.11.2022,22.,CHANCE LIGA,PCE – FRM,2:4,0,0,0,0,2,13:06,
16.11.2022,21.,CHANCE LIGA,KOL – PCE,2:1,0,1,1,1,0,17:06,
14.11.2022,20.,CHANCE LIGA,PCE – PRE,1:3,0,0,0,-1,,16:41,
30.10.2022,16.,Tipsport extraliga,KLA – KOM,3:5,0,0,0,-1,0,08:30,
28.10.2022,15.,Tipsport extraliga,KLA – LIB,3:2,0,0,0,-1,0,08:45,
23.10.2022,14.,Tipsport extraliga,PCE – KLA,6:2,0,0,0,-2,0,12:34,
21.10.2022,13.,Tipsport extraliga,KVA – KLA,4:3,0,0,0,-1,0,07:30,
18.10.2022,12.,Tipsport extraliga,KLA – CEB,2:1,0,0,0,0,0,07:32,
16.10.2022,11.,Tipsport extraliga,VIT – KLA,2:0,0,0,0,0,0,07:20,
14.10.2022,10.,Tipsport extraliga,KLA – SPA,2:5,0,1,1,0,0,07:46,
9.10.2022,9.,Tipsport extraliga,OLO – KLA,3:0,0,0,0,0,2,08:30,
7.10.2022,8.,Tipsport extraliga,KLA – PLZ,0:4,0,0,0,-2,0,09:06,
5.10.2022,8.,CHANCE LIGA,VSE – PRO,1:2,0,0,0,0,0,09:28,
28.9.2022,6.,CHANCE LIGA,ZLN – PRO,1:2,0,1,1,1,2,13:44,
26.9.2022,5.,CHANCE LIGA,PRO – JIH,2:4,0,0,0,0,,16:10,
24.9.2022,4.,CHANCE LIGA,PCE – PRO,4:0,0,0,0,-1,,09:17,
21.9.2022,3.,CHANCE LIGA,PRO – POR,3:4,0,0,0,0,,09:42,
17.9.2022,2.,CHANCE LIGA,KOL – PRO,5:3,0,0,0,0,2,08:10,
14.9.2022,1.,CHANCE LIGA,PRO – FRM,3:2,0,1,1,1,0,11:26,
