datum,kolo,soutěž,zápas,skóre,G,A,B,+-,TM,TOI,
24.2.2023,49.,Tipsport extraliga,OLO – MHK,0:4,0,0,0,-1,0,15:04,
19.2.2023,48.,Tipsport extraliga,KLA – OLO,4:5,0,1,1,0,2,16:08,
17.2.2023,47.,Tipsport extraliga,OLO – LIB,2:3,0,0,0,1,0,16:29,
15.2.2023,46.,Tipsport extraliga,VIT – OLO,3:1,0,0,0,-1,0,17:38,
5.2.2023,45.,Tipsport extraliga,OLO – CEB,3:2,0,1,1,1,0,15:53,
3.2.2023,44.,Tipsport extraliga,PCE – OLO,4:1,0,0,0,0,0,12:22,
22.1.2023,40.,Tipsport extraliga,OLO – PLZ,3:2,0,0,0,0,2,13:06,
20.1.2023,39.,Tipsport extraliga,OLO – LIT,1:8,0,0,0,0,0,14:13,
17.1.2023,38.,Tipsport extraliga,TRI – OLO,1:3,0,0,0,0,0,14:38,
11.1.2023,37.,Tipsport extraliga,OLO – KOM,1:4,0,0,0,0,2,12:22,
8.1.2023,36.,Tipsport extraliga,MHK – OLO,5:4,2,0,2,1,2,19:09,
6.1.2023,35.,Tipsport extraliga,OLO – KLA,6:2,0,2,2,1,0,16:49,
3.1.2023,34.,Tipsport extraliga,LIB – OLO,6:1,0,0,0,-2,2,16:42,
30.12.2022,33.,Tipsport extraliga,OLO – VIT,2:4,0,2,2,-1,2,17:24,
28.12.2022,32.,Tipsport extraliga,CEB – OLO,4:2,0,0,0,-1,0,15:22,
20.12.2022,29.,Tipsport extraliga,OLO – SPA,0:1,0,0,0,0,0,14:05,
2.12.2022,25.,Tipsport extraliga,OLO – TRI,4:2,0,1,1,0,0,14:58,
29.11.2022,24.,Tipsport extraliga,KOM – OLO,1:0,0,0,0,0,0,15:28,
16.10.2022,11.,Tipsport extraliga,OLO – KOM,2:3,0,0,0,0,0,04:59,
2.10.2022,7.,Tipsport extraliga,OLO – VIT,5:4,0,0,0,0,0,10:09,
30.9.2022,6.,Tipsport extraliga,CEB – OLO,1:2,0,0,0,0,0,17:51,
27.9.2022,5.,Tipsport extraliga,OLO – PCE,1:2,0,0,0,0,0,18:38,
22.9.2022,3.,Tipsport extraliga,OLO – SPA,4:0,0,0,0,0,0,16:13,
18.9.2022,2.,Tipsport extraliga,OLO – MBL,2:1,1,0,1,1,0,18:25,
16.9.2022,1.,Tipsport extraliga,PLZ – OLO,1:2,0,0,0,0,0,15:29,
