datum,kolo,soutěž,zápas,skóre,G,A,B,+-,TM,TOI,
26.2.2023,50.,Tipsport extraliga,MHK – MBL,3:2,0,1,1,1,0,13:31,
24.2.2023,49.,Tipsport extraliga,MBL – LIT,1:2,0,0,0,-1,0,22:25,
19.2.2023,48.,Tipsport extraliga,KOM – MBL,1:4,0,0,0,1,2,23:12,
17.2.2023,47.,Tipsport extraliga,MBL – KVA,0:2,0,0,0,-1,0,20:20,
15.2.2023,46.,Tipsport extraliga,KLA – MBL,2:1,1,0,1,1,2,19:27,
12.2.2023,,Beijer Hockey Games 2023,SUI – CZE,1:2,0,0,0,1,0,-,
11.2.2023,,Beijer Hockey Games 2023,FIN – CZE,6:1,0,0,0,0,0,-,
9.2.2023,,Beijer Hockey Games 2023,CZE – SWE,2:1,0,0,0,0,0,-,
5.2.2023,45.,Tipsport extraliga,MBL – VIT,2:3,0,0,0,-1,0,20:16,
3.2.2023,44.,Tipsport extraliga,LIB – MBL,4:3,0,0,0,2,0,18:20,
29.1.2023,43.,Tipsport extraliga,MBL – PCE,3:5,0,0,0,0,0,16:20,
27.1.2023,42.,Tipsport extraliga,CEB – MBL,5:4,0,0,0,0,0,20:09,
24.1.2023,41.,Tipsport extraliga,MBL – OLO,4:0,0,1,1,1,0,17:54,
22.1.2023,40.,Tipsport extraliga,SPA – MBL,4:1,0,0,0,-3,0,17:15,
20.1.2023,39.,Tipsport extraliga,MBL – TRI,1:0,0,0,0,1,0,18:53,
17.1.2023,19.,Tipsport extraliga,MBL – VIT,3:2,0,0,0,0,0,20:57,
15.1.2023,38.,Tipsport extraliga,PLZ – MBL,3:2,0,0,0,0,0,21:56,
13.1.2023,37.,Tipsport extraliga,MBL – MHK,3:2,0,1,1,0,0,21:06,
8.1.2023,36.,Tipsport extraliga,LIT – MBL,4:3,0,0,0,-1,2,22:16,
6.1.2023,35.,Tipsport extraliga,MBL – KOM,7:3,0,1,1,3,0,20:26,
3.1.2023,34.,Tipsport extraliga,KVA – MBL,4:1,0,0,0,-1,0,20:17,
30.12.2022,33.,Tipsport extraliga,MBL – KLA,1:2,0,0,0,0,0,20:38,
28.12.2022,32.,Tipsport extraliga,VIT – MBL,5:2,0,0,0,0,0,18:27,
20.12.2022,29.,Tipsport extraliga,MBL – CEB,2:1,0,0,0,-1,0,09:16,
11.12.2022,28.,Tipsport extraliga,OLO – MBL,2:0,0,0,0,0,2,20:13,
9.12.2022,27.,Tipsport extraliga,MBL – SPA,1:2,0,0,0,-1,0,21:40,
4.12.2022,26.,Tipsport extraliga,TRI – MBL,3:0,0,0,0,-1,2,18:11,
1.12.2022,25.,Tipsport extraliga,MBL – PLZ,0:1,0,0,0,0,0,21:33,
29.11.2022,24.,Tipsport extraliga,MHK – MBL,0:2,0,1,1,1,2,17:52,
27.11.2022,23.,Tipsport extraliga,MBL – LIT,6:4,2,0,2,2,0,19:13,
25.11.2022,22.,Tipsport extraliga,KOM – MBL,1:3,0,0,0,0,0,18:16,
20.11.2022,21.,Tipsport extraliga,KVA – MBL,4:3,0,0,0,0,2,20:06,
18.11.2022,20.,Tipsport extraliga,KLA – MBL,1:2,0,1,1,0,0,17:35,
4.11.2022,18.,Tipsport extraliga,LIB – MBL,6:2,0,0,0,1,0,22:03,
1.11.2022,17.,Tipsport extraliga,MBL – PCE,0:1,0,0,0,0,0,19:27,
30.10.2022,16.,Tipsport extraliga,CEB – MBL,3:0,0,0,0,-2,0,17:45,
28.10.2022,15.,Tipsport extraliga,MBL – OLO,2:3,0,0,0,0,0,21:56,
23.10.2022,14.,Tipsport extraliga,SPA – MBL,3:2,0,0,0,0,0,19:56,
21.10.2022,13.,Tipsport extraliga,MBL – TRI,2:3,0,0,0,0,2,21:01,
18.10.2022,12.,Tipsport extraliga,PLZ – MBL,1:2,0,0,0,0,0,18:59,
16.10.2022,11.,Tipsport extraliga,MBL – MHK,0:2,0,0,0,-1,0,22:54,
14.10.2022,10.,Tipsport extraliga,LIT – MBL,3:4,0,0,0,-1,0,16:21,
9.10.2022,9.,Tipsport extraliga,MBL – KOM,3:2,0,2,2,1,0,19:12,
6.10.2022,8.,Tipsport extraliga,MBL – KVA,0:1,0,0,0,0,0,20:20,
2.10.2022,7.,Tipsport extraliga,MBL – KLA,4:0,0,1,1,1,0,17:14,
29.9.2022,6.,Tipsport extraliga,VIT – MBL,4:0,0,0,0,0,0,19:51,
27.9.2022,5.,Tipsport extraliga,MBL – LIB,2:1,0,0,0,0,0,18:10,
25.9.2022,4.,Tipsport extraliga,PCE – MBL,2:3,0,0,0,0,0,18:55,
23.9.2022,3.,Tipsport extraliga,MBL – CEB,5:1,0,3,3,2,0,18:12,
18.9.2022,2.,Tipsport extraliga,OLO – MBL,2:1,0,0,0,-1,2,18:39,
16.9.2022,1.,Tipsport extraliga,MBL – SPA,4:2,0,0,0,-1,0,18:37,
