datum,kolo,soutěž,zápas,skóre,G,A,B,+-,TM,TOI,
26.2.2023,50.,Tipsport extraliga,SPA – TRI,3:1,0,0,0,0,0,09:14,
24.2.2023,49.,Tipsport extraliga,KLA – SPA,3:4,0,0,0,0,0,15:14,
19.2.2023,48.,Tipsport extraliga,LIB – SPA,2:1,0,0,0,0,0,14:48,
17.2.2023,47.,Tipsport extraliga,CEB – SPA,3:4,0,0,0,0,2,13:35,
15.2.2023,46.,Tipsport extraliga,KVA – SPA,3:6,1,1,2,3,0,16:03,
5.2.2023,45.,Tipsport extraliga,SPA – PCE,4:2,0,0,0,-1,0,19:01,
3.2.2023,44.,Tipsport extraliga,VIT – SPA,3:4,0,0,0,-1,0,17:57,
31.1.2023,33.,Tipsport extraliga,SPA – KVA,6:3,0,1,1,1,0,17:08,
29.1.2023,43.,Tipsport extraliga,PLZ – SPA,4:3,0,0,0,-1,0,17:39,
25.1.2023,41.,Tipsport extraliga,SPA – LIT,3:2,0,1,1,0,2,18:23,
22.1.2023,40.,Tipsport extraliga,SPA – MBL,4:1,1,1,2,1,0,16:53,
20.1.2023,39.,Tipsport extraliga,SPA – KOM,5:3,0,1,1,1,0,16:01,
17.1.2023,21.,Tipsport extraliga,SPA – CEB,5:0,1,0,1,1,0,17:18,
15.1.2023,38.,Tipsport extraliga,MHK – SPA,3:4,0,1,1,0,0,16:45,
10.1.2023,32.,Tipsport extraliga,PCE – SPA,0:3,0,0,0,0,0,19:05,
8.1.2023,36.,Tipsport extraliga,SPA – KLA,4:0,1,0,1,2,0,12:21,
6.1.2023,35.,Tipsport extraliga,SPA – LIB,2:5,0,0,0,-2,2,12:08,
3.1.2023,34.,Tipsport extraliga,KVA – MBL,4:1,0,0,0,-2,0,17:26,
30.12.2022,33.,Tipsport extraliga,MBL – KLA,1:2,0,0,0,-1,2,14:24,
28.12.2022,32.,Tipsport extraliga,VIT – MBL,5:2,0,1,1,-1,0,16:54,
26.12.2022,31.,Tipsport extraliga,MBL – LIB,3:7,1,0,1,1,2,17:35,
11.12.2022,28.,Tipsport extraliga,OLO – MBL,2:0,0,0,0,0,0,19:27,
9.12.2022,27.,Tipsport extraliga,MBL – SPA,1:2,0,0,0,0,0,18:18,
1.12.2022,25.,Tipsport extraliga,MBL – PLZ,0:1,0,0,0,0,0,17:35,
29.11.2022,24.,Tipsport extraliga,MHK – MBL,0:2,0,0,0,0,0,14:29,
27.11.2022,23.,Tipsport extraliga,MBL – LIT,6:4,1,3,4,3,0,16:40,
25.11.2022,22.,Tipsport extraliga,KOM – MBL,1:3,1,0,1,0,4,12:16,
20.11.2022,21.,Tipsport extraliga,KVA – MBL,4:3,1,0,1,2,0,18:10,
18.11.2022,20.,Tipsport extraliga,KLA – MBL,1:2,1,0,1,0,0,18:25,
13.11.2022,,Karjala Cup 2022,CZE – SUI,2:3,0,0,0,-1,0,-,
10.11.2022,,Karjala Cup 2022,CZE – SWE,1:4,0,0,0,-1,0,08:57,
4.11.2022,18.,Tipsport extraliga,LIB – MBL,6:2,0,1,1,0,0,15:49,
1.11.2022,17.,Tipsport extraliga,MBL – PCE,0:1,0,0,0,0,0,19:00,
30.10.2022,16.,Tipsport extraliga,CEB – MBL,3:0,0,0,0,-1,0,15:43,
28.10.2022,15.,Tipsport extraliga,MBL – OLO,2:3,0,0,0,-1,0,15:37,
23.10.2022,14.,Tipsport extraliga,SPA – MBL,3:2,1,0,1,1,0,17:58,
21.10.2022,13.,Tipsport extraliga,MBL – TRI,2:3,0,1,1,0,0,19:34,
18.10.2022,12.,Tipsport extraliga,PLZ – MBL,1:2,1,0,1,1,0,13:29,
16.10.2022,11.,Tipsport extraliga,MBL – MHK,0:2,0,0,0,-1,0,17:31,
14.10.2022,10.,Tipsport extraliga,LIT – MBL,3:4,0,3,3,1,4,12:11,
9.10.2022,9.,Tipsport extraliga,MBL – KOM,3:2,2,0,2,1,0,13:10,
6.10.2022,8.,Tipsport extraliga,MBL – KVA,0:1,0,0,0,0,0,17:30,
2.10.2022,7.,Tipsport extraliga,MBL – KLA,4:0,1,1,2,1,0,12:50,
29.9.2022,6.,Tipsport extraliga,VIT – MBL,4:0,0,0,0,-1,0,14:55,
27.9.2022,5.,Tipsport extraliga,MBL – LIB,2:1,0,0,0,-1,0,12:17,
23.9.2022,3.,Tipsport extraliga,MBL – CEB,5:1,0,2,2,2,0,11:27,
18.9.2022,2.,Tipsport extraliga,OLO – MBL,2:1,0,0,0,-1,0,10:01,
16.9.2022,1.,Tipsport extraliga,MBL – SPA,4:2,0,0,0,-1,0,12:49,
