datum,kolo,soutěž,zápas,skóre,G,A,B,+-,TM,TOI,
26.2.2023,50.,Tipsport extraliga,LIT – PLZ,2:0,0,0,0,0,0,08:39,
24.2.2023,49.,Tipsport extraliga,MBL – LIT,1:2,0,0,0,-1,2,05:41,
19.2.2023,48.,Tipsport extraliga,LIT – TRI,4:3,0,0,0,0,0,10:54,
17.2.2023,47.,Tipsport extraliga,LIT – KOM,3:2,0,0,0,0,2,04:19,
15.2.2023,46.,Tipsport extraliga,MHK – LIT,3:0,0,0,0,0,0,10:17,
30.12.2022,33.,Tipsport extraliga,LIT – MHK,2:3,0,0,0,1,0,12:13,
28.12.2022,32.,Tipsport extraliga,KVA – LIT,3:0,0,0,0,-1,4,11:13,
26.12.2022,31.,Tipsport extraliga,LIT – KLA,2:3,0,2,2,0,0,10:25,
22.12.2022,30.,Tipsport extraliga,CEB – LIT,2:5,1,0,1,1,0,15:34,
20.12.2022,29.,Tipsport extraliga,LIT – LIB,3:2,0,0,0,0,0,11:25,
11.12.2022,28.,Tipsport extraliga,LIT – SPA,5:2,2,0,2,2,0,12:24,
9.12.2022,27.,Tipsport extraliga,LIT – VIT,5:3,1,1,2,2,0,09:31,
6.12.2022,25.,Tipsport extraliga,PCE – LIT,1:0,0,0,0,0,0,09:31,
4.12.2022,26.,Tipsport extraliga,LIT – OLO,5:3,1,0,1,0,0,08:47,
29.11.2022,24.,Tipsport extraliga,LIT – PLZ,2:4,0,0,0,0,0,06:19,
27.11.2022,23.,Tipsport extraliga,MBL – LIT,6:4,0,0,0,-1,2,09:06,
25.11.2022,22.,Tipsport extraliga,LIT – TRI,1:2,0,0,0,0,0,10:00,
20.11.2022,21.,Tipsport extraliga,LIT – KOM,5:1,0,0,0,-1,0,10:48,
18.11.2022,20.,Tipsport extraliga,MHK – LIT,3:0,0,0,0,0,0,09:18,
6.11.2022,19.,Tipsport extraliga,LIT – KVA,5:3,0,0,0,0,2,08:33,
4.11.2022,18.,Tipsport extraliga,KLA – LIT,3:2,0,0,0,1,0,09:54,
1.11.2022,17.,Tipsport extraliga,LIT – CEB,6:4,0,0,0,1,0,12:26,
30.10.2022,16.,Tipsport extraliga,LIB – LIT,2:3,1,1,2,2,0,09:29,
28.10.2022,15.,Tipsport extraliga,LIT – SPA,4:0,0,0,0,0,0,11:43,
23.10.2022,14.,Tipsport extraliga,VIT – LIT,5:3,0,0,0,0,0,15:51,
21.10.2022,13.,Tipsport extraliga,OLO – LIT,5:3,0,0,0,0,0,10:30,
18.10.2022,12.,Tipsport extraliga,LIT – PCE,0:1,0,0,0,0,0,08:30,
16.10.2022,11.,Tipsport extraliga,PLZ – LIT,4:3,0,0,0,0,0,08:07,
14.10.2022,10.,Tipsport extraliga,LIT – MBL,3:4,0,0,0,0,0,09:07,
2.10.2022,7.,Tipsport extraliga,LIT – MHK,3:2,0,0,0,0,2,07:43,
27.9.2022,5.,Tipsport extraliga,LIT – KLA,1:2,0,0,0,0,0,07:25,
23.9.2022,3.,Tipsport extraliga,LIT – LIB,2:3,0,0,0,1,0,11:36,
20.9.2022,4.,Tipsport extraliga,CEB – LIT,6:3,0,0,0,0,0,08:52,
18.9.2022,2.,Tipsport extraliga,SPA – LIT,3:0,0,0,0,0,0,08:17,
16.9.2022,1.,Tipsport extraliga,LIT – VIT,2:3,0,0,0,0,0,00:42,
