datum,kolo,soutěž,zápas,skóre,G,A,B,+-,TM,TOI,
15.2.2023,46.,Tipsport extraliga,VIT – OLO,3:1,1,0,1,1,0,10:33,
5.2.2023,45.,Tipsport extraliga,MBL – VIT,2:3,0,0,0,0,0,16:45,
3.2.2023,44.,Tipsport extraliga,VIT – SPA,3:4,1,1,2,0,0,20:44,
31.1.2023,43.,Tipsport extraliga,VIT – TRI,1:2,0,0,0,0,2,18:43,
27.1.2023,42.,Tipsport extraliga,VIT – MHK,2:5,0,0,0,-1,4,16:00,
22.1.2023,40.,Tipsport extraliga,VIT – LIT,2:3,0,0,0,0,0,20:13,
20.1.2023,39.,Tipsport extraliga,VIT – LIB,2:0,0,0,0,0,27,17:37,
17.1.2023,19.,Tipsport extraliga,MBL – VIT,3:2,0,0,0,1,0,20:19,
15.1.2023,38.,Tipsport extraliga,KOM – VIT,2:5,1,1,2,1,0,17:26,
13.1.2023,37.,Tipsport extraliga,VIT – KLA,0:3,0,0,0,-2,0,19:31,
10.1.2023,41.,Tipsport extraliga,PLZ – VIT,2:3,0,1,1,1,0,17:42,
8.1.2023,36.,Tipsport extraliga,KVA – VIT,1:3,0,1,1,1,0,16:12,
6.1.2023,35.,Tipsport extraliga,CEB – VIT,0:2,0,0,0,0,0,20:20,
3.1.2023,34.,Tipsport extraliga,VIT – PCE,2:3,0,0,0,-1,0,23:33,
30.12.2022,33.,Tipsport extraliga,OLO – VIT,2:4,0,0,0,0,0,19:15,
28.12.2022,32.,Tipsport extraliga,VIT – MBL,5:2,2,0,2,1,2,19:10,
22.12.2022,30.,Tipsport extraliga,VIT – TRI,1:2,0,0,0,0,0,23:18,
20.12.2022,29.,Tipsport extraliga,MHK – VIT,4:3,0,1,1,2,2,21:54,
11.12.2022,28.,Tipsport extraliga,VIT – PLZ,3:2,1,0,1,0,0,23:39,
9.12.2022,27.,Tipsport extraliga,LIT – VIT,5:3,0,0,0,-1,2,20:18,
4.12.2022,26.,Tipsport extraliga,LIB – VIT,2:3,0,1,1,1,2,22:39,
2.12.2022,25.,Tipsport extraliga,VIT – KOM,4:1,0,0,0,0,0,17:48,
29.11.2022,24.,Tipsport extraliga,KLA – VIT,2:3,1,0,1,0,0,19:49,
27.11.2022,23.,Tipsport extraliga,VIT – KVA,4:2,0,0,0,1,0,19:27,
25.11.2022,22.,Tipsport extraliga,VIT – CEB,4:3,0,1,1,0,0,19:10,
22.11.2022,21.,Tipsport extraliga,VIT – PCE,4:5,0,0,0,0,2,19:53,
18.11.2022,20.,Tipsport extraliga,VIT – OLO,3:0,1,0,1,0,0,17:30,
4.11.2022,18.,Tipsport extraliga,VIT – SPA,3:2,0,1,1,-2,0,20:42,
2.11.2022,17.,Tipsport extraliga,TRI – VIT,1:2,0,0,0,-1,0,21:20,
30.10.2022,16.,Tipsport extraliga,VIT – MHK,5:2,1,1,2,0,0,16:54,
28.10.2022,15.,Tipsport extraliga,PLZ – VIT,4:3,0,1,1,1,0,18:31,
26.10.2022,31.,Tipsport extraliga,SPA – VIT,3:2,0,0,0,-2,0,20:53,
23.10.2022,14.,Tipsport extraliga,VIT – LIT,5:3,0,1,1,0,0,21:23,
21.10.2022,13.,Tipsport extraliga,VIT – LIB,6:3,1,1,2,3,0,20:50,
18.10.2022,12.,Tipsport extraliga,KOM – VIT,2:1,1,0,1,0,4,19:40,
16.10.2022,11.,Tipsport extraliga,VIT – KLA,2:0,0,0,0,0,0,22:29,
14.10.2022,10.,Tipsport extraliga,KVA – VIT,4:5,2,0,2,2,0,20:40,
9.10.2022,9.,Tipsport extraliga,CEB – VIT,2:3,1,0,1,-1,0,22:47,
6.10.2022,8.,Tipsport extraliga,PCE – VIT,2:1,0,0,0,0,0,15:28,
2.10.2022,7.,Tipsport extraliga,OLO – VIT,5:4,1,0,1,-1,0,19:20,
29.9.2022,6.,Tipsport extraliga,VIT – MBL,4:0,0,0,0,1,4,21:58,
27.9.2022,5.,Tipsport extraliga,SPA – VIT,5:3,1,1,2,-2,0,15:25,
25.9.2022,4.,Tipsport extraliga,TRI – VIT,3:5,0,0,0,0,0,14:27,
23.9.2022,3.,Tipsport extraliga,MHK – VIT,3:2,0,0,0,0,0,21:55,
18.9.2022,2.,Tipsport extraliga,VIT – PLZ,4:2,0,2,2,1,0,20:24,
16.9.2022,1.,Tipsport extraliga,LIT – VIT,2:3,0,3,3,1,0,18:58,
