datum,kolo,soutěž,zápas,skóre,G,A,B,+-,TM,TOI,
26.2.2023,50.,Tipsport extraliga,KLA – VIT,0:1,0,0,0,0,0,13:10,
24.2.2023,49.,Tipsport extraliga,VIT – KVA,6:1,1,0,1,1,0,18:02,
19.2.2023,48.,Tipsport extraliga,VIT – CEB,1:4,0,0,0,-1,0,22:01,
17.2.2023,47.,Tipsport extraliga,PCE – VIT,1:4,1,0,1,0,0,19:30,
15.2.2023,46.,Tipsport extraliga,VIT – OLO,3:1,1,0,1,1,0,19:29,
5.2.2023,45.,Tipsport extraliga,MBL – VIT,2:3,0,1,1,0,0,16:55,
3.2.2023,44.,Tipsport extraliga,VIT – SPA,3:4,1,1,2,0,0,20:55,
31.1.2023,43.,Tipsport extraliga,VIT – TRI,1:2,0,1,1,0,0,25:16,
27.1.2023,42.,Tipsport extraliga,VIT – MHK,2:5,0,1,1,-2,0,18:53,
22.1.2023,40.,Tipsport extraliga,VIT – LIT,2:3,0,1,1,0,0,21:52,
20.1.2023,39.,Tipsport extraliga,VIT – LIB,2:0,0,1,1,0,0,19:07,
10.1.2023,41.,Tipsport extraliga,PLZ – VIT,2:3,1,0,1,1,0,17:20,
8.1.2023,36.,Tipsport extraliga,KVA – VIT,1:3,1,0,1,1,0,16:00,
6.1.2023,35.,Tipsport extraliga,CEB – VIT,0:2,0,0,0,0,0,17:47,
3.1.2023,34.,Tipsport extraliga,VIT – PCE,2:3,0,0,0,-1,0,23:10,
30.12.2022,33.,Tipsport extraliga,OLO – VIT,2:4,0,0,0,0,0,20:01,
28.12.2022,32.,Tipsport extraliga,VIT – MBL,5:2,1,0,1,0,0,18:33,
22.12.2022,30.,Tipsport extraliga,VIT – TRI,1:2,0,0,0,0,0,24:17,
20.12.2022,29.,Tipsport extraliga,MHK – VIT,4:3,1,2,3,2,0,24:52,
11.12.2022,28.,Tipsport extraliga,VIT – PLZ,3:2,0,1,1,0,0,24:18,
9.12.2022,27.,Tipsport extraliga,LIT – VIT,5:3,0,0,0,-1,2,19:48,
4.12.2022,26.,Tipsport extraliga,LIB – VIT,2:3,2,0,2,0,0,26:36,
2.12.2022,25.,Tipsport extraliga,VIT – KOM,4:1,1,0,1,0,0,18:15,
29.11.2022,24.,Tipsport extraliga,KLA – VIT,2:3,0,0,0,0,0,20:01,
27.11.2022,23.,Tipsport extraliga,VIT – KVA,4:2,2,0,2,1,0,19:50,
25.11.2022,22.,Tipsport extraliga,VIT – CEB,4:3,0,1,1,1,0,19:59,
23.10.2022,14.,Tipsport extraliga,VIT – LIT,5:3,1,0,1,0,0,22:45,
21.10.2022,13.,Tipsport extraliga,VIT – LIB,6:3,0,2,2,3,0,21:24,
18.10.2022,12.,Tipsport extraliga,KOM – VIT,2:1,0,1,1,0,0,25:06,
16.10.2022,11.,Tipsport extraliga,VIT – KLA,2:0,0,0,0,0,0,21:57,
14.10.2022,10.,Tipsport extraliga,KVA – VIT,4:5,0,2,2,2,0,22:17,
23.9.2022,3.,Tipsport extraliga,MHK – VIT,3:2,0,1,1,0,2,24:44,
18.9.2022,2.,Tipsport extraliga,VIT – PLZ,4:2,2,0,2,1,0,20:41,
16.9.2022,1.,Tipsport extraliga,LIT – VIT,2:3,2,0,2,1,0,19:39,
