datum,kolo,soutěž,zápas,skóre,G,A,B,+-,TM,TOI,
24.2.2023,49.,Tipsport extraliga,PCE – KOM,1:3,0,0,0,0,0,22:10,
19.2.2023,48.,Tipsport extraliga,KVA – PCE,0:5,0,1,1,2,0,19:52,
17.2.2023,47.,Tipsport extraliga,PCE – VIT,1:4,1,0,1,0,2,21:12,
15.2.2023,46.,Tipsport extraliga,CEB – PCE,3:7,0,1,1,3,0,24:09,
5.2.2023,45.,Tipsport extraliga,SPA – PCE,4:2,0,0,0,1,0,21:10,
3.2.2023,44.,Tipsport extraliga,PCE – OLO,4:1,0,0,0,1,0,18:32,
29.1.2023,43.,Tipsport extraliga,MBL – PCE,3:5,1,0,1,-1,0,23:47,
26.1.2023,42.,Tipsport extraliga,PCE – PLZ,4:3,0,0,0,1,0,22:21,
24.1.2023,41.,Tipsport extraliga,TRI – PCE,0:4,0,0,0,0,0,23:43,
22.1.2023,40.,Tipsport extraliga,PCE – KLA,4:2,0,1,1,1,0,20:48,
20.1.2023,39.,Tipsport extraliga,PCE – MHK,4:1,0,1,1,0,0,24:41,
18.1.2023,27.,Tipsport extraliga,KLA – PCE,1:4,0,0,0,1,0,24:20,
15.1.2023,38.,Tipsport extraliga,LIT – PCE,1:2,1,0,1,2,0,22:59,
13.1.2023,37.,Tipsport extraliga,LIB – PCE,3:4,1,1,2,1,0,23:40,
10.1.2023,32.,Tipsport extraliga,PCE – SPA,0:3,0,0,0,-1,0,23:23,
8.1.2023,36.,Tipsport extraliga,KOM – PCE,1:4,0,1,1,0,2,20:33,
6.1.2023,35.,Tipsport extraliga,PCE – KVA,7:4,0,1,1,-2,0,21:04,
3.1.2023,34.,Tipsport extraliga,VIT – PCE,2:3,0,0,0,0,0,23:25,
30.12.2022,33.,Tipsport extraliga,PCE – CEB,4:1,0,1,1,1,0,22:18,
26.12.2022,31.,Tipsport extraliga,OLO – PCE,3:2,0,1,1,1,0,23:47,
22.12.2022,30.,Tipsport extraliga,PCE – MBL,2:1,0,0,0,-1,0,22:29,
20.12.2022,29.,Tipsport extraliga,PLZ – PCE,0:2,0,0,0,1,2,22:26,
11.12.2022,28.,Tipsport extraliga,PCE – TRI,0:3,0,0,0,0,0,04:12,
6.12.2022,25.,Tipsport extraliga,PCE – LIT,1:0,0,0,0,0,0,25:35,
4.12.2022,26.,Tipsport extraliga,MHK – PCE,4:0,0,0,0,0,0,24:23,
29.11.2022,24.,Tipsport extraliga,PCE – LIB,1:3,0,0,0,1,2,23:29,
27.11.2022,23.,Tipsport extraliga,PCE – KOM,4:3,0,0,0,1,0,22:30,
25.11.2022,22.,Tipsport extraliga,KVA – PCE,1:3,0,1,1,2,0,21:16,
22.11.2022,21.,Tipsport extraliga,VIT – PCE,4:5,0,1,1,-1,2,24:31,
30.10.2022,16.,Tipsport extraliga,PCE – PLZ,7:2,1,1,2,4,0,21:54,
27.10.2022,15.,Tipsport extraliga,TRI – PCE,2:3,0,1,1,0,0,26:17,
23.10.2022,14.,Tipsport extraliga,PCE – KLA,6:2,0,0,0,1,0,18:49,
21.10.2022,13.,Tipsport extraliga,PCE – MHK,5:2,1,0,1,2,2,22:14,
18.10.2022,12.,Tipsport extraliga,LIT – PCE,0:1,0,0,0,0,0,26:27,
16.10.2022,11.,Tipsport extraliga,PCE – LIB,1:0,0,1,1,1,0,23:16,
13.10.2022,10.,Tipsport extraliga,KOM – PCE,4:3,0,1,1,1,0,24:00,
9.10.2022,9.,Tipsport extraliga,PCE – KVA,2:4,0,1,1,0,2,19:55,
6.10.2022,8.,Tipsport extraliga,PCE – VIT,2:1,1,0,1,0,0,25:02,
2.10.2022,7.,Tipsport extraliga,PCE – CEB,6:1,0,0,0,0,0,25:38,
30.9.2022,6.,Tipsport extraliga,PCE – SPA,2:3,0,0,0,0,0,24:51,
27.9.2022,5.,Tipsport extraliga,OLO – PCE,1:2,0,0,0,1,0,23:25,
25.9.2022,4.,Tipsport extraliga,PCE – MBL,2:3,0,2,2,1,0,22:07,
23.9.2022,3.,Tipsport extraliga,PLZ – PCE,1:4,0,0,0,1,2,19:21,
18.9.2022,2.,Tipsport extraliga,PCE – TRI,4:3,1,1,2,0,0,24:21,
16.9.2022,1.,Tipsport extraliga,KLA – PCE,4:5,0,0,0,3,0,27:51,
