datum,kolo,soutěž,zápas,skóre,G,A,B,+-,TM,TOI,
26.2.2023,50.,Tipsport extraliga,KOM – OLO,1:0,0,0,0,0,0,03:31,
24.2.2023,49.,Tipsport extraliga,OLO – MHK,0:4,0,0,0,0,0,10:50,
19.2.2023,48.,Tipsport extraliga,KLA – OLO,4:5,0,0,0,0,2,15:38,
17.2.2023,47.,Tipsport extraliga,OLO – LIB,2:3,0,0,0,0,0,15:45,
15.2.2023,46.,Tipsport extraliga,VIT – OLO,3:1,0,0,0,0,2,11:35,
24.1.2023,41.,Tipsport extraliga,MBL – OLO,4:0,0,0,0,-1,2,14:52,
22.1.2023,40.,Tipsport extraliga,OLO – PLZ,3:2,0,0,0,1,2,14:06,
20.1.2023,39.,Tipsport extraliga,OLO – LIT,1:8,0,0,0,-1,0,13:10,
3.1.2023,34.,Tipsport extraliga,LIB – OLO,6:1,0,0,0,-1,0,08:15,
30.12.2022,33.,Tipsport extraliga,OLO – VIT,2:4,0,0,0,-1,0,13:37,
28.12.2022,32.,Tipsport extraliga,CEB – OLO,4:2,0,0,0,0,2,13:38,
26.12.2022,31.,Tipsport extraliga,OLO – PCE,3:2,0,0,0,0,0,12:30,
22.12.2022,30.,Tipsport extraliga,KVA – OLO,0:3,0,0,0,0,2,12:19,
20.12.2022,29.,Tipsport extraliga,OLO – SPA,0:1,0,0,0,0,0,11:53,
11.12.2022,28.,Tipsport extraliga,OLO – MBL,2:0,0,1,1,1,0,12:56,
9.12.2022,27.,Tipsport extraliga,PLZ – OLO,5:4,0,0,0,1,0,15:31,
18.11.2022,20.,Tipsport extraliga,VIT – OLO,3:0,0,0,0,-1,0,19:05,
15.11.2022,4.,Tipsport extraliga,KVA – OLO,3:2,1,0,1,-1,0,14:41,
14.10.2022,10.,Tipsport extraliga,MHK – OLO,0:3,0,0,0,0,0,06:27,
9.10.2022,9.,Tipsport extraliga,OLO – KLA,3:0,0,1,1,0,0,18:41,
7.10.2022,8.,Tipsport extraliga,LIB – OLO,6:2,0,1,1,1,2,12:01,
2.10.2022,7.,Tipsport extraliga,OLO – VIT,5:4,0,0,0,0,0,13:48,
30.9.2022,6.,Tipsport extraliga,CEB – OLO,1:2,0,0,0,0,2,11:15,
27.9.2022,5.,Tipsport extraliga,OLO – PCE,1:2,0,0,0,-1,2,08:29,
22.9.2022,3.,Tipsport extraliga,OLO – SPA,4:0,1,0,1,1,0,13:23,
