datum,kolo,soutěž,zápas,skóre,G,A,B,+-,TM,TOI,
26.2.2023,50.,Tipsport extraliga,LIT – PLZ,2:0,0,0,0,0,0,11:35,
24.2.2023,49.,Tipsport extraliga,MBL – LIT,1:2,0,0,0,0,2,14:24,
19.2.2023,48.,Tipsport extraliga,LIT – TRI,4:3,0,0,0,0,0,14:20,
17.2.2023,47.,Tipsport extraliga,LIT – KOM,3:2,0,1,1,0,0,13:58,
15.2.2023,46.,Tipsport extraliga,MHK – LIT,3:0,0,0,0,-1,0,12:03,
5.2.2023,45.,Tipsport extraliga,LIT – KVA,1:2,0,0,0,0,0,10:23,
3.2.2023,44.,Tipsport extraliga,KLA – LIT,5:2,0,0,0,-2,0,11:26,
6.1.2023,35.,Tipsport extraliga,TRI – LIT,3:2,0,0,0,0,0,07:06,
3.1.2023,34.,Tipsport extraliga,KOM – LIT,3:1,0,0,0,-2,0,12:46,
30.12.2022,33.,Tipsport extraliga,LIT – MHK,2:3,0,0,0,0,0,14:55,
28.12.2022,32.,Tipsport extraliga,KVA – LIT,3:0,0,0,0,-1,0,13:51,
22.12.2022,30.,Tipsport extraliga,CEB – LIT,2:5,0,1,1,1,0,15:51,
20.12.2022,29.,Tipsport extraliga,LIT – LIB,3:2,0,0,0,0,2,16:17,
11.12.2022,28.,Tipsport extraliga,LIT – SPA,5:2,0,2,2,2,0,19:27,
9.12.2022,27.,Tipsport extraliga,LIT – VIT,5:3,0,0,0,0,0,16:51,
6.12.2022,25.,Tipsport extraliga,PCE – LIT,1:0,0,0,0,0,0,14:23,
4.12.2022,26.,Tipsport extraliga,LIT – OLO,5:3,0,0,0,0,2,12:17,
29.11.2022,24.,Tipsport extraliga,LIT – PLZ,2:4,0,0,0,-2,0,15:40,
27.11.2022,23.,Tipsport extraliga,MBL – LIT,6:4,0,0,0,0,0,15:29,
25.11.2022,22.,Tipsport extraliga,LIT – TRI,1:2,0,0,0,0,0,15:49,
20.11.2022,21.,Tipsport extraliga,LIT – KOM,5:1,0,0,0,0,0,15:16,
18.11.2022,20.,Tipsport extraliga,MHK – LIT,3:0,0,0,0,-1,0,11:40,
6.11.2022,19.,Tipsport extraliga,LIT – KVA,5:3,1,0,1,1,0,13:23,
4.11.2022,18.,Tipsport extraliga,KLA – LIT,3:2,0,0,0,-1,0,13:43,
1.11.2022,17.,Tipsport extraliga,LIT – CEB,6:4,1,0,1,1,2,14:40,
30.10.2022,16.,Tipsport extraliga,LIB – LIT,2:3,0,0,0,0,0,10:50,
28.10.2022,15.,Tipsport extraliga,LIT – SPA,4:0,0,0,0,0,0,12:10,
23.10.2022,14.,Tipsport extraliga,VIT – LIT,5:3,0,0,0,-1,0,07:51,
21.10.2022,13.,Tipsport extraliga,OLO – LIT,5:3,0,0,0,-1,0,12:00,
18.10.2022,12.,Tipsport extraliga,LIT – PCE,0:1,0,0,0,0,0,11:48,
16.10.2022,11.,Tipsport extraliga,PLZ – LIT,4:3,0,0,0,-1,2,12:21,
14.10.2022,10.,Tipsport extraliga,LIT – MBL,3:4,0,0,0,0,0,06:46,
9.10.2022,9.,Tipsport extraliga,TRI – LIT,4:1,0,0,0,0,0,10:46,
7.10.2022,8.,Tipsport extraliga,KOM – LIT,5:4,0,0,0,0,0,09:21,
4.10.2022,6.,Tipsport extraliga,KVA – LIT,1:4,0,0,0,0,0,11:07,
2.10.2022,7.,Tipsport extraliga,LIT – MHK,3:2,0,0,0,0,0,11:09,
27.9.2022,5.,Tipsport extraliga,LIT – KLA,1:2,0,0,0,0,2,21:16,
23.9.2022,3.,Tipsport extraliga,LIT – LIB,2:3,0,0,0,0,0,23:24,
20.9.2022,4.,Tipsport extraliga,CEB – LIT,6:3,0,0,0,-1,2,18:44,
18.9.2022,2.,Tipsport extraliga,SPA – LIT,3:0,0,0,0,-1,0,15:06,
16.9.2022,1.,Tipsport extraliga,LIT – VIT,2:3,0,0,0,-1,0,17:15,
