datum,kolo,soutěž,zápas,skóre,G,A,B,+-,TM,TOI,
3.2.2023,44.,Tipsport extraliga,KVA – PLZ,3:1,0,0,0,-1,0,17:47,
29.1.2023,43.,Tipsport extraliga,PLZ – SPA,4:3,1,1,2,0,0,21:31,
26.1.2023,42.,Tipsport extraliga,PCE – PLZ,4:3,0,1,1,0,2,21:00,
22.1.2023,40.,Tipsport extraliga,OLO – PLZ,3:2,0,1,1,1,0,24:36,
20.1.2023,39.,Tipsport extraliga,CEB – PLZ,3:4,1,0,1,2,0,20:51,
15.1.2023,38.,Tipsport extraliga,PLZ – MBL,3:2,0,0,0,0,0,27:09,
13.1.2023,37.,Tipsport extraliga,PLZ – LIT,4:1,0,0,0,0,2,21:48,
10.1.2023,41.,Tipsport extraliga,PLZ – VIT,2:3,0,0,0,-1,0,26:44,
8.1.2023,36.,Tipsport extraliga,TRI – PLZ,6:1,0,0,0,-2,0,21:54,
5.1.2023,35.,Tipsport extraliga,PLZ – MHK,0:4,0,0,0,-2,0,19:54,
3.1.2023,34.,Tipsport extraliga,KLA – PLZ,3:4,0,0,0,-3,0,25:16,
30.12.2022,33.,Tipsport extraliga,PLZ – KOM,5:2,2,0,2,1,0,21:22,
28.12.2022,32.,Tipsport extraliga,LIB – PLZ,2:1,0,0,0,1,0,21:32,
26.12.2022,31.,Tipsport extraliga,PLZ – KVA,1:0,1,0,1,0,0,21:46,
22.12.2022,30.,Tipsport extraliga,SPA – PLZ,3:0,0,0,0,0,0,18:15,
20.12.2022,29.,Tipsport extraliga,PLZ – PCE,0:2,0,0,0,-1,0,24:15,
18.12.2022,,Swiss Ice Hockey Games 2022,CZE – SWE,0:4,0,0,0,0,0,-,
17.12.2022,,Swiss Ice Hockey Games 2022,SUI – CZE,1:2,0,1,1,1,2,-,
15.12.2022,,Swiss Ice Hockey Games 2022,FIN – CZE,2:3,0,0,0,0,0,-,
11.12.2022,28.,Tipsport extraliga,VIT – PLZ,3:2,0,2,2,2,0,26:16,
9.12.2022,27.,Tipsport extraliga,PLZ – OLO,5:4,0,0,0,0,0,22:36,
4.12.2022,26.,Tipsport extraliga,PLZ – CEB,4:1,2,0,2,2,2,21:07,
1.12.2022,25.,Tipsport extraliga,MBL – PLZ,0:1,0,0,0,0,0,16:49,
29.11.2022,24.,Tipsport extraliga,LIT – PLZ,2:4,0,1,1,2,0,21:07,
27.11.2022,23.,Tipsport extraliga,PLZ – TRI,2:1,0,0,0,1,0,21:10,
25.11.2022,22.,Tipsport extraliga,MHK – PLZ,1:4,0,3,3,2,2,21:45,
20.11.2022,21.,Tipsport extraliga,PLZ – KLA,1:2,0,0,0,0,0,21:39,
18.11.2022,20.,Tipsport extraliga,KOM – PLZ,3:1,0,0,0,-1,0,18:30,
13.11.2022,,Karjala Cup 2022,CZE – SUI,2:3,0,1,1,0,0,-,
12.11.2022,,Karjala Cup 2022,FIN – CZE,2:5,0,1,1,1,0,-,
10.11.2022,,Karjala Cup 2022,CZE – SWE,1:4,0,0,0,-1,0,16:47,
6.11.2022,19.,Tipsport extraliga,PLZ – LIB,3:4,0,2,2,-1,0,20:37,
4.11.2022,18.,Tipsport extraliga,KVA – PLZ,4:5,0,0,0,0,0,22:42,
2.11.2022,17.,Tipsport extraliga,PLZ – SPA,4:0,0,0,0,0,0,21:51,
30.10.2022,16.,Tipsport extraliga,PCE – PLZ,7:2,1,1,2,-1,0,20:05,
28.10.2022,15.,Tipsport extraliga,PLZ – VIT,4:3,0,1,1,1,0,21:07,
23.10.2022,14.,Tipsport extraliga,OLO – PLZ,1:4,0,1,1,0,0,18:19,
20.10.2022,13.,Tipsport extraliga,CEB – PLZ,3:2,1,1,2,1,0,21:10,
18.10.2022,12.,Tipsport extraliga,PLZ – MBL,1:2,0,0,0,0,0,23:20,
16.10.2022,11.,Tipsport extraliga,PLZ – LIT,4:3,1,0,1,1,2,24:14,
14.10.2022,10.,Tipsport extraliga,TRI – PLZ,3:2,0,1,1,0,2,21:27,
9.10.2022,9.,Tipsport extraliga,PLZ – MHK,2:5,1,0,1,0,0,20:01,
7.10.2022,8.,Tipsport extraliga,KLA – PLZ,0:4,1,0,1,1,0,22:16,
2.10.2022,7.,Tipsport extraliga,PLZ – KOM,3:4,0,0,0,0,0,21:09,
29.9.2022,6.,Tipsport extraliga,LIB – PLZ,2:3,0,2,2,2,2,19:03,
27.9.2022,5.,Tipsport extraliga,PLZ – KVA,6:3,2,0,2,0,0,21:32,
25.9.2022,4.,Tipsport extraliga,SPA – PLZ,3:2,0,1,1,1,0,21:46,
23.9.2022,3.,Tipsport extraliga,PLZ – PCE,1:4,0,0,0,-3,0,19:41,
18.9.2022,2.,Tipsport extraliga,VIT – PLZ,4:2,1,0,1,0,2,21:22,
16.9.2022,1.,Tipsport extraliga,PLZ – OLO,1:2,0,0,0,-2,0,17:56,
