datum,kolo,soutěž,zápas,skóre,G,A,B,+-,TM,TOI,
22.2.2023,49.,Tipsport extraliga,CEB – LIB,3:4,0,0,0,0,0,17:43,
19.2.2023,48.,Tipsport extraliga,LIB – SPA,2:1,0,0,0,0,0,16:15,
17.2.2023,47.,Tipsport extraliga,OLO – LIB,2:3,0,0,0,-1,2,14:39,
15.2.2023,46.,Tipsport extraliga,LIB – TRI,3:2,0,0,0,0,0,14:04,
5.2.2023,45.,Tipsport extraliga,PLZ – LIB,2:4,0,0,0,1,2,17:14,
3.2.2023,44.,Tipsport extraliga,LIB – MBL,4:3,1,0,1,1,0,10:31,
29.1.2023,43.,Tipsport extraliga,KOM – LIB,3:0,0,0,0,0,0,11:50,
27.1.2023,42.,Tipsport extraliga,LIB – LIT,5:1,0,1,1,1,0,09:18,
24.1.2023,41.,Tipsport extraliga,KLA – LIB,3:2,1,0,1,1,0,05:59,
22.1.2023,40.,Tipsport extraliga,LIB – MHK,3:1,0,0,0,0,0,08:28,
15.1.2023,38.,Tipsport extraliga,LIB – KVA,3:1,0,0,0,0,2,08:39,
13.1.2023,37.,Tipsport extraliga,LIB – PCE,3:4,0,0,0,0,0,17:51,
10.1.2023,27.,Tipsport extraliga,MHK – LIB,5:4,0,0,0,1,0,16:10,
8.1.2023,36.,Tipsport extraliga,LIB – CEB,2:3,0,0,0,0,0,12:58,
6.1.2023,35.,Tipsport extraliga,SPA – LIB,2:5,0,0,0,-1,0,14:33,
3.1.2023,34.,Tipsport extraliga,LIB – OLO,6:1,0,0,0,1,0,13:33,
30.12.2022,33.,Tipsport extraliga,TRI – LIB,6:3,0,0,0,-1,0,17:48,
28.12.2022,32.,Tipsport extraliga,LIB – PLZ,2:1,0,0,0,0,0,07:50,
26.12.2022,31.,Tipsport extraliga,MBL – LIB,3:7,0,1,1,2,0,10:25,
22.12.2022,30.,Tipsport extraliga,LIB – KOM,2:1,0,0,0,0,0,16:49,
20.12.2022,29.,Tipsport extraliga,LIT – LIB,3:2,0,0,0,0,0,18:08,
11.12.2022,28.,Tipsport extraliga,LIB – KLA,7:3,0,0,0,1,0,14:21,
6.12.2022,9.,Tipsport extraliga,LIB – SPA,0:1,0,0,0,-1,0,12:21,
4.12.2022,26.,Tipsport extraliga,LIB – VIT,2:3,0,0,0,1,0,16:35,
2.12.2022,25.,Tipsport extraliga,KVA – LIB,0:2,1,0,1,1,0,17:53,
29.11.2022,24.,Tipsport extraliga,PCE – LIB,1:3,0,0,0,0,2,12:02,
27.11.2022,23.,Tipsport extraliga,CEB – LIB,4:1,0,0,0,-2,2,15:52,
25.11.2022,22.,Tipsport extraliga,SPA – LIB,3:1,0,0,0,1,0,06:27,
22.11.2022,17.,Tipsport extraliga,KOM – LIB,0:5,0,0,0,0,0,05:51,
20.11.2022,21.,Tipsport extraliga,OLO – LIB,4:1,0,0,0,0,0,10:14,
18.11.2022,20.,Tipsport extraliga,LIB – TRI,1:4,0,0,0,-3,0,09:25,
6.11.2022,19.,Tipsport extraliga,PLZ – LIB,3:4,0,0,0,0,0,19:30,
4.11.2022,18.,Tipsport extraliga,LIB – MBL,6:2,0,0,0,1,0,08:18,
2.11.2022,18.,CHANCE LIGA,KOL – PRE,1:4,0,0,0,0,0,19:01,
29.10.2022,17.,CHANCE LIGA,TRE – KOL,3:2,0,0,0,0,2,17:56,
22.10.2022,14.,CHANCE LIGA,KOL – ZLN,4:3,0,0,0,1,4,12:57,
19.10.2022,13.,CHANCE LIGA,KOL – VSE,3:1,0,0,0,0,2,16:08,
12.10.2022,11.,CHANCE LIGA,KOL – SUM,3:5,0,1,1,-1,0,19:35,
10.10.2022,10.,CHANCE LIGA,JIH – KOL,3:2,0,1,1,1,2,20:01,
8.10.2022,9.,CHANCE LIGA,KOL – POR,4:6,1,0,1,2,2,25:11,
5.10.2022,8.,CHANCE LIGA,PCE – KOL,3:2,0,0,0,-2,2,26:35,
1.10.2022,7.,CHANCE LIGA,KOL – FRM,2:5,0,0,0,0,2,25:57,
28.9.2022,6.,CHANCE LIGA,KOL – SLA,3:1,0,0,0,2,2,22:12,
26.9.2022,5.,CHANCE LIGA,PRE – KOL,4:2,0,1,1,0,2,24:18,
24.9.2022,4.,CHANCE LIGA,KOL – TRE,3:2,0,0,0,0,0,18:53,
21.9.2022,3.,CHANCE LIGA,LTM – KOL,5:6,0,0,0,-1,,17:09,
17.9.2022,2.,CHANCE LIGA,KOL – PRO,5:3,0,0,0,1,2,14:14,
