datum,kolo,soutěž,zápas,skóre,G,A,B,+-,TM,TOI,
25.2.2023,50.,CHANCE LIGA,ZLN – PCE,1:0,0,0,0,0,2,18:43,
22.2.2023,49.,CHANCE LIGA,SLA – ZLN,3:5,1,0,1,0,0,17:05,
18.2.2023,48.,CHANCE LIGA,ZLN – PRE,2:1,1,0,1,0,0,18:51,
4.2.2023,45.,CHANCE LIGA,PRO – ZLN,5:1,0,1,1,-2,0,18:35,
1.2.2023,44.,CHANCE LIGA,ZLN – SOK,5:0,0,1,1,1,0,17:21,
30.1.2023,43.,CHANCE LIGA,VSE – ZLN,2:3,0,0,0,0,0,18:20,
28.1.2023,42.,CHANCE LIGA,ZLN – JIH,4:1,1,1,2,2,0,16:37,
25.1.2023,41.,CHANCE LIGA,ZLN – SUM,6:2,0,3,3,3,0,16:25,
21.1.2023,40.,CHANCE LIGA,KOL – ZLN,1:3,0,1,1,1,0,20:31,
18.1.2023,39.,CHANCE LIGA,POR – ZLN,0:2,1,0,1,1,0,22:40,
14.1.2023,38.,CHANCE LIGA,ZLN – FRM,3:2,0,0,0,-1,0,20:56,
8.1.2023,36.,Tipsport extraliga,KOM – PCE,1:4,0,0,0,0,0,08:46,
6.1.2023,35.,Tipsport extraliga,MBL – KOM,7:3,0,0,0,-1,0,10:19,
30.12.2022,33.,Tipsport extraliga,PLZ – KOM,5:2,0,0,0,-2,0,14:35,
28.12.2022,32.,Tipsport extraliga,KOM – MHK,2:3,0,0,0,-2,0,12:03,
26.12.2022,31.,Tipsport extraliga,TRI – KOM,7:2,0,1,1,1,0,11:40,
22.12.2022,30.,Tipsport extraliga,LIB – KOM,2:1,0,0,0,0,0,11:08,
20.12.2022,29.,Tipsport extraliga,KOM – KLA,3:2,0,0,0,0,0,09:58,
13.12.2022,10.,CHANCE LIGA,VSE – PRE,4:3,0,1,1,-1,0,19:31,
11.12.2022,28.,Tipsport extraliga,CEB – KOM,3:1,0,0,0,0,0,05:56,
9.12.2022,27.,Tipsport extraliga,KOM – KVA,2:3,0,0,0,-1,0,08:14,
4.12.2022,26.,Tipsport extraliga,KOM – SPA,2:6,0,0,0,0,0,09:05,
2.12.2022,25.,Tipsport extraliga,VIT – KOM,4:1,0,0,0,-1,0,06:22,
29.11.2022,24.,Tipsport extraliga,KOM – OLO,1:0,0,0,0,0,0,08:59,
27.11.2022,23.,Tipsport extraliga,PCE – KOM,4:3,0,0,0,0,0,06:15,
25.11.2022,22.,Tipsport extraliga,KOM – MBL,1:3,0,0,0,0,0,01:20,
22.11.2022,17.,Tipsport extraliga,KOM – LIB,0:5,0,0,0,-2,0,11:16,
20.11.2022,21.,Tipsport extraliga,LIT – KOM,5:1,0,0,0,0,0,10:38,
18.11.2022,20.,Tipsport extraliga,KOM – PLZ,3:1,0,0,0,0,0,09:38,
16.11.2022,21.,CHANCE LIGA,PRE – SUM,4:3,0,0,0,-1,,19:19,
14.11.2022,20.,CHANCE LIGA,PCE – PRE,1:3,1,0,1,0,,17:24,
11.11.2022,22.,CHANCE LIGA,ZLN – PRE,5:1,0,0,0,-2,0,15:59,
6.11.2022,19.,Tipsport extraliga,MHK – KOM,5:1,0,0,0,-1,0,04:01,
2.11.2022,18.,CHANCE LIGA,KOL – PRE,1:4,0,0,0,0,2,14:31,
30.10.2022,16.,Tipsport extraliga,KLA – KOM,3:5,0,1,1,1,0,08:19,
28.10.2022,15.,Tipsport extraliga,KOM – CEB,3:0,0,0,0,0,4,06:08,
23.10.2022,14.,Tipsport extraliga,KVA – KOM,2:3,0,0,0,0,0,07:26,
21.10.2022,13.,Tipsport extraliga,SPA – KOM,2:3,0,1,1,1,0,05:26,
18.10.2022,12.,Tipsport extraliga,KOM – VIT,2:1,0,0,0,0,0,05:24,
16.10.2022,11.,Tipsport extraliga,OLO – KOM,2:3,0,0,0,0,2,07:06,
7.10.2022,8.,Tipsport extraliga,KOM – LIT,5:4,0,1,1,1,0,06:31,
30.9.2022,6.,Tipsport extraliga,KOM – MHK,4:0,0,0,0,0,0,05:26,
27.9.2022,5.,Tipsport extraliga,KOM – TRI,2:4,0,0,0,0,0,05:18,
25.9.2022,4.,Tipsport extraliga,LIB – KOM,2:3,0,0,0,-1,0,08:03,
23.9.2022,3.,Tipsport extraliga,KOM – KLA,1:3,0,0,0,0,0,07:35,
18.9.2022,2.,Tipsport extraliga,CEB – KOM,6:2,0,0,0,-1,0,08:29,
15.9.2022,1.,Tipsport extraliga,KOM – KVA,6:1,0,0,0,0,2,09:06,
