datum,kolo,soutěž,zápas,skóre,G,A,B,+-,TM,TOI,
26.2.2023,50.,Tipsport extraliga,KLA – VIT,0:1,0,0,0,0,0,10:16,
24.2.2023,49.,Tipsport extraliga,VIT – KVA,6:1,1,0,1,2,0,16:05,
19.2.2023,48.,Tipsport extraliga,VIT – CEB,1:4,0,0,0,0,0,18:21,
17.2.2023,47.,Tipsport extraliga,PCE – VIT,1:4,1,0,1,2,0,13:11,
15.2.2023,46.,Tipsport extraliga,VIT – OLO,3:1,0,0,0,-1,2,11:17,
5.2.2023,45.,Tipsport extraliga,MBL – VIT,2:3,1,0,1,1,0,13:26,
3.2.2023,44.,Tipsport extraliga,VIT – SPA,3:4,0,0,0,0,0,12:32,
31.1.2023,43.,Tipsport extraliga,VIT – TRI,1:2,0,0,0,0,0,12:16,
27.1.2023,42.,Tipsport extraliga,VIT – MHK,2:5,0,0,0,-1,0,14:17,
22.1.2023,40.,Tipsport extraliga,VIT – LIT,2:3,0,0,0,0,0,10:33,
20.1.2023,39.,Tipsport extraliga,VIT – LIB,2:0,0,0,0,0,0,11:57,
17.1.2023,19.,Tipsport extraliga,MBL – VIT,3:2,0,0,0,-1,0,09:47,
15.1.2023,38.,Tipsport extraliga,KOM – VIT,2:5,0,0,0,0,0,13:02,
13.1.2023,37.,Tipsport extraliga,VIT – KLA,0:3,0,0,0,0,0,15:45,
10.1.2023,41.,Tipsport extraliga,PLZ – VIT,2:3,0,0,0,-1,2,17:20,
8.1.2023,36.,Tipsport extraliga,KVA – VIT,1:3,1,0,1,0,0,12:56,
6.1.2023,35.,Tipsport extraliga,CEB – VIT,0:2,0,0,0,0,0,15:51,
3.1.2023,34.,Tipsport extraliga,VIT – PCE,2:3,0,0,0,-1,0,18:08,
30.12.2022,33.,Tipsport extraliga,OLO – VIT,2:4,0,1,1,2,2,17:22,
28.12.2022,32.,Tipsport extraliga,VIT – MBL,5:2,0,0,0,0,0,18:21,
22.12.2022,30.,Tipsport extraliga,VIT – TRI,1:2,0,0,0,-1,0,13:56,
20.12.2022,29.,Tipsport extraliga,MHK – VIT,4:3,0,0,0,-2,0,15:57,
4.12.2022,26.,Tipsport extraliga,LIB – VIT,2:3,0,0,0,0,0,16:01,
2.12.2022,25.,Tipsport extraliga,VIT – KOM,4:1,0,0,0,1,2,13:26,
29.11.2022,24.,Tipsport extraliga,KLA – VIT,2:3,1,0,1,0,0,17:12,
27.11.2022,23.,Tipsport extraliga,VIT – KVA,4:2,1,0,1,1,0,17:44,
25.11.2022,22.,Tipsport extraliga,VIT – CEB,4:3,1,0,1,0,0,16:50,
22.11.2022,21.,Tipsport extraliga,VIT – PCE,4:5,0,0,0,0,2,15:26,
18.11.2022,20.,Tipsport extraliga,VIT – OLO,3:0,1,1,2,2,0,14:24,
4.11.2022,18.,Tipsport extraliga,VIT – SPA,3:2,0,0,0,1,0,17:43,
2.11.2022,17.,Tipsport extraliga,TRI – VIT,1:2,0,0,0,0,2,16:14,
30.10.2022,16.,Tipsport extraliga,VIT – MHK,5:2,0,0,0,2,0,17:08,
28.10.2022,15.,Tipsport extraliga,PLZ – VIT,4:3,0,0,0,0,0,15:13,
26.10.2022,31.,Tipsport extraliga,SPA – VIT,3:2,0,0,0,0,0,15:45,
23.10.2022,14.,Tipsport extraliga,VIT – LIT,5:3,1,1,2,2,0,14:23,
21.10.2022,13.,Tipsport extraliga,VIT – LIB,6:3,0,0,0,-1,0,15:43,
18.10.2022,12.,Tipsport extraliga,KOM – VIT,2:1,0,0,0,0,2,08:24,
16.10.2022,11.,Tipsport extraliga,VIT – KLA,2:0,0,0,0,0,0,06:38,
14.10.2022,10.,Tipsport extraliga,KVA – VIT,4:5,0,1,1,0,0,11:55,
9.10.2022,9.,Tipsport extraliga,CEB – VIT,2:3,0,0,0,0,0,15:37,
6.10.2022,8.,Tipsport extraliga,PCE – VIT,2:1,0,0,0,0,0,12:30,
2.10.2022,7.,Tipsport extraliga,OLO – VIT,5:4,0,0,0,0,0,07:47,
29.9.2022,6.,Tipsport extraliga,VIT – MBL,4:0,0,0,0,0,0,07:37,
27.9.2022,5.,Tipsport extraliga,SPA – VIT,5:3,0,0,0,0,0,10:23,
25.9.2022,4.,Tipsport extraliga,TRI – VIT,3:5,0,0,0,2,0,14:58,
23.9.2022,3.,Tipsport extraliga,MHK – VIT,3:2,0,0,0,0,0,06:14,
18.9.2022,2.,Tipsport extraliga,VIT – PLZ,4:2,1,0,1,1,0,07:42,
16.9.2022,1.,Tipsport extraliga,LIT – VIT,2:3,0,0,0,0,0,09:55,
