datum,kolo,soutěž,zápas,skóre,G,A,B,+-,TM,TOI,
9.12.2022,27.,Tipsport extraliga,MBL – SPA,1:2,0,0,0,-1,0,21:47,
4.12.2022,26.,Tipsport extraliga,TRI – MBL,3:0,0,0,0,-1,0,16:50,
1.12.2022,25.,Tipsport extraliga,MBL – PLZ,0:1,0,0,0,0,0,19:59,
29.11.2022,24.,Tipsport extraliga,MHK – MBL,0:2,1,0,1,1,0,15:38,
27.11.2022,23.,Tipsport extraliga,MBL – LIT,6:4,0,0,0,0,0,13:34,
25.11.2022,22.,Tipsport extraliga,KOM – MBL,1:3,0,1,1,1,2,16:38,
20.11.2022,21.,Tipsport extraliga,KVA – MBL,4:3,0,0,0,0,0,18:08,
18.11.2022,20.,Tipsport extraliga,KLA – MBL,1:2,0,1,1,1,2,21:48,
4.11.2022,18.,Tipsport extraliga,LIB – MBL,6:2,0,0,0,0,0,22:09,
1.11.2022,17.,Tipsport extraliga,MBL – PCE,0:1,0,0,0,0,0,23:31,
30.10.2022,16.,Tipsport extraliga,CEB – MBL,3:0,0,0,0,-1,0,17:39,
28.10.2022,15.,Tipsport extraliga,MBL – OLO,2:3,1,0,1,0,2,19:31,
23.10.2022,14.,Tipsport extraliga,SPA – MBL,3:2,0,1,1,0,0,18:22,
21.10.2022,13.,Tipsport extraliga,MBL – TRI,2:3,0,1,1,0,2,19:20,
18.10.2022,12.,Tipsport extraliga,PLZ – MBL,1:2,0,0,0,0,0,16:46,
16.10.2022,11.,Tipsport extraliga,MBL – MHK,0:2,0,0,0,-2,0,19:01,
14.10.2022,10.,Tipsport extraliga,LIT – MBL,3:4,1,1,2,0,0,15:04,
9.10.2022,9.,Tipsport extraliga,MBL – KOM,3:2,0,1,1,1,2,19:01,
6.10.2022,8.,Tipsport extraliga,MBL – KVA,0:1,0,0,0,-1,2,17:45,
2.10.2022,7.,Tipsport extraliga,MBL – KLA,4:0,0,0,0,0,0,16:59,
29.9.2022,6.,Tipsport extraliga,VIT – MBL,4:0,0,0,0,-2,0,16:01,
27.9.2022,5.,Tipsport extraliga,MBL – LIB,2:1,0,0,0,-1,0,16:35,
25.9.2022,4.,Tipsport extraliga,PCE – MBL,2:3,0,0,0,0,0,13:06,
23.9.2022,3.,Tipsport extraliga,MBL – CEB,5:1,0,3,3,2,2,11:23,
18.9.2022,2.,Tipsport extraliga,OLO – MBL,2:1,0,1,1,-1,2,17:20,
16.9.2022,1.,Tipsport extraliga,MBL – SPA,4:2,0,0,0,-1,0,15:38,
