datum,kolo,soutěž,zápas,skóre,G,A,B,+-,TM,TOI,
26.2.2023,50.,Tipsport extraliga,MHK – MBL,3:2,0,0,0,0,0,08:18,
24.2.2023,49.,Tipsport extraliga,OLO – MHK,0:4,0,0,0,0,0,11:46,
19.2.2023,48.,Tipsport extraliga,MHK – PLZ,2:1,0,0,0,0,2,08:26,
17.2.2023,47.,Tipsport extraliga,TRI – MHK,1:2,0,0,0,-1,0,12:12,
20.11.2022,21.,Tipsport extraliga,TRI – MHK,4:1,1,0,1,-2,2,15:36,
18.11.2022,20.,Tipsport extraliga,MHK – LIT,3:0,0,0,0,0,0,09:58,
6.11.2022,19.,Tipsport extraliga,MHK – KOM,5:1,0,1,1,2,0,16:40,
4.11.2022,18.,Tipsport extraliga,CEB – MHK,2:1,1,0,1,0,4,16:17,
1.11.2022,17.,Tipsport extraliga,MHK – KLA,8:7,0,0,0,0,0,18:38,
30.10.2022,16.,Tipsport extraliga,VIT – MHK,5:2,0,0,0,-3,0,16:45,
28.10.2022,15.,Tipsport extraliga,MHK – KVA,1:2,1,0,1,0,2,16:01,
23.10.2022,14.,Tipsport extraliga,LIB – MHK,3:6,0,0,0,0,0,12:33,
21.10.2022,13.,Tipsport extraliga,PCE – MHK,5:2,1,0,1,-1,2,15:58,
18.10.2022,12.,Tipsport extraliga,MHK – SPA,3:2,0,0,0,0,2,17:03,
16.10.2022,11.,Tipsport extraliga,MBL – MHK,0:2,0,0,0,0,2,13:26,
14.10.2022,10.,Tipsport extraliga,MHK – OLO,0:3,0,0,0,-1,0,16:20,
9.10.2022,9.,Tipsport extraliga,PLZ – MHK,2:5,0,0,0,-1,0,16:20,
2.10.2022,7.,Tipsport extraliga,LIT – MHK,3:2,1,0,1,1,2,19:25,
30.9.2022,6.,Tipsport extraliga,KOM – MHK,4:0,0,0,0,-1,4,16:40,
27.9.2022,5.,Tipsport extraliga,MHK – CEB,3:1,1,0,1,1,0,16:26,
25.9.2022,4.,Tipsport extraliga,KLA – MHK,2:1,0,0,0,0,2,14:03,
23.9.2022,3.,Tipsport extraliga,MHK – VIT,3:2,0,0,0,-1,2,19:45,
18.9.2022,2.,Tipsport extraliga,KVA – MHK,2:3,1,1,2,0,0,19:03,
16.9.2022,1.,Tipsport extraliga,MHK – LIB,1:2,0,0,0,1,0,14:45,
