datum,kolo,soutěž,zápas,skóre,G,A,B,+-,TM,TOI,
26.2.2023,50.,Tipsport extraliga,KOM – OLO,1:0,0,0,0,0,0,03:44,
24.2.2023,49.,Tipsport extraliga,PCE – KOM,1:3,0,0,0,0,0,07:22,
19.2.2023,48.,Tipsport extraliga,KOM – MBL,1:4,0,0,0,0,0,14:07,
17.2.2023,47.,Tipsport extraliga,LIT – KOM,3:2,0,0,0,0,0,10:37,
15.2.2023,46.,Tipsport extraliga,KOM – PLZ,3:0,0,0,0,1,0,08:48,
5.2.2023,45.,Tipsport extraliga,MHK – KOM,1:0,0,0,0,0,0,09:29,
3.2.2023,44.,Tipsport extraliga,KOM – TRI,5:1,0,0,0,0,0,12:47,
29.1.2023,43.,Tipsport extraliga,KOM – LIB,3:0,0,0,0,0,0,09:19,
27.1.2023,42.,Tipsport extraliga,KLA – KOM,0:3,0,0,0,0,0,07:11,
24.1.2023,41.,Tipsport extraliga,KOM – CEB,5:2,0,0,0,0,0,11:09,
15.1.2023,38.,Tipsport extraliga,KOM – VIT,2:5,0,0,0,-1,0,12:53,
13.1.2023,18.,Tipsport extraliga,TRI – KOM,6:1,0,0,0,1,0,11:10,
11.1.2023,37.,Tipsport extraliga,OLO – KOM,1:4,0,0,0,0,0,13:16,
8.1.2023,36.,Tipsport extraliga,KOM – PCE,1:4,0,0,0,-1,0,13:08,
6.1.2023,35.,Tipsport extraliga,MBL – KOM,7:3,0,0,0,0,0,15:50,
3.1.2023,34.,Tipsport extraliga,KOM – LIT,3:1,0,0,0,0,0,11:07,
30.12.2022,33.,Tipsport extraliga,PLZ – KOM,5:2,1,0,1,-1,0,14:56,
28.12.2022,32.,Tipsport extraliga,KOM – MHK,2:3,0,0,0,-1,0,17:16,
26.12.2022,31.,Tipsport extraliga,TRI – KOM,7:2,1,0,1,-1,2,12:29,
22.12.2022,30.,Tipsport extraliga,LIB – KOM,2:1,0,0,0,0,0,14:16,
20.12.2022,29.,Tipsport extraliga,KOM – KLA,3:2,0,0,0,-1,0,17:23,
11.12.2022,28.,Tipsport extraliga,CEB – KOM,3:1,0,0,0,-1,0,17:42,
9.12.2022,27.,Tipsport extraliga,KOM – KVA,2:3,0,0,0,-1,0,15:35,
4.12.2022,26.,Tipsport extraliga,KOM – SPA,2:6,0,0,0,-4,0,19:11,
2.12.2022,25.,Tipsport extraliga,VIT – KOM,4:1,0,1,1,0,0,14:46,
29.11.2022,24.,Tipsport extraliga,KOM – OLO,1:0,0,0,0,0,0,19:04,
27.11.2022,23.,Tipsport extraliga,PCE – KOM,4:3,0,0,0,0,0,17:24,
25.11.2022,22.,Tipsport extraliga,KOM – MBL,1:3,0,1,1,0,0,16:14,
22.11.2022,17.,Tipsport extraliga,KOM – LIB,0:5,0,0,0,-1,0,17:40,
20.11.2022,21.,Tipsport extraliga,LIT – KOM,5:1,0,0,0,-1,0,17:21,
18.11.2022,20.,Tipsport extraliga,KOM – PLZ,3:1,1,0,1,0,0,16:13,
6.11.2022,19.,Tipsport extraliga,MHK – KOM,5:1,0,0,0,-1,0,18:59,
30.10.2022,16.,Tipsport extraliga,KLA – KOM,3:5,1,0,1,1,0,18:57,
28.10.2022,15.,Tipsport extraliga,KOM – CEB,3:0,1,1,2,2,0,17:46,
23.10.2022,14.,Tipsport extraliga,KVA – KOM,2:3,0,0,0,0,0,19:58,
21.10.2022,13.,Tipsport extraliga,SPA – KOM,2:3,1,0,1,-1,0,15:08,
18.10.2022,12.,Tipsport extraliga,KOM – VIT,2:1,2,0,2,1,0,17:15,
16.10.2022,11.,Tipsport extraliga,OLO – KOM,2:3,0,0,0,1,0,16:05,
13.10.2022,10.,Tipsport extraliga,KOM – PCE,4:3,0,0,0,-1,0,19:42,
9.10.2022,9.,Tipsport extraliga,MBL – KOM,3:2,0,1,1,0,0,17:40,
7.10.2022,8.,Tipsport extraliga,KOM – LIT,5:4,0,1,1,-1,2,13:25,
2.10.2022,7.,Tipsport extraliga,PLZ – KOM,3:4,1,0,1,0,0,17:40,
30.9.2022,6.,Tipsport extraliga,KOM – MHK,4:0,0,0,0,1,2,15:55,
27.9.2022,5.,Tipsport extraliga,KOM – TRI,2:4,0,0,0,0,0,17:42,
25.9.2022,4.,Tipsport extraliga,LIB – KOM,2:3,0,1,1,1,0,17:10,
23.9.2022,3.,Tipsport extraliga,KOM – KLA,1:3,0,0,0,-1,0,16:13,
18.9.2022,2.,Tipsport extraliga,CEB – KOM,6:2,0,0,0,-1,0,19:15,
15.9.2022,1.,Tipsport extraliga,KOM – KVA,6:1,0,2,2,1,0,15:40,
