datum,kolo,soutěž,zápas,skóre,G,A,B,+-,TM,TOI,
26.2.2023,50.,Tipsport extraliga,MHK – MBL,3:2,0,0,0,0,0,11:44,
24.2.2023,49.,Tipsport extraliga,MBL – LIT,1:2,0,0,0,0,0,17:26,
15.2.2023,46.,Tipsport extraliga,KLA – MBL,2:1,0,0,0,0,0,21:33,
5.2.2023,45.,Tipsport extraliga,MBL – VIT,2:3,0,0,0,-1,0,17:20,
3.2.2023,44.,Tipsport extraliga,LIB – MBL,4:3,0,0,0,2,0,19:05,
29.1.2023,43.,Tipsport extraliga,MBL – PCE,3:5,0,0,0,-1,0,15:22,
27.1.2023,42.,Tipsport extraliga,CEB – MBL,5:4,0,0,0,0,0,14:55,
24.1.2023,41.,Tipsport extraliga,MBL – OLO,4:0,0,0,0,2,0,14:45,
22.1.2023,40.,Tipsport extraliga,SPA – MBL,4:1,0,0,0,1,0,17:59,
20.1.2023,39.,Tipsport extraliga,MBL – TRI,1:0,0,0,0,0,0,13:11,
30.12.2022,33.,Tipsport extraliga,MBL – KLA,1:2,0,0,0,0,0,03:10,
28.12.2022,32.,Tipsport extraliga,VIT – MBL,5:2,0,0,0,-1,0,18:21,
26.12.2022,31.,Tipsport extraliga,MBL – LIB,3:7,0,0,0,1,2,22:45,
22.12.2022,30.,Tipsport extraliga,PCE – MBL,2:1,0,0,0,0,0,25:13,
20.12.2022,29.,Tipsport extraliga,MBL – CEB,2:1,0,0,0,1,0,17:56,
11.12.2022,28.,Tipsport extraliga,OLO – MBL,2:0,0,0,0,0,0,16:22,
9.12.2022,27.,Tipsport extraliga,MBL – SPA,1:2,0,0,0,0,0,16:56,
4.12.2022,26.,Tipsport extraliga,TRI – MBL,3:0,0,0,0,-2,0,16:04,
1.12.2022,25.,Tipsport extraliga,MBL – PLZ,0:1,0,0,0,0,0,14:12,
29.11.2022,24.,Tipsport extraliga,MHK – MBL,0:2,0,0,0,1,0,15:26,
27.11.2022,23.,Tipsport extraliga,MBL – LIT,6:4,0,0,0,-1,0,17:15,
25.11.2022,22.,Tipsport extraliga,KOM – MBL,1:3,0,0,0,1,0,18:18,
20.11.2022,21.,Tipsport extraliga,KVA – MBL,4:3,0,0,0,1,0,16:32,
18.11.2022,20.,Tipsport extraliga,KLA – MBL,1:2,0,0,0,0,2,14:40,
4.11.2022,18.,Tipsport extraliga,LIB – MBL,6:2,0,0,0,-1,5,16:41,
1.11.2022,17.,Tipsport extraliga,MBL – PCE,0:1,0,0,0,0,2,17:02,
30.10.2022,16.,Tipsport extraliga,CEB – MBL,3:0,0,0,0,-1,4,16:43,
28.10.2022,15.,Tipsport extraliga,MBL – OLO,2:3,0,1,1,1,0,19:26,
23.10.2022,14.,Tipsport extraliga,SPA – MBL,3:2,0,0,0,0,0,17:34,
21.10.2022,13.,Tipsport extraliga,MBL – TRI,2:3,0,0,0,0,0,18:27,
18.10.2022,12.,Tipsport extraliga,PLZ – MBL,1:2,0,0,0,1,0,17:40,
16.10.2022,11.,Tipsport extraliga,MBL – MHK,0:2,0,0,0,0,2,15:25,
14.10.2022,10.,Tipsport extraliga,LIT – MBL,3:4,0,0,0,0,0,18:51,
9.10.2022,9.,Tipsport extraliga,MBL – KOM,3:2,1,0,1,1,0,18:22,
6.10.2022,8.,Tipsport extraliga,MBL – KVA,0:1,0,0,0,0,0,15:54,
2.10.2022,7.,Tipsport extraliga,MBL – KLA,4:0,0,0,0,0,0,13:54,
29.9.2022,6.,Tipsport extraliga,VIT – MBL,4:0,0,0,0,-1,2,13:39,
27.9.2022,5.,Tipsport extraliga,MBL – LIB,2:1,0,0,0,-1,0,18:05,
25.9.2022,4.,Tipsport extraliga,PCE – MBL,2:3,0,0,0,0,0,16:27,
23.9.2022,3.,Tipsport extraliga,MBL – CEB,5:1,0,0,0,1,4,15:36,
18.9.2022,2.,Tipsport extraliga,OLO – MBL,2:1,0,0,0,-1,0,14:35,
16.9.2022,1.,Tipsport extraliga,MBL – SPA,4:2,0,0,0,1,0,14:18,
