datum,kolo,soutěž,zápas,skóre,G,A,B,+-,TM,TOI,
17.2.2023,47.,Tipsport extraliga,TRI – MHK,1:2,0,0,0,-1,0,11:35,
15.2.2023,46.,Tipsport extraliga,MHK – LIT,3:0,0,0,0,1,0,10:41,
13.2.2023,8.,Tipsport extraliga,MHK – TRI,4:3,1,0,1,0,0,12:23,
20.1.2023,39.,Tipsport extraliga,PCE – MHK,4:1,0,0,0,0,0,13:35,
15.1.2023,38.,Tipsport extraliga,MHK – SPA,3:4,0,0,0,-1,0,09:22,
13.1.2023,37.,Tipsport extraliga,MBL – MHK,3:2,0,0,0,0,2,13:16,
10.1.2023,27.,Tipsport extraliga,MHK – LIB,5:4,1,0,1,0,0,15:44,
8.1.2023,36.,Tipsport extraliga,MHK – OLO,5:4,0,0,0,0,0,13:38,
5.1.2023,35.,Tipsport extraliga,PLZ – MHK,0:4,0,0,0,0,0,13:38,
3.1.2023,34.,Tipsport extraliga,MHK – TRI,2:3,0,0,0,-1,0,14:51,
30.12.2022,33.,Tipsport extraliga,LIT – MHK,2:3,0,0,0,-1,0,14:19,
28.12.2022,32.,Tipsport extraliga,KOM – MHK,2:3,0,0,0,0,2,13:29,
26.12.2022,31.,Tipsport extraliga,MHK – CEB,1:4,0,0,0,0,2,14:23,
22.12.2022,30.,Tipsport extraliga,KLA – MHK,3:6,1,1,2,4,0,12:52,
20.12.2022,29.,Tipsport extraliga,MHK – VIT,4:3,0,0,0,0,0,10:00,
11.12.2022,28.,Tipsport extraliga,KVA – MHK,1:4,0,0,0,1,0,12:20,
4.12.2022,26.,Tipsport extraliga,MHK – PCE,4:0,0,0,0,0,0,11:56,
2.12.2022,25.,Tipsport extraliga,SPA – MHK,2:1,0,0,0,-1,0,09:54,
27.11.2022,23.,Tipsport extraliga,OLO – MHK,5:0,0,0,0,-2,0,11:20,
25.11.2022,22.,Tipsport extraliga,MHK – PLZ,1:4,0,0,0,-1,2,13:44,
20.11.2022,21.,Tipsport extraliga,TRI – MHK,4:1,0,0,0,0,0,12:14,
18.11.2022,20.,Tipsport extraliga,MHK – LIT,3:0,0,0,0,0,0,14:35,
6.11.2022,19.,Tipsport extraliga,MHK – KOM,5:1,0,0,0,0,0,09:21,
4.11.2022,18.,Tipsport extraliga,CEB – MHK,2:1,0,0,0,0,0,09:19,
1.11.2022,17.,Tipsport extraliga,MHK – KLA,8:7,0,0,0,-1,0,07:40,
30.10.2022,16.,Tipsport extraliga,VIT – MHK,5:2,0,0,0,0,0,07:41,
28.10.2022,15.,Tipsport extraliga,MHK – KVA,1:2,0,0,0,-1,2,08:24,
23.10.2022,14.,Tipsport extraliga,LIB – MHK,3:6,0,0,0,-1,0,09:35,
21.10.2022,13.,Tipsport extraliga,PCE – MHK,5:2,0,0,0,0,0,08:35,
18.9.2022,2.,Tipsport extraliga,KVA – MHK,2:3,0,0,0,0,0,04:21,
16.9.2022,1.,Tipsport extraliga,MHK – LIB,1:2,0,0,0,0,0,18:06,
