datum,kolo,soutěž,zápas,skóre,G,A,B,+-,TM,TOI,
26.2.2023,50.,Tipsport extraliga,LIT – PLZ,2:0,0,0,0,2,0,11:11,
24.2.2023,49.,Tipsport extraliga,MBL – LIT,1:2,0,0,0,0,0,13:59,
19.2.2023,48.,Tipsport extraliga,LIT – TRI,4:3,0,0,0,0,0,15:32,
5.2.2023,45.,Tipsport extraliga,LIT – KVA,1:2,0,0,0,0,0,02:16,
29.1.2023,43.,Tipsport extraliga,LIT – CEB,1:0,0,0,0,0,0,09:25,
27.1.2023,42.,Tipsport extraliga,LIB – LIT,5:1,0,0,0,0,0,09:37,
25.1.2023,41.,Tipsport extraliga,SPA – LIT,3:2,0,1,1,2,0,07:26,
22.1.2023,40.,Tipsport extraliga,VIT – LIT,2:3,0,0,0,0,0,08:08,
20.1.2023,39.,Tipsport extraliga,OLO – LIT,1:8,0,0,0,1,0,05:01,
15.1.2023,38.,Tipsport extraliga,LIT – PCE,1:2,0,0,0,0,0,04:48,
13.1.2023,37.,Tipsport extraliga,PLZ – LIT,4:1,0,0,0,-1,0,15:26,
8.1.2023,36.,Tipsport extraliga,LIT – MBL,4:3,0,0,0,-1,0,04:55,
6.1.2023,35.,Tipsport extraliga,TRI – LIT,3:2,0,0,0,0,0,07:01,
3.1.2023,34.,Tipsport extraliga,KOM – LIT,3:1,0,0,0,0,0,07:09,
30.12.2022,33.,Tipsport extraliga,LIT – MHK,2:3,0,0,0,1,0,14:58,
28.12.2022,32.,Tipsport extraliga,KVA – LIT,3:0,0,0,0,0,0,10:49,
26.12.2022,31.,Tipsport extraliga,LIT – KLA,2:3,0,0,0,1,0,12:54,
22.12.2022,30.,Tipsport extraliga,CEB – LIT,2:5,0,0,0,1,4,10:28,
20.12.2022,29.,Tipsport extraliga,LIT – LIB,3:2,0,0,0,-1,0,17:20,
11.12.2022,28.,Tipsport extraliga,LIT – SPA,5:2,0,0,0,-1,4,07:04,
9.12.2022,27.,Tipsport extraliga,LIT – VIT,5:3,0,0,0,0,0,11:48,
6.12.2022,25.,Tipsport extraliga,PCE – LIT,1:0,0,0,0,0,0,09:43,
4.12.2022,26.,Tipsport extraliga,LIT – OLO,5:3,0,0,0,-1,0,14:15,
29.11.2022,24.,Tipsport extraliga,LIT – PLZ,2:4,0,0,0,0,2,06:11,
4.11.2022,18.,Tipsport extraliga,KLA – LIT,3:2,0,0,0,1,0,10:18,
1.11.2022,17.,Tipsport extraliga,LIT – CEB,6:4,1,0,1,1,0,08:36,
30.10.2022,16.,Tipsport extraliga,LIB – LIT,2:3,0,0,0,0,0,09:47,
28.10.2022,15.,Tipsport extraliga,LIT – SPA,4:0,0,0,0,0,0,06:44,
14.10.2022,10.,Tipsport extraliga,LIT – MBL,3:4,0,0,0,0,0,07:31,
9.10.2022,9.,Tipsport extraliga,TRI – LIT,4:1,0,0,0,-1,0,18:52,
7.10.2022,8.,Tipsport extraliga,KOM – LIT,5:4,0,0,0,-2,0,13:28,
4.10.2022,6.,Tipsport extraliga,KVA – LIT,1:4,0,0,0,2,2,18:32,
2.10.2022,7.,Tipsport extraliga,LIT – MHK,3:2,0,0,0,0,0,19:13,
27.9.2022,5.,Tipsport extraliga,LIT – KLA,1:2,0,0,0,0,0,14:52,
23.9.2022,3.,Tipsport extraliga,LIT – LIB,2:3,0,0,0,-1,0,05:42,
20.9.2022,4.,Tipsport extraliga,CEB – LIT,6:3,0,0,0,0,0,21:15,
18.9.2022,2.,Tipsport extraliga,SPA – LIT,3:0,0,0,0,0,0,19:07,
16.9.2022,1.,Tipsport extraliga,LIT – VIT,2:3,0,0,0,1,0,17:11,
