datum,kolo,soutěž,zápas,skóre,G,A,B,+-,TM,TOI,
26.2.2023,50.,Tipsport extraliga,MHK – MBL,3:2,0,1,1,1,0,08:10,
24.2.2023,49.,Tipsport extraliga,OLO – MHK,0:4,0,0,0,0,0,11:42,
19.2.2023,48.,Tipsport extraliga,MHK – PLZ,2:1,0,0,0,0,0,11:10,
17.2.2023,47.,Tipsport extraliga,TRI – MHK,1:2,1,0,1,1,0,14:48,
15.2.2023,46.,Tipsport extraliga,MHK – LIT,3:0,1,0,1,1,0,12:44,
13.2.2023,8.,Tipsport extraliga,MHK – TRI,4:3,0,0,0,0,0,14:07,
5.2.2023,45.,Tipsport extraliga,MHK – KOM,1:0,0,0,0,1,2,16:23,
2.2.2023,44.,Tipsport extraliga,CEB – MHK,2:3,0,0,0,0,0,14:26,
29.1.2023,43.,Tipsport extraliga,MHK – KLA,4:2,1,0,1,1,0,15:17,
27.1.2023,42.,Tipsport extraliga,VIT – MHK,2:5,0,0,0,0,0,16:04,
24.1.2023,41.,Tipsport extraliga,MHK – KVA,3:0,0,0,0,0,0,17:39,
22.1.2023,40.,Tipsport extraliga,LIB – MHK,3:1,0,0,0,0,0,15:57,
20.1.2023,39.,Tipsport extraliga,PCE – MHK,4:1,1,0,1,1,2,14:33,
15.1.2023,38.,Tipsport extraliga,MHK – SPA,3:4,0,0,0,2,2,15:52,
13.1.2023,37.,Tipsport extraliga,MBL – MHK,3:2,0,0,0,0,0,15:36,
8.1.2023,36.,Tipsport extraliga,MHK – OLO,5:4,0,0,0,0,0,11:10,
5.1.2023,35.,Tipsport extraliga,PLZ – MHK,0:4,0,0,0,0,2,15:48,
3.1.2023,34.,Tipsport extraliga,MHK – TRI,2:3,0,0,0,0,2,18:17,
30.12.2022,33.,Tipsport extraliga,LIT – MHK,2:3,0,0,0,-1,0,18:09,
28.12.2022,32.,Tipsport extraliga,KOM – MHK,2:3,0,0,0,0,0,13:16,
26.12.2022,31.,Tipsport extraliga,MHK – CEB,1:4,1,0,1,0,0,16:01,
22.12.2022,30.,Tipsport extraliga,KLA – MHK,3:6,2,1,3,3,0,14:26,
20.12.2022,29.,Tipsport extraliga,MHK – VIT,4:3,0,0,0,0,0,15:23,
11.12.2022,28.,Tipsport extraliga,KVA – MHK,1:4,0,0,0,1,0,16:32,
4.12.2022,26.,Tipsport extraliga,MHK – PCE,4:0,0,0,0,1,0,15:07,
2.12.2022,25.,Tipsport extraliga,SPA – MHK,2:1,0,1,1,0,4,12:28,
29.11.2022,24.,Tipsport extraliga,MHK – MBL,0:2,0,0,0,0,0,14:50,
27.11.2022,23.,Tipsport extraliga,OLO – MHK,5:0,0,0,0,-1,4,11:01,
20.11.2022,21.,Tipsport extraliga,TRI – MHK,4:1,0,0,0,0,0,11:58,
18.11.2022,20.,Tipsport extraliga,MHK – LIT,3:0,0,0,0,1,0,13:29,
6.11.2022,19.,Tipsport extraliga,MHK – KOM,5:1,0,0,0,-1,0,13:19,
4.11.2022,18.,Tipsport extraliga,CEB – MHK,2:1,0,0,0,0,0,15:04,
1.11.2022,17.,Tipsport extraliga,MHK – KLA,8:7,0,0,0,0,0,11:12,
30.10.2022,16.,Tipsport extraliga,VIT – MHK,5:2,0,0,0,0,0,16:07,
28.10.2022,15.,Tipsport extraliga,MHK – KVA,1:2,0,0,0,0,0,15:01,
23.10.2022,14.,Tipsport extraliga,LIB – MHK,3:6,0,0,0,-1,2,15:17,
21.10.2022,13.,Tipsport extraliga,PCE – MHK,5:2,0,0,0,-1,0,14:41,
18.10.2022,12.,Tipsport extraliga,MHK – SPA,3:2,0,0,0,0,0,12:34,
16.10.2022,11.,Tipsport extraliga,MBL – MHK,0:2,0,0,0,0,0,13:08,
14.10.2022,10.,Tipsport extraliga,MHK – OLO,0:3,0,0,0,0,0,15:15,
9.10.2022,9.,Tipsport extraliga,PLZ – MHK,2:5,1,0,1,2,0,13:47,
2.10.2022,7.,Tipsport extraliga,LIT – MHK,3:2,0,0,0,0,0,09:55,
30.9.2022,6.,Tipsport extraliga,KOM – MHK,4:0,0,0,0,-1,0,14:41,
27.9.2022,5.,Tipsport extraliga,MHK – CEB,3:1,0,0,0,0,0,09:52,
25.9.2022,4.,Tipsport extraliga,KLA – MHK,2:1,0,0,0,0,0,14:40,
23.9.2022,3.,Tipsport extraliga,MHK – VIT,3:2,0,0,0,0,2,15:25,
18.9.2022,2.,Tipsport extraliga,KVA – MHK,2:3,0,0,0,0,0,11:44,
16.9.2022,1.,Tipsport extraliga,MHK – LIB,1:2,0,0,0,0,0,12:07,
