datum,kolo,soutěž,zápas,skóre,G,A,B,+-,TM,TOI,
26.2.2023,50.,Tipsport extraliga,LIT – PLZ,2:0,0,0,0,0,0,12:15,
24.2.2023,49.,Tipsport extraliga,MBL – LIT,1:2,0,0,0,0,4,14:26,
19.2.2023,48.,Tipsport extraliga,LIT – TRI,4:3,0,0,0,-2,0,08:26,
17.2.2023,47.,Tipsport extraliga,LIT – KOM,3:2,0,0,0,0,0,12:03,
15.2.2023,46.,Tipsport extraliga,MHK – LIT,3:0,0,0,0,-1,0,18:02,
5.2.2023,45.,Tipsport extraliga,LIT – KVA,1:2,0,0,0,0,0,14:43,
3.2.2023,44.,Tipsport extraliga,KLA – LIT,5:2,0,0,0,0,0,17:19,
29.1.2023,43.,Tipsport extraliga,LIT – CEB,1:0,0,0,0,0,2,18:04,
27.1.2023,42.,Tipsport extraliga,LIB – LIT,5:1,0,1,1,-1,2,17:27,
25.1.2023,41.,Tipsport extraliga,SPA – LIT,3:2,0,0,0,0,0,12:29,
22.1.2023,40.,Tipsport extraliga,VIT – LIT,2:3,0,0,0,0,2,16:11,
20.1.2023,39.,Tipsport extraliga,OLO – LIT,1:8,0,2,2,3,0,17:56,
15.1.2023,38.,Tipsport extraliga,LIT – PCE,1:2,0,0,0,0,2,17:55,
13.1.2023,37.,Tipsport extraliga,PLZ – LIT,4:1,0,0,0,-1,0,21:26,
8.1.2023,36.,Tipsport extraliga,LIT – MBL,4:3,0,2,2,1,0,17:27,
6.1.2023,35.,Tipsport extraliga,TRI – LIT,3:2,0,0,0,-1,0,13:52,
3.1.2023,34.,Tipsport extraliga,KOM – LIT,3:1,0,0,0,-2,0,13:31,
30.12.2022,33.,Tipsport extraliga,LIT – MHK,2:3,0,0,0,0,0,17:56,
28.12.2022,32.,Tipsport extraliga,KVA – LIT,3:0,0,0,0,0,0,12:09,
26.12.2022,31.,Tipsport extraliga,LIT – KLA,2:3,0,0,0,0,0,18:32,
22.12.2022,30.,Tipsport extraliga,CEB – LIT,2:5,0,1,1,0,0,17:54,
20.12.2022,29.,Tipsport extraliga,LIT – LIB,3:2,0,0,0,0,2,18:29,
11.12.2022,28.,Tipsport extraliga,LIT – SPA,5:2,0,0,0,0,2,13:27,
9.12.2022,27.,Tipsport extraliga,LIT – VIT,5:3,0,1,1,1,0,17:11,
6.12.2022,25.,Tipsport extraliga,PCE – LIT,1:0,0,0,0,0,2,15:36,
4.12.2022,26.,Tipsport extraliga,LIT – OLO,5:3,1,2,3,2,0,21:09,
29.11.2022,24.,Tipsport extraliga,LIT – PLZ,2:4,0,0,0,0,0,15:59,
27.11.2022,23.,Tipsport extraliga,MBL – LIT,6:4,0,1,1,0,0,12:16,
25.11.2022,22.,Tipsport extraliga,LIT – TRI,1:2,0,0,0,0,0,07:39,
20.11.2022,21.,Tipsport extraliga,LIT – KOM,5:1,0,0,0,0,0,12:37,
18.11.2022,20.,Tipsport extraliga,MHK – LIT,3:0,0,0,0,0,0,09:43,
6.11.2022,19.,Tipsport extraliga,LIT – KVA,5:3,0,0,0,1,0,10:05,
18.10.2022,12.,Tipsport extraliga,LIT – PCE,0:1,0,0,0,0,25,00:42,
16.10.2022,11.,Tipsport extraliga,PLZ – LIT,4:3,0,1,1,0,2,17:59,
14.10.2022,10.,Tipsport extraliga,LIT – MBL,3:4,0,0,0,1,0,15:29,
9.10.2022,9.,Tipsport extraliga,TRI – LIT,4:1,0,0,0,0,0,11:57,
7.10.2022,8.,Tipsport extraliga,KOM – LIT,5:4,0,0,0,-3,0,13:12,
4.10.2022,6.,Tipsport extraliga,KVA – LIT,1:4,0,0,0,0,0,15:54,
2.10.2022,7.,Tipsport extraliga,LIT – MHK,3:2,0,0,0,0,2,17:09,
18.9.2022,2.,Tipsport extraliga,SPA – LIT,3:0,0,0,0,0,2,17:51,
16.9.2022,1.,Tipsport extraliga,LIT – VIT,2:3,0,0,0,1,0,17:37,
