datum,kolo,soutěž,zápas,skóre,G,A,B,+-,TM,TOI,
25.2.2023,50.,CHANCE LIGA,SUM – KOL,0:3,0,0,0,0,2,18:30,
22.2.2023,49.,CHANCE LIGA,KOL – JIH,3:4,0,1,1,1,0,22:31,
18.2.2023,48.,CHANCE LIGA,POR – KOL,5:2,0,0,0,-1,0,23:05,
15.2.2023,47.,CHANCE LIGA,KOL – PCE,4:2,0,0,0,1,0,21:23,
13.2.2023,46.,CHANCE LIGA,FRM – KOL,5:1,0,0,0,-2,0,19:50,
4.2.2023,45.,CHANCE LIGA,SLA – KOL,6:3,0,0,0,0,0,21:06,
1.2.2023,44.,CHANCE LIGA,KOL – PRE,1:3,0,0,0,-2,2,26:10,
30.1.2023,43.,CHANCE LIGA,TRE – KOL,5:6,0,0,0,0,2,22:03,
28.1.2023,42.,CHANCE LIGA,KOL – LTM,5:2,0,2,2,0,0,19:10,
25.1.2023,41.,CHANCE LIGA,PRO – KOL,3:1,0,0,0,0,0,21:00,
24.1.2023,41.,Tipsport extraliga,MHK – KVA,3:0,0,0,0,0,0,02:14,
21.1.2023,40.,CHANCE LIGA,KOL – ZLN,1:3,0,0,0,0,0,22:12,
18.1.2023,39.,CHANCE LIGA,KOL – VSE,2:1,0,0,0,0,0,26:25,
14.1.2023,38.,CHANCE LIGA,SOK – KOL,3:2,0,0,0,-1,0,24:16,
11.1.2023,37.,CHANCE LIGA,KOL – SUM,3:2,0,0,0,0,0,23:28,
9.1.2023,36.,CHANCE LIGA,JIH – KOL,0:5,2,0,2,2,0,20:46,
7.1.2023,35.,CHANCE LIGA,KOL – POR,4:3,1,0,1,-1,0,21:34,
4.1.2023,34.,CHANCE LIGA,PCE – KOL,3:5,0,1,1,-1,0,20:38,
29.12.2022,33.,CHANCE LIGA,KOL – FRM,2:1,0,0,0,0,0,28:23,
27.12.2022,32.,CHANCE LIGA,KOL – SLA,1:5,0,0,0,-1,0,27:15,
21.12.2022,31.,CHANCE LIGA,PRE – KOL,5:1,0,0,0,-1,0,21:38,
20.12.2022,29.,Tipsport extraliga,MHK – VIT,4:3,0,0,0,0,0,00:30,
11.12.2022,28.,Tipsport extraliga,KVA – MHK,1:4,0,0,0,0,0,09:40,
10.12.2022,29.,CHANCE LIGA,LTM – KOL,2:1,0,0,0,0,0,25:18,
4.12.2022,27.,CHANCE LIGA,ZLN – KOL,4:3,0,0,0,-1,2,23:38,
3.12.2022,26.,CHANCE LIGA,VSE – KOL,5:3,0,2,2,-2,0,23:48,
30.11.2022,25.,CHANCE LIGA,KOL – SOK,4:0,0,1,1,2,,20:29,
26.11.2022,24.,CHANCE LIGA,SUM – KOL,3:2,0,1,1,-1,2,27:08,
23.11.2022,23.,CHANCE LIGA,KOL – JIH,6:1,0,0,0,2,,21:48,
20.11.2022,21.,Tipsport extraliga,TRI – MHK,4:1,0,0,0,-2,0,12:27,
18.11.2022,20.,Tipsport extraliga,MHK – LIT,3:0,0,0,0,0,0,09:41,
6.11.2022,19.,Tipsport extraliga,MHK – KOM,5:1,0,0,0,0,2,09:49,
4.11.2022,18.,Tipsport extraliga,CEB – MHK,2:1,0,0,0,-1,0,12:52,
2.11.2022,18.,CHANCE LIGA,KOL – PRE,1:4,0,0,0,-1,2,17:55,
29.10.2022,17.,CHANCE LIGA,TRE – KOL,3:2,0,0,0,-1,0,23:00,
26.10.2022,16.,CHANCE LIGA,KOL – LTM,2:1,0,0,0,0,2,22:18,
24.10.2022,15.,CHANCE LIGA,PRO – KOL,2:0,0,0,0,0,0,21:58,
22.10.2022,14.,CHANCE LIGA,KOL – ZLN,4:3,1,0,1,1,0,20:09,
19.10.2022,13.,CHANCE LIGA,KOL – VSE,3:1,0,0,0,0,0,19:21,
18.10.2022,12.,Tipsport extraliga,MHK – SPA,3:2,0,0,0,0,0,02:57,
16.10.2022,11.,Tipsport extraliga,MBL – MHK,0:2,0,0,0,0,2,03:10,
14.10.2022,10.,Tipsport extraliga,MHK – OLO,0:3,0,0,0,-1,0,14:50,
9.10.2022,9.,Tipsport extraliga,PLZ – MHK,2:5,0,0,0,-1,0,14:28,
2.10.2022,7.,Tipsport extraliga,LIT – MHK,3:2,0,0,0,0,0,03:48,
1.10.2022,7.,CHANCE LIGA,KOL – FRM,2:5,0,1,1,-1,0,22:10,
30.9.2022,6.,Tipsport extraliga,KOM – MHK,4:0,0,0,0,-1,0,01:06,
27.9.2022,5.,Tipsport extraliga,MHK – CEB,3:1,0,0,0,0,0,06:06,
24.9.2022,4.,CHANCE LIGA,KOL – TRE,3:2,1,0,1,3,2,19:54,
21.9.2022,3.,CHANCE LIGA,LTM – KOL,5:6,1,0,1,0,,17:33,
17.9.2022,2.,CHANCE LIGA,KOL – PRO,5:3,0,0,0,1,,13:53,
14.9.2022,1.,CHANCE LIGA,ZLN – KOL,1:4,0,0,0,0,0,16:41,
