datum,kolo,soutěž,zápas,skóre,G,A,B,+-,TM,TOI,
26.2.2023,50.,Tipsport extraliga,KOM – OLO,1:0,0,0,0,0,0,08:12,
24.2.2023,49.,Tipsport extraliga,PCE – KOM,1:3,0,0,0,0,0,24:12,
19.2.2023,48.,Tipsport extraliga,KOM – MBL,1:4,0,0,0,0,0,19:42,
17.2.2023,47.,Tipsport extraliga,LIT – KOM,3:2,0,0,0,0,2,17:57,
15.2.2023,46.,Tipsport extraliga,KOM – PLZ,3:0,0,0,0,0,2,16:45,
5.2.2023,45.,Tipsport extraliga,MHK – KOM,1:0,0,0,0,-1,2,21:13,
3.2.2023,44.,Tipsport extraliga,KOM – TRI,5:1,0,1,1,2,0,17:34,
29.1.2023,43.,Tipsport extraliga,KOM – LIB,3:0,0,0,0,0,2,20:41,
27.1.2023,42.,Tipsport extraliga,KLA – KOM,0:3,0,1,1,1,0,26:26,
24.1.2023,41.,Tipsport extraliga,KOM – CEB,5:2,0,0,0,2,2,16:28,
15.1.2023,38.,Tipsport extraliga,KOM – VIT,2:5,0,0,0,1,0,22:13,
13.1.2023,18.,Tipsport extraliga,TRI – KOM,6:1,0,0,0,-1,0,19:54,
11.1.2023,37.,Tipsport extraliga,OLO – KOM,1:4,0,0,0,1,0,21:50,
8.1.2023,36.,Tipsport extraliga,KOM – PCE,1:4,0,0,0,0,0,15:45,
6.1.2023,35.,Tipsport extraliga,MBL – KOM,7:3,0,0,0,-1,2,18:04,
3.1.2023,34.,Tipsport extraliga,KOM – LIT,3:1,0,0,0,0,2,17:48,
30.12.2022,33.,Tipsport extraliga,PLZ – KOM,5:2,0,0,0,0,0,19:50,
28.12.2022,32.,Tipsport extraliga,KOM – MHK,2:3,0,0,0,-1,0,17:17,
26.12.2022,31.,Tipsport extraliga,TRI – KOM,7:2,0,0,0,-2,0,18:32,
22.12.2022,30.,Tipsport extraliga,LIB – KOM,2:1,0,0,0,1,0,15:45,
20.12.2022,29.,Tipsport extraliga,KOM – KLA,3:2,0,0,0,-1,0,15:03,
11.12.2022,28.,Tipsport extraliga,CEB – KOM,3:1,0,0,0,-1,0,14:32,
9.12.2022,27.,Tipsport extraliga,KOM – KVA,2:3,0,0,0,-1,0,16:51,
4.12.2022,26.,Tipsport extraliga,KOM – SPA,2:6,0,0,0,1,0,15:35,
2.12.2022,25.,Tipsport extraliga,VIT – KOM,4:1,0,0,0,0,2,15:12,
29.11.2022,24.,Tipsport extraliga,KOM – OLO,1:0,0,0,0,0,0,18:00,
6.11.2022,19.,Tipsport extraliga,MHK – KOM,5:1,0,0,0,0,2,16:41,
30.10.2022,16.,Tipsport extraliga,KLA – KOM,3:5,1,1,2,2,0,15:47,
28.10.2022,15.,Tipsport extraliga,KOM – CEB,3:0,0,0,0,1,0,15:48,
23.10.2022,14.,Tipsport extraliga,KVA – KOM,2:3,0,0,0,-1,0,17:02,
21.10.2022,13.,Tipsport extraliga,SPA – KOM,2:3,0,0,0,0,0,18:35,
18.10.2022,12.,Tipsport extraliga,KOM – VIT,2:1,0,0,0,0,0,14:50,
16.10.2022,11.,Tipsport extraliga,OLO – KOM,2:3,0,0,0,1,2,19:13,
13.10.2022,10.,Tipsport extraliga,KOM – PCE,4:3,0,0,0,-1,0,15:16,
9.10.2022,9.,Tipsport extraliga,MBL – KOM,3:2,0,0,0,2,0,19:54,
7.10.2022,8.,Tipsport extraliga,KOM – LIT,5:4,0,0,0,-1,0,15:56,
2.10.2022,7.,Tipsport extraliga,PLZ – KOM,3:4,0,0,0,0,2,22:37,
30.9.2022,6.,Tipsport extraliga,KOM – MHK,4:0,0,1,1,1,0,21:21,
27.9.2022,5.,Tipsport extraliga,KOM – TRI,2:4,0,0,0,0,0,19:51,
25.9.2022,4.,Tipsport extraliga,LIB – KOM,2:3,0,0,0,1,0,20:30,
23.9.2022,3.,Tipsport extraliga,KOM – KLA,1:3,0,0,0,-1,0,19:55,
18.9.2022,2.,Tipsport extraliga,CEB – KOM,6:2,0,0,0,-1,2,21:12,
15.9.2022,1.,Tipsport extraliga,KOM – KVA,6:1,0,0,0,1,2,22:41,
