datum,kolo,soutěž,zápas,skóre,G,A,B,+-,TM,TOI,
26.2.2023,50.,Tipsport extraliga,KLA – VIT,0:1,0,0,0,1,0,09:19,
24.2.2023,49.,Tipsport extraliga,VIT – KVA,6:1,0,0,0,0,0,15:29,
19.2.2023,48.,Tipsport extraliga,VIT – CEB,1:4,1,0,1,0,0,12:52,
17.2.2023,47.,Tipsport extraliga,PCE – VIT,1:4,0,0,0,1,0,11:58,
15.2.2023,46.,Tipsport extraliga,VIT – OLO,3:1,0,0,0,0,0,13:58,
5.2.2023,45.,Tipsport extraliga,MBL – VIT,2:3,0,0,0,0,2,14:07,
3.2.2023,44.,Tipsport extraliga,VIT – SPA,3:4,1,0,1,1,0,16:15,
