datum,kolo,soutěž,zápas,skóre,G,A,B,+-,TM,TOI,
22.2.2023,49.,Tipsport extraliga,CEB – LIB,3:4,0,0,0,1,2,21:27,
19.2.2023,48.,Tipsport extraliga,LIB – SPA,2:1,0,0,0,0,4,18:04,
17.2.2023,47.,Tipsport extraliga,OLO – LIB,2:3,0,0,0,1,0,18:33,
15.2.2023,46.,Tipsport extraliga,LIB – TRI,3:2,1,0,1,0,0,19:02,
5.2.2023,45.,Tipsport extraliga,PLZ – LIB,2:4,0,0,0,-1,0,19:59,
3.2.2023,44.,Tipsport extraliga,LIB – MBL,4:3,0,0,0,0,0,18:52,
29.1.2023,43.,Tipsport extraliga,KOM – LIB,3:0,0,0,0,0,0,18:24,
27.1.2023,42.,Tipsport extraliga,LIB – LIT,5:1,0,0,0,0,0,19:04,
24.1.2023,41.,Tipsport extraliga,KLA – LIB,3:2,0,0,0,0,2,19:24,
22.1.2023,40.,Tipsport extraliga,LIB – MHK,3:1,0,0,0,-1,0,16:09,
20.1.2023,39.,Tipsport extraliga,VIT – LIB,2:0,0,0,0,0,0,17:34,
15.1.2023,38.,Tipsport extraliga,LIB – KVA,3:1,1,0,1,1,0,16:16,
13.1.2023,37.,Tipsport extraliga,LIB – PCE,3:4,1,0,1,0,4,14:11,
10.1.2023,27.,Tipsport extraliga,MHK – LIB,5:4,0,0,0,-1,0,18:10,
8.1.2023,36.,Tipsport extraliga,LIB – CEB,2:3,0,0,0,0,0,15:45,
6.1.2023,35.,Tipsport extraliga,SPA – LIB,2:5,0,0,0,0,0,18:19,
3.1.2023,34.,Tipsport extraliga,LIB – OLO,6:1,0,0,0,0,0,14:56,
30.12.2022,33.,Tipsport extraliga,TRI – LIB,6:3,1,1,2,-1,0,17:34,
28.12.2022,32.,Tipsport extraliga,LIB – PLZ,2:1,0,0,0,0,0,15:05,
26.12.2022,31.,Tipsport extraliga,MBL – LIB,3:7,0,0,0,1,0,16:35,
22.12.2022,30.,Tipsport extraliga,LIB – KOM,2:1,0,0,0,0,0,19:00,
20.12.2022,29.,Tipsport extraliga,LIT – LIB,3:2,0,1,1,1,0,18:51,
11.12.2022,28.,Tipsport extraliga,LIB – KLA,7:3,0,0,0,-2,0,16:50,
6.12.2022,9.,Tipsport extraliga,LIB – SPA,0:1,0,0,0,0,0,19:28,
4.12.2022,26.,Tipsport extraliga,LIB – VIT,2:3,0,0,0,-1,0,16:47,
2.12.2022,25.,Tipsport extraliga,KVA – LIB,0:2,0,0,0,0,0,22:00,
29.11.2022,24.,Tipsport extraliga,PCE – LIB,1:3,0,0,0,1,0,20:11,
27.11.2022,23.,Tipsport extraliga,CEB – LIB,4:1,0,0,0,-1,0,20:46,
25.11.2022,22.,Tipsport extraliga,SPA – LIB,3:1,0,0,0,-1,0,17:57,
22.11.2022,17.,Tipsport extraliga,KOM – LIB,0:5,0,0,0,1,0,22:09,
20.11.2022,21.,Tipsport extraliga,OLO – LIB,4:1,0,0,0,0,0,17:35,
18.11.2022,20.,Tipsport extraliga,LIB – TRI,1:4,0,0,0,-1,0,18:57,
1.11.2022,17.,Tipsport extraliga,MHK – KLA,8:7,0,0,0,-2,0,07:16,
30.10.2022,16.,Tipsport extraliga,VIT – MHK,5:2,0,0,0,0,0,19:36,
28.10.2022,15.,Tipsport extraliga,MHK – KVA,1:2,0,0,0,0,0,12:56,
23.10.2022,14.,Tipsport extraliga,LIB – MHK,3:6,0,0,0,0,0,14:37,
21.10.2022,13.,Tipsport extraliga,PCE – MHK,5:2,0,0,0,-2,0,18:18,
18.10.2022,12.,Tipsport extraliga,MHK – SPA,3:2,0,0,0,2,0,19:08,
16.10.2022,11.,Tipsport extraliga,MBL – MHK,0:2,0,0,0,0,0,20:45,
14.10.2022,10.,Tipsport extraliga,MHK – OLO,0:3,0,0,0,-1,0,18:30,
9.10.2022,9.,Tipsport extraliga,PLZ – MHK,2:5,0,0,0,3,0,20:07,
2.10.2022,7.,Tipsport extraliga,LIT – MHK,3:2,0,0,0,0,2,18:31,
30.9.2022,6.,Tipsport extraliga,KOM – MHK,4:0,0,0,0,0,0,20:30,
27.9.2022,5.,Tipsport extraliga,MHK – CEB,3:1,0,0,0,0,2,18:20,
25.9.2022,4.,Tipsport extraliga,KLA – MHK,2:1,0,0,0,0,0,18:25,
23.9.2022,3.,Tipsport extraliga,MHK – VIT,3:2,0,0,0,-1,0,14:16,
18.9.2022,2.,Tipsport extraliga,KVA – MHK,2:3,0,0,0,-1,0,19:54,
16.9.2022,1.,Tipsport extraliga,MHK – LIB,1:2,0,0,0,0,0,15:46,
