datum,kolo,soutěž,zápas,skóre,G,A,B,+-,TM,TOI,
5.11.2022,19.,CHANCE LIGA,SLA – KOL,2:1,0,0,0,-1,2,23:32,
29.10.2022,17.,CHANCE LIGA,TRE – KOL,3:2,0,0,0,-1,0,05:01,
26.10.2022,16.,CHANCE LIGA,KOL – LTM,2:1,0,0,0,0,0,06:55,
23.10.2022,14.,Tipsport extraliga,LIB – MHK,3:6,0,0,0,0,0,04:07,
21.10.2022,13.,Tipsport extraliga,PCE – MHK,5:2,0,0,0,-1,0,10:30,
18.10.2022,12.,Tipsport extraliga,MHK – SPA,3:2,0,0,0,0,0,17:51,
16.10.2022,11.,Tipsport extraliga,MBL – MHK,0:2,0,0,0,0,2,13:21,
14.10.2022,10.,Tipsport extraliga,MHK – OLO,0:3,0,0,0,0,0,17:42,
9.10.2022,9.,Tipsport extraliga,PLZ – MHK,2:5,0,0,0,0,2,10:37,
5.10.2022,8.,CHANCE LIGA,PCE – KOL,3:2,0,1,1,2,0,15:24,
28.9.2022,6.,CHANCE LIGA,KOL – SLA,3:1,0,0,0,-1,0,17:11,
26.9.2022,5.,CHANCE LIGA,PRE – KOL,4:2,0,0,0,-3,0,13:58,
25.9.2022,4.,Tipsport extraliga,KLA – MHK,2:1,0,0,0,0,5,03:42,
21.9.2022,3.,CHANCE LIGA,LTM – KOL,5:6,0,0,0,0,,12:59,
17.9.2022,2.,CHANCE LIGA,KOL – PRO,5:3,0,0,0,1,2,15:34,
14.9.2022,1.,CHANCE LIGA,ZLN – KOL,1:4,0,1,1,1,0,10:12,
