datum,kolo,soutěž,zápas,skóre,G,A,B,+-,TM,TOI,
6.1.2023,35.,Tipsport extraliga,PCE – KVA,7:4,0,1,1,0,0,14:39,
3.1.2023,34.,Tipsport extraliga,VIT – PCE,2:3,0,0,0,1,0,16:14,
30.12.2022,33.,Tipsport extraliga,PCE – CEB,4:1,0,0,0,1,2,19:42,
26.12.2022,31.,Tipsport extraliga,OLO – PCE,3:2,1,0,1,1,0,16:59,
22.12.2022,30.,Tipsport extraliga,PCE – MBL,2:1,0,0,0,0,0,18:53,
20.12.2022,29.,Tipsport extraliga,PLZ – PCE,0:2,2,0,2,2,0,15:31,
11.12.2022,28.,Tipsport extraliga,PCE – TRI,0:3,0,0,0,-1,0,15:54,
6.12.2022,25.,Tipsport extraliga,PCE – LIT,1:0,0,0,0,0,2,13:03,
4.12.2022,26.,Tipsport extraliga,MHK – PCE,4:0,0,0,0,-1,2,21:05,
29.11.2022,24.,Tipsport extraliga,PCE – LIB,1:3,0,0,0,0,0,18:19,
27.11.2022,23.,Tipsport extraliga,PCE – KOM,4:3,1,0,1,3,0,16:04,
25.11.2022,22.,Tipsport extraliga,KVA – PCE,1:3,1,0,1,2,0,15:36,
22.11.2022,21.,Tipsport extraliga,VIT – PCE,4:5,0,1,1,-2,2,15:32,
17.11.2022,20.,Tipsport extraliga,CEB – PCE,2:4,0,1,1,0,0,17:19,
6.11.2022,19.,Tipsport extraliga,SPA – PCE,2:3,1,0,1,0,0,16:17,
3.11.2022,18.,Tipsport extraliga,PCE – OLO,3:0,0,0,0,0,0,17:28,
1.11.2022,17.,Tipsport extraliga,MBL – PCE,0:1,0,0,0,0,2,13:15,
30.10.2022,16.,Tipsport extraliga,PCE – PLZ,7:2,0,0,0,1,0,17:15,
27.10.2022,15.,Tipsport extraliga,TRI – PCE,2:3,1,1,2,0,0,17:08,
23.10.2022,14.,Tipsport extraliga,PCE – KLA,6:2,1,1,2,2,2,13:35,
21.10.2022,13.,Tipsport extraliga,PCE – MHK,5:2,0,1,1,2,0,15:22,
18.10.2022,12.,Tipsport extraliga,LIT – PCE,0:1,0,0,0,0,0,20:30,
16.10.2022,11.,Tipsport extraliga,PCE – LIB,1:0,0,0,0,0,2,17:35,
13.10.2022,10.,Tipsport extraliga,KOM – PCE,4:3,1,0,1,0,0,15:34,
9.10.2022,9.,Tipsport extraliga,PCE – KVA,2:4,0,1,1,-1,0,17:04,
6.10.2022,8.,Tipsport extraliga,PCE – VIT,2:1,0,0,0,0,0,14:25,
2.10.2022,7.,Tipsport extraliga,PCE – CEB,6:1,0,0,0,0,0,16:49,
30.9.2022,6.,Tipsport extraliga,PCE – SPA,2:3,1,0,1,0,0,20:47,
27.9.2022,5.,Tipsport extraliga,OLO – PCE,1:2,0,1,1,0,4,18:10,
25.9.2022,4.,Tipsport extraliga,PCE – MBL,2:3,0,0,0,-1,0,16:03,
23.9.2022,3.,Tipsport extraliga,PLZ – PCE,1:4,0,1,1,1,0,17:52,
18.9.2022,2.,Tipsport extraliga,PCE – TRI,4:3,0,1,1,1,2,17:31,
16.9.2022,1.,Tipsport extraliga,KLA – PCE,4:5,1,0,1,-1,0,17:03,
