datum,kolo,soutěž,zápas,skóre,G,A,B,+-,TM,TOI,
24.2.2023,49.,Tipsport extraliga,PCE – KOM,1:3,0,0,0,0,0,19:43,
19.2.2023,48.,Tipsport extraliga,KVA – PCE,0:5,2,0,2,2,0,16:30,
17.2.2023,47.,Tipsport extraliga,PCE – VIT,1:4,0,0,0,-2,0,17:20,
15.2.2023,46.,Tipsport extraliga,CEB – PCE,3:7,0,1,1,1,0,17:51,
5.2.2023,45.,Tipsport extraliga,SPA – PCE,4:2,0,1,1,1,0,17:06,
3.2.2023,44.,Tipsport extraliga,PCE – OLO,4:1,0,0,0,0,0,15:30,
29.1.2023,43.,Tipsport extraliga,MBL – PCE,3:5,0,1,1,-2,0,14:28,
26.1.2023,42.,Tipsport extraliga,PCE – PLZ,4:3,0,0,0,0,2,17:16,
15.1.2023,38.,Tipsport extraliga,LIT – PCE,1:2,0,0,0,0,27,07:36,
13.1.2023,37.,Tipsport extraliga,LIB – PCE,3:4,1,1,2,-1,0,21:52,
10.1.2023,32.,Tipsport extraliga,PCE – SPA,0:3,0,0,0,0,0,18:40,
8.1.2023,36.,Tipsport extraliga,KOM – PCE,1:4,1,0,1,2,0,18:03,
6.1.2023,35.,Tipsport extraliga,PCE – KVA,7:4,0,2,2,1,0,19:26,
3.1.2023,34.,Tipsport extraliga,VIT – PCE,2:3,0,0,0,1,4,18:35,
30.12.2022,33.,Tipsport extraliga,PCE – CEB,4:1,1,0,1,1,0,20:07,
26.12.2022,31.,Tipsport extraliga,OLO – PCE,3:2,0,0,0,0,0,20:25,
22.12.2022,30.,Tipsport extraliga,PCE – MBL,2:1,0,0,0,0,0,18:21,
20.12.2022,29.,Tipsport extraliga,PLZ – PCE,0:2,0,0,0,0,4,17:24,
11.12.2022,28.,Tipsport extraliga,PCE – TRI,0:3,0,0,0,-1,0,18:42,
6.12.2022,25.,Tipsport extraliga,PCE – LIT,1:0,0,0,0,0,0,21:44,
4.12.2022,26.,Tipsport extraliga,MHK – PCE,4:0,0,0,0,0,2,18:28,
29.11.2022,24.,Tipsport extraliga,PCE – LIB,1:3,0,1,1,-2,0,23:51,
27.11.2022,23.,Tipsport extraliga,PCE – KOM,4:3,0,1,1,2,0,21:03,
25.11.2022,22.,Tipsport extraliga,KVA – PCE,1:3,0,1,1,2,2,22:23,
22.11.2022,21.,Tipsport extraliga,VIT – PCE,4:5,1,0,1,1,2,20:26,
17.11.2022,20.,Tipsport extraliga,CEB – PCE,2:4,0,2,2,2,0,17:21,
6.11.2022,19.,Tipsport extraliga,SPA – PCE,2:3,0,1,1,-1,0,20:03,
3.11.2022,18.,Tipsport extraliga,PCE – OLO,3:0,1,1,2,2,0,19:49,
1.11.2022,17.,Tipsport extraliga,MBL – PCE,0:1,0,0,0,0,2,16:59,
30.10.2022,16.,Tipsport extraliga,PCE – PLZ,7:2,0,1,1,3,0,17:30,
27.10.2022,15.,Tipsport extraliga,TRI – PCE,2:3,0,0,0,0,0,21:35,
23.10.2022,14.,Tipsport extraliga,PCE – KLA,6:2,0,0,0,0,0,17:59,
21.10.2022,13.,Tipsport extraliga,PCE – MHK,5:2,2,1,3,3,0,20:27,
18.10.2022,12.,Tipsport extraliga,LIT – PCE,0:1,0,0,0,0,0,19:27,
16.10.2022,11.,Tipsport extraliga,PCE – LIB,1:0,0,0,0,0,0,18:16,
13.10.2022,10.,Tipsport extraliga,KOM – PCE,4:3,0,1,1,1,0,20:45,
9.10.2022,9.,Tipsport extraliga,PCE – KVA,2:4,0,0,0,0,0,20:30,
6.10.2022,8.,Tipsport extraliga,PCE – VIT,2:1,0,2,2,1,0,19:10,
2.10.2022,7.,Tipsport extraliga,PCE – CEB,6:1,1,2,3,4,0,19:40,
30.9.2022,6.,Tipsport extraliga,PCE – SPA,2:3,1,0,1,1,0,19:03,
27.9.2022,5.,Tipsport extraliga,OLO – PCE,1:2,1,0,1,1,0,12:16,
25.9.2022,4.,Tipsport extraliga,PCE – MBL,2:3,0,0,0,-1,0,16:20,
23.9.2022,3.,Tipsport extraliga,PLZ – PCE,1:4,0,1,1,1,5,16:52,
18.9.2022,2.,Tipsport extraliga,PCE – TRI,4:3,0,0,0,0,0,15:59,
