datum,kolo,soutěž,zápas,skóre,G,A,B,+-,TM,TOI,
26.2.2023,50.,Tipsport extraliga,MHK – MBL,3:2,0,1,1,-1,0,10:02,
24.2.2023,49.,Tipsport extraliga,MBL – LIT,1:2,0,0,0,0,0,19:56,
19.2.2023,48.,Tipsport extraliga,KOM – MBL,1:4,0,1,1,2,0,16:22,
17.2.2023,47.,Tipsport extraliga,MBL – KVA,0:2,0,0,0,0,0,21:08,
15.2.2023,46.,Tipsport extraliga,KLA – MBL,2:1,0,0,0,0,0,15:52,
5.2.2023,45.,Tipsport extraliga,MBL – VIT,2:3,1,0,1,1,0,20:14,
3.2.2023,44.,Tipsport extraliga,LIB – MBL,4:3,0,0,0,0,0,18:52,
29.1.2023,43.,Tipsport extraliga,MBL – PCE,3:5,1,1,2,0,0,21:26,
27.1.2023,42.,Tipsport extraliga,CEB – MBL,5:4,0,0,0,-3,0,20:04,
24.1.2023,41.,Tipsport extraliga,MBL – OLO,4:0,0,1,1,0,2,15:33,
22.1.2023,40.,Tipsport extraliga,SPA – MBL,4:1,0,1,1,0,2,19:07,
20.1.2023,39.,Tipsport extraliga,MBL – TRI,1:0,0,1,1,1,0,17:19,
17.1.2023,19.,Tipsport extraliga,MBL – VIT,3:2,0,1,1,0,0,21:22,
15.1.2023,38.,Tipsport extraliga,PLZ – MBL,3:2,1,0,1,0,2,17:26,
13.1.2023,37.,Tipsport extraliga,MBL – MHK,3:2,0,2,2,1,0,21:16,
8.1.2023,36.,Tipsport extraliga,LIT – MBL,4:3,0,1,1,0,0,20:23,
6.1.2023,35.,Tipsport extraliga,MBL – KOM,7:3,0,1,1,1,0,18:22,
3.1.2023,34.,Tipsport extraliga,KVA – MBL,4:1,0,0,0,0,0,19:15,
30.12.2022,33.,Tipsport extraliga,MBL – KLA,1:2,0,0,0,0,2,20:07,
28.12.2022,32.,Tipsport extraliga,VIT – MBL,5:2,1,0,1,-1,0,20:52,
26.12.2022,31.,Tipsport extraliga,MBL – LIB,3:7,1,0,1,1,0,18:04,
22.12.2022,30.,Tipsport extraliga,PCE – MBL,2:1,0,0,0,-1,0,21:42,
20.12.2022,29.,Tipsport extraliga,MBL – CEB,2:1,0,0,0,0,0,22:09,
11.12.2022,28.,Tipsport extraliga,OLO – MBL,2:0,0,0,0,-1,0,21:22,
9.12.2022,27.,Tipsport extraliga,MBL – SPA,1:2,1,0,1,-1,0,21:35,
4.12.2022,26.,Tipsport extraliga,TRI – MBL,3:0,0,0,0,-1,0,17:14,
1.12.2022,25.,Tipsport extraliga,MBL – PLZ,0:1,0,0,0,-1,0,20:37,
29.11.2022,24.,Tipsport extraliga,MHK – MBL,0:2,0,0,0,0,2,14:56,
27.11.2022,23.,Tipsport extraliga,MBL – LIT,6:4,0,0,0,0,0,17:24,
25.11.2022,22.,Tipsport extraliga,KOM – MBL,1:3,0,1,1,1,0,16:31,
28.10.2022,15.,Tipsport extraliga,MBL – OLO,2:3,1,0,1,0,0,16:20,
23.10.2022,14.,Tipsport extraliga,SPA – MBL,3:2,0,0,0,2,0,19:40,
21.10.2022,13.,Tipsport extraliga,MBL – TRI,2:3,0,0,0,0,0,18:06,
18.10.2022,12.,Tipsport extraliga,PLZ – MBL,1:2,0,0,0,0,0,19:09,
16.10.2022,11.,Tipsport extraliga,MBL – MHK,0:2,0,0,0,-2,0,20:16,
14.10.2022,10.,Tipsport extraliga,LIT – MBL,3:4,0,1,1,-1,0,14:40,
9.10.2022,9.,Tipsport extraliga,MBL – KOM,3:2,0,0,0,0,2,17:49,
6.10.2022,8.,Tipsport extraliga,MBL – KVA,0:1,0,0,0,-1,0,17:11,
2.10.2022,7.,Tipsport extraliga,MBL – KLA,4:0,0,0,0,0,0,18:27,
29.9.2022,6.,Tipsport extraliga,VIT – MBL,4:0,0,0,0,-1,0,18:52,
27.9.2022,5.,Tipsport extraliga,MBL – LIB,2:1,0,2,2,0,0,17:17,
25.9.2022,4.,Tipsport extraliga,PCE – MBL,2:3,0,0,0,2,2,15:26,
23.9.2022,3.,Tipsport extraliga,MBL – CEB,5:1,0,1,1,1,0,16:15,
18.9.2022,2.,Tipsport extraliga,OLO – MBL,2:1,0,0,0,0,2,19:42,
16.9.2022,1.,Tipsport extraliga,MBL – SPA,4:2,0,3,3,2,0,17:58,
