datum,kolo,soutěž,zápas,skóre,G,A,B,+-,TM,TOI,
6.1.2023,,MS 20 – 2023 – play off,CZE – CAN,2:3,0,0,0,0,,-,
4.1.2023,,MS 20 – 2023 – play off,CZE – SWE,2:1,0,0,0,0,,-,
31.12.2022,,MS 20 – 2023 – sk. A,CZE – GER,8:1,0,0,0,0,,-,
29.12.2022,,MS 20 – 2023 – sk. A,SWE – CZE,3:2,0,0,0,0,,-,
23.12.2022,,Reprezentace 20 – příp.,SUI – CZE,4:2,0,0,0,0,,-,
21.12.2022,,Reprezentace 20 – příp.,CZE – LAT,6:3,0,1,1,0,,-,
9.12.2022,29.,DHL ELJ,KVA – PCE,4:3,0,1,1,1,2,-,
6.12.2022,20.,DHL ELJ,LIT – KVA,0:5,0,0,0,0,0,-,
5.12.2022,27.,DHL ELJ,KVA – PLZ,2:0,0,1,1,1,0,-,
4.12.2022,26.,Tipsport extraliga,KLA – KVA,4:1,0,0,0,0,2,07:29,
3.12.2022,28.,DHL ELJ,KVA – SPA,5:1,3,0,3,3,0,-,
29.11.2022,24.,Tipsport extraliga,CEB – KVA,0:3,0,0,0,0,0,05:24,
27.11.2022,23.,Tipsport extraliga,VIT – KVA,4:2,0,0,0,0,0,04:51,
26.11.2022,26.,DHL ELJ,VIT – KVA,5:2,0,1,1,0,2,-,
25.11.2022,25.,DHL ELJ,TRI – KVA,3:1,0,1,1,-1,0,-,
21.11.2022,24.,DHL ELJ,JIH – KVA,1:4,1,1,2,0,0,-,
20.11.2022,23.,DHL ELJ,KOM – KVA,2:1,1,0,1,0,0,-,
18.11.2022,20.,Tipsport extraliga,KVA – SPA,1:5,0,0,0,0,0,08:08,
17.11.2022,22.,DHL ELJ,KVA – LIB,5:3,1,0,1,1,0,-,
16.11.2022,21.,DHL ELJ,KVA – MBL,1:2,0,0,0,0,4,-,
15.11.2022,4.,Tipsport extraliga,KVA – OLO,3:2,0,0,0,-2,0,09:38,
13.11.2022,,Turnaj pěti v Porubě – 20,CZE – FIN,0:4,0,0,0,-1,0,13:25,
12.11.2022,,Turnaj pěti v Porubě – 20,CZE – FIN,6:3,0,0,0,0,0,14:23,
10.11.2022,,Turnaj pěti v Porubě – 20,CZE – SWE,3:4,0,0,0,-1,0,15:24,
4.11.2022,18.,Tipsport extraliga,KVA – PLZ,4:5,0,0,0,0,0,08:04,
1.11.2022,17.,Tipsport extraliga,OLO – KVA,2:0,0,0,0,0,0,05:00,
30.10.2022,16.,Tipsport extraliga,KVA – TRI,2:6,0,0,0,0,0,11:18,
29.10.2022,18.,DHL ELJ,KVA – ZLN,4:5,2,0,2,-2,0,-,
28.10.2022,15.,Tipsport extraliga,MHK – KVA,1:2,0,0,0,1,0,06:36,
7.10.2022,11.,DHL ELJ,KVA – TRI,4:3,0,0,0,-1,0,-,
4.10.2022,6.,Tipsport extraliga,KVA – LIT,1:4,0,0,0,-1,0,07:06,
1.10.2022,10.,DHL ELJ,KVA – JIH,5:1,0,2,2,0,2,-,
30.9.2022,9.,DHL ELJ,KVA – KOM,4:2,2,1,3,2,2,-,
27.9.2022,5.,Tipsport extraliga,PLZ – KVA,6:3,0,0,0,0,0,08:02,
24.9.2022,8.,DHL ELJ,LIB – KVA,3:4,0,2,2,2,0,-,
23.9.2022,7.,DHL ELJ,MBL – KVA,2:1,0,1,1,0,0,-,
16.9.2022,6.,DHL ELJ,KVA – LIT,3:2,1,1,2,2,0,-,
15.9.2022,1.,Tipsport extraliga,KOM – KVA,6:1,0,0,0,-1,0,06:57,
10.9.2022,4.,DHL ELJ,ZLN – KVA,5:2,0,1,1,-1,0,-,
9.9.2022,3.,DHL ELJ,OLO – KVA,3:7,3,0,3,1,0,-,
4.9.2022,1.,DHL ELJ,KVA – PCE,4:3,1,1,2,0,0,-,
3.9.2022,2.,DHL ELJ,KVA – MHK,4:0,0,0,0,1,0,-,
27.8.2022,,Turnaj čtyř v Rovaniemi – 20,CZE – SVK,3:4,0,0,0,0,2,-,
25.8.2022,,Turnaj čtyř v Rovaniemi – 20,SWE – CZE,5:4,1,1,2,0,,-,
