datum,kolo,soutěž,zápas,skóre,G,A,B,+-,TM,TOI,
18.2.2023,48.,CHANCE LIGA,VSE – LTM,3:2,0,0,0,0,0,11:45,
15.2.2023,47.,CHANCE LIGA,PRO – VSE,5:2,0,0,0,-2,0,10:11,
13.2.2023,46.,CHANCE LIGA,VSE – SOK,4:3,0,0,0,0,0,10:47,
4.2.2023,45.,CHANCE LIGA,VSE – JIH,2:5,0,1,1,0,0,11:00,
30.1.2023,43.,CHANCE LIGA,VSE – ZLN,2:3,0,0,0,-1,0,13:14,
28.1.2023,42.,CHANCE LIGA,PCE – VSE,1:3,0,0,0,1,0,14:42,
25.1.2023,41.,CHANCE LIGA,VSE – POR,5:0,0,0,0,0,0,12:50,
21.1.2023,40.,CHANCE LIGA,SUM – VSE,2:5,0,1,1,1,0,13:26,
17.1.2023,19.,Tipsport extraliga,MBL – VIT,3:2,0,0,0,-1,0,08:08,
15.1.2023,38.,Tipsport extraliga,KOM – VIT,2:5,0,0,0,0,0,09:46,
13.1.2023,37.,Tipsport extraliga,VIT – KLA,0:3,0,0,0,-1,0,09:28,
10.1.2023,41.,Tipsport extraliga,PLZ – VIT,2:3,0,0,0,0,0,04:44,
8.1.2023,36.,Tipsport extraliga,KVA – VIT,1:3,0,0,0,1,0,07:21,
6.1.2023,35.,Tipsport extraliga,CEB – VIT,0:2,0,0,0,0,0,07:30,
3.1.2023,34.,Tipsport extraliga,VIT – PCE,2:3,1,0,1,0,0,08:30,
30.12.2022,33.,Tipsport extraliga,OLO – VIT,2:4,1,0,1,1,5,05:04,
28.12.2022,32.,Tipsport extraliga,VIT – MBL,5:2,0,1,1,1,0,08:10,
20.12.2022,29.,Tipsport extraliga,MHK – VIT,4:3,0,0,0,0,0,06:49,
11.12.2022,28.,Tipsport extraliga,VIT – PLZ,3:2,0,0,0,0,0,07:47,
9.12.2022,27.,Tipsport extraliga,LIT – VIT,5:3,0,1,1,-1,0,03:39,
7.12.2022,28.,CHANCE LIGA,POR – VSE,2:3,1,0,1,1,0,10:15,
5.12.2022,27.,CHANCE LIGA,VSE – SUM,4:3,0,0,0,-1,2,09:44,
30.11.2022,25.,CHANCE LIGA,SLA – VSE,4:5,0,1,1,1,,13:27,
26.11.2022,24.,CHANCE LIGA,VSE – TRE,2:1,0,0,0,0,4,11:37,
23.11.2022,23.,CHANCE LIGA,PRE – VSE,1:4,0,0,0,2,,11:26,
19.11.2022,22.,CHANCE LIGA,VSE – LTM,3:4,0,0,0,0,,18:31,
16.11.2022,21.,CHANCE LIGA,PRO – VSE,1:3,0,0,0,0,,10:44,
4.11.2022,18.,Tipsport extraliga,VIT – SPA,3:2,0,0,0,-2,0,08:06,
2.11.2022,17.,Tipsport extraliga,TRI – VIT,1:2,0,0,0,-1,0,10:32,
30.10.2022,16.,Tipsport extraliga,VIT – MHK,5:2,0,0,0,0,0,11:17,
26.10.2022,31.,Tipsport extraliga,SPA – VIT,3:2,0,0,0,-1,0,07:55,
22.10.2022,14.,CHANCE LIGA,SUM – VSE,7:3,0,0,0,-1,0,11:19,
