datum,kolo,soutěž,zápas,skóre,G,A,B,+-,TM,TOI,
26.2.2023,50.,Tipsport extraliga,SPA – TRI,3:1,0,1,1,1,0,12:38,
24.2.2023,49.,Tipsport extraliga,KLA – SPA,3:4,0,0,0,0,0,21:43,
19.2.2023,48.,Tipsport extraliga,LIB – SPA,2:1,0,0,0,0,0,20:06,
17.2.2023,47.,Tipsport extraliga,CEB – SPA,3:4,0,1,1,0,0,20:47,
15.2.2023,46.,Tipsport extraliga,KVA – SPA,3:6,0,1,1,0,0,18:40,
5.2.2023,45.,Tipsport extraliga,SPA – PCE,4:2,0,0,0,0,0,18:22,
3.2.2023,44.,Tipsport extraliga,VIT – SPA,3:4,1,1,2,0,0,21:39,
31.1.2023,33.,Tipsport extraliga,SPA – KVA,6:3,0,0,0,2,0,18:36,
29.1.2023,43.,Tipsport extraliga,PLZ – SPA,4:3,0,0,0,-1,0,23:21,
25.1.2023,41.,Tipsport extraliga,SPA – LIT,3:2,0,0,0,0,0,18:04,
22.1.2023,40.,Tipsport extraliga,SPA – MBL,4:1,0,0,0,1,0,19:08,
20.1.2023,39.,Tipsport extraliga,SPA – KOM,5:3,1,0,1,1,2,20:45,
17.1.2023,21.,Tipsport extraliga,SPA – CEB,5:0,0,0,0,1,0,19:58,
15.1.2023,38.,Tipsport extraliga,MHK – SPA,3:4,0,1,1,0,0,19:25,
10.1.2023,32.,Tipsport extraliga,PCE – SPA,0:3,0,0,0,0,0,19:39,
8.1.2023,36.,Tipsport extraliga,SPA – KLA,4:0,0,2,2,2,2,16:20,
6.1.2023,35.,Tipsport extraliga,SPA – LIB,2:5,0,1,1,-1,0,18:32,
3.1.2023,34.,Tipsport extraliga,SPA – CEB,5:3,0,2,2,2,0,18:03,
22.12.2022,30.,Tipsport extraliga,SPA – PLZ,3:0,0,1,1,1,0,16:04,
20.12.2022,29.,Tipsport extraliga,OLO – SPA,0:1,0,0,0,0,0,21:00,
11.12.2022,28.,Tipsport extraliga,LIT – SPA,5:2,0,0,0,-1,0,22:37,
9.12.2022,27.,Tipsport extraliga,MBL – SPA,1:2,1,0,1,1,0,20:18,
6.12.2022,9.,Tipsport extraliga,LIB – SPA,0:1,0,0,0,0,0,19:05,
4.12.2022,26.,Tipsport extraliga,KOM – SPA,2:6,1,1,2,1,0,19:43,
2.12.2022,25.,Tipsport extraliga,SPA – MHK,2:1,0,1,1,0,0,18:38,
29.11.2022,24.,Tipsport extraliga,SPA – TRI,1:0,1,0,1,1,0,15:36,
27.11.2022,23.,Tipsport extraliga,SPA – KLA,5:1,1,2,3,3,0,15:46,
25.11.2022,22.,Tipsport extraliga,SPA – LIB,3:1,0,0,0,0,0,19:26,
18.11.2022,20.,Tipsport extraliga,KVA – SPA,1:5,1,0,1,1,2,16:39,
16.11.2022,37.,Tipsport extraliga,TRI – SPA,2:1,0,0,0,0,0,18:06,
6.11.2022,19.,Tipsport extraliga,SPA – PCE,2:3,1,0,1,1,0,20:39,
4.11.2022,18.,Tipsport extraliga,VIT – SPA,3:2,0,0,0,-1,2,21:13,
2.11.2022,17.,Tipsport extraliga,PLZ – SPA,4:0,0,0,0,-1,0,17:36,
30.10.2022,16.,Tipsport extraliga,SPA – OLO,2:5,0,0,0,0,0,18:57,
28.10.2022,15.,Tipsport extraliga,LIT – SPA,4:0,0,0,0,0,0,21:59,
26.10.2022,31.,Tipsport extraliga,SPA – VIT,3:2,0,1,1,1,0,22:21,
23.10.2022,14.,Tipsport extraliga,SPA – MBL,3:2,0,2,2,1,0,20:46,
21.10.2022,13.,Tipsport extraliga,SPA – KOM,2:3,0,0,0,-2,0,21:46,
18.10.2022,12.,Tipsport extraliga,MHK – SPA,3:2,0,0,0,-1,0,18:27,
16.10.2022,11.,Tipsport extraliga,TRI – SPA,4:2,1,1,2,0,0,16:34,
14.10.2022,10.,Tipsport extraliga,KLA – SPA,2:5,0,2,2,0,0,22:24,
7.10.2022,8.,Tipsport extraliga,CEB – SPA,2:3,1,0,1,1,0,16:18,
2.10.2022,7.,Tipsport extraliga,SPA – KVA,4:5,0,1,1,2,2,19:31,
30.9.2022,6.,Tipsport extraliga,PCE – SPA,2:3,0,0,0,-2,0,19:56,
27.9.2022,5.,Tipsport extraliga,SPA – VIT,5:3,1,0,1,1,0,19:20,
25.9.2022,4.,Tipsport extraliga,SPA – PLZ,3:2,0,1,1,0,2,21:02,
22.9.2022,3.,Tipsport extraliga,OLO – SPA,4:0,0,0,0,-1,2,18:26,
18.9.2022,2.,Tipsport extraliga,SPA – LIT,3:0,0,0,0,0,0,15:25,
16.9.2022,1.,Tipsport extraliga,MBL – SPA,4:2,1,0,1,1,0,15:45,
