datum,kolo,soutěž,zápas,skóre,G,A,B,+-,TM,TOI,
19.2.2023,48.,Tipsport extraliga,VIT – CEB,1:4,0,0,0,-2,0,14:33,
17.2.2023,47.,Tipsport extraliga,PCE – VIT,1:4,0,0,0,1,0,12:52,
5.2.2023,45.,Tipsport extraliga,MBL – VIT,2:3,0,0,0,0,0,13:08,
27.1.2023,42.,Tipsport extraliga,VIT – MHK,2:5,0,0,0,-1,0,15:11,
22.1.2023,40.,Tipsport extraliga,VIT – LIT,2:3,0,1,1,1,0,17:50,
20.1.2023,39.,Tipsport extraliga,VIT – LIB,2:0,0,0,0,0,2,16:23,
17.1.2023,19.,Tipsport extraliga,MBL – VIT,3:2,0,0,0,0,0,17:27,
15.1.2023,38.,Tipsport extraliga,KOM – VIT,2:5,0,0,0,-2,0,15:50,
22.12.2022,30.,Tipsport extraliga,VIT – TRI,1:2,0,1,1,-1,4,14:21,
20.12.2022,29.,Tipsport extraliga,MHK – VIT,4:3,0,0,0,0,0,10:27,
11.12.2022,28.,Tipsport extraliga,VIT – PLZ,3:2,1,0,1,1,2,17:28,
9.12.2022,27.,Tipsport extraliga,LIT – VIT,5:3,0,2,2,2,0,15:10,
4.12.2022,26.,Tipsport extraliga,LIB – VIT,2:3,0,0,0,-1,0,11:59,
2.12.2022,25.,Tipsport extraliga,VIT – KOM,4:1,0,1,1,1,0,12:50,
29.11.2022,24.,Tipsport extraliga,KLA – VIT,2:3,1,0,1,0,0,11:51,
27.11.2022,23.,Tipsport extraliga,VIT – KVA,4:2,1,0,1,0,0,10:36,
25.11.2022,22.,Tipsport extraliga,VIT – CEB,4:3,0,0,0,1,0,09:11,
22.11.2022,21.,Tipsport extraliga,VIT – PCE,4:5,0,1,1,0,0,16:26,
18.11.2022,20.,Tipsport extraliga,VIT – OLO,3:0,0,0,0,0,0,12:56,
4.11.2022,18.,Tipsport extraliga,VIT – SPA,3:2,0,0,0,0,0,10:50,
2.11.2022,17.,Tipsport extraliga,TRI – VIT,1:2,0,0,0,0,0,15:14,
30.10.2022,16.,Tipsport extraliga,VIT – MHK,5:2,1,0,1,1,0,09:18,
28.10.2022,15.,Tipsport extraliga,PLZ – VIT,4:3,0,0,0,0,0,08:05,
26.10.2022,31.,Tipsport extraliga,SPA – VIT,3:2,0,0,0,0,0,16:30,
23.10.2022,14.,Tipsport extraliga,VIT – LIT,5:3,0,0,0,0,0,07:33,
21.10.2022,13.,Tipsport extraliga,VIT – LIB,6:3,0,0,0,0,0,10:25,
18.10.2022,12.,Tipsport extraliga,KOM – VIT,2:1,0,0,0,0,2,18:28,
16.10.2022,11.,Tipsport extraliga,VIT – KLA,2:0,0,2,2,2,0,15:37,
14.10.2022,10.,Tipsport extraliga,KVA – VIT,4:5,0,0,0,0,4,11:02,
9.10.2022,9.,Tipsport extraliga,CEB – VIT,2:3,0,0,0,0,0,10:35,
6.10.2022,8.,Tipsport extraliga,PCE – VIT,2:1,0,1,1,1,0,17:03,
2.10.2022,7.,Tipsport extraliga,OLO – VIT,5:4,0,0,0,-1,0,16:10,
29.9.2022,6.,Tipsport extraliga,VIT – MBL,4:0,0,0,0,1,0,14:31,
27.9.2022,5.,Tipsport extraliga,SPA – VIT,5:3,0,0,0,0,2,15:47,
25.9.2022,4.,Tipsport extraliga,TRI – VIT,3:5,0,1,1,-1,0,17:16,
23.9.2022,3.,Tipsport extraliga,MHK – VIT,3:2,0,1,1,0,2,14:08,
18.9.2022,2.,Tipsport extraliga,VIT – PLZ,4:2,0,1,1,0,2,17:19,
16.9.2022,1.,Tipsport extraliga,LIT – VIT,2:3,0,0,0,0,2,13:36,
