datum,kolo,soutěž,zápas,skóre,G,A,B,+-,TM,TOI,
26.2.2023,50.,Tipsport extraliga,KOM – OLO,1:0,0,0,0,0,0,06:01,
24.2.2023,49.,Tipsport extraliga,OLO – MHK,0:4,0,0,0,0,2,11:35,
5.2.2023,45.,Tipsport extraliga,OLO – CEB,3:2,0,0,0,0,0,09:40,
3.2.2023,44.,Tipsport extraliga,PCE – OLO,4:1,0,0,0,-1,2,14:02,
29.1.2023,43.,Tipsport extraliga,OLO – KVA,3:4,0,1,1,-1,2,17:00,
24.1.2023,41.,Tipsport extraliga,MBL – OLO,4:0,0,0,0,-1,0,15:24,
22.1.2023,40.,Tipsport extraliga,OLO – PLZ,3:2,0,0,0,-1,0,13:59,
20.1.2023,39.,Tipsport extraliga,OLO – LIT,1:8,0,0,0,-1,0,13:11,
17.1.2023,38.,Tipsport extraliga,TRI – OLO,1:3,0,0,0,1,0,11:39,
11.1.2023,37.,Tipsport extraliga,OLO – KOM,1:4,0,0,0,-1,0,10:31,
30.12.2022,33.,Tipsport extraliga,OLO – VIT,2:4,0,0,0,0,0,08:01,
28.12.2022,32.,Tipsport extraliga,CEB – OLO,4:2,1,0,1,1,0,11:37,
26.12.2022,31.,Tipsport extraliga,OLO – PCE,3:2,0,1,1,1,0,11:17,
22.12.2022,30.,Tipsport extraliga,KVA – OLO,0:3,0,0,0,0,0,13:27,
20.12.2022,29.,Tipsport extraliga,OLO – SPA,0:1,0,0,0,0,2,15:18,
11.12.2022,28.,Tipsport extraliga,OLO – MBL,2:0,0,0,0,0,0,17:21,
9.12.2022,27.,Tipsport extraliga,PLZ – OLO,5:4,0,0,0,-1,0,14:18,
4.12.2022,26.,Tipsport extraliga,LIT – OLO,5:3,1,0,1,-2,0,19:43,
2.12.2022,25.,Tipsport extraliga,OLO – TRI,4:2,0,0,0,2,0,17:06,
29.11.2022,24.,Tipsport extraliga,KOM – OLO,1:0,0,0,0,0,0,17:52,
27.11.2022,23.,Tipsport extraliga,OLO – MHK,5:0,1,0,1,1,0,18:56,
25.11.2022,22.,Tipsport extraliga,KLA – OLO,5:2,1,1,2,-1,0,13:34,
22.11.2022,12.,Tipsport extraliga,TRI – OLO,2:3,0,0,0,0,0,16:04,
20.11.2022,21.,Tipsport extraliga,OLO – LIB,4:1,0,0,0,0,0,16:19,
18.11.2022,20.,Tipsport extraliga,VIT – OLO,3:0,0,0,0,0,0,15:25,
15.11.2022,4.,Tipsport extraliga,KVA – OLO,3:2,0,0,0,1,0,15:40,
3.11.2022,18.,Tipsport extraliga,PCE – OLO,3:0,0,0,0,0,25,03:00,
1.11.2022,17.,Tipsport extraliga,OLO – KVA,2:0,0,1,1,1,0,14:20,
30.10.2022,16.,Tipsport extraliga,SPA – OLO,2:5,0,1,1,1,0,15:02,
28.10.2022,15.,Tipsport extraliga,MBL – OLO,2:3,0,0,0,0,0,13:17,
23.10.2022,14.,Tipsport extraliga,OLO – PLZ,1:4,0,1,1,-1,0,12:30,
21.10.2022,13.,Tipsport extraliga,OLO – LIT,5:3,0,1,1,0,0,11:58,
16.10.2022,11.,Tipsport extraliga,OLO – KOM,2:3,0,0,0,0,0,16:09,
14.10.2022,10.,Tipsport extraliga,MHK – OLO,0:3,0,0,0,1,0,13:07,
18.9.2022,2.,Tipsport extraliga,OLO – MBL,2:1,0,2,2,2,0,15:16,
16.9.2022,1.,Tipsport extraliga,PLZ – OLO,1:2,0,1,1,0,2,12:36,
