datum,kolo,soutěž,zápas,skóre,G,A,B,+-,TM,TOI,
25.2.2023,20.,ELD – o účast v play off,OLO – CEB,7:6,1,1,2,-2,0,-,
24.2.2023,19.,ELD – o účast v play off,SUM – CEB,1:3,0,0,0,0,0,-,
18.2.2023,18.,ELD – o účast v play off,CEB – KLA,7:2,1,2,3,1,0,-,
17.2.2023,17.,ELD – o účast v play off,CEB – HVP,5:1,0,2,2,2,0,-,
4.2.2023,16.,ELD – o účast v play off,CEB – HBR,0:4,1,2,3,1,2,-,
2.2.2023,15.,ELD – o účast v play off,CEB – JIH,3:2,0,2,2,2,0,-,
31.1.2023,8.,ELD – o účast v play off,CEB – OLO,4:6,0,2,2,-1,0,-,
29.1.2023,32.,Liga juniorů,PIS – CEB,4:2,0,0,0,0,0,-,
27.1.2023,31.,Liga juniorů,CEB – SLA,2:4,1,0,1,1,0,-,
22.1.2023,30.,Liga juniorů,CEB – CHR,4:2,1,3,4,1,0,-,
21.1.2023,14.,ELD – o účast v play off,CHM – CEB,3:5,0,5,5,3,2,-,
20.1.2023,13.,ELD – o účast v play off,LIT – CEB,2:4,0,3,3,3,2,-,
17.1.2023,7.,ELD – o účast v play off,CEB – SUM,5:2,0,3,3,2,0,-,
14.1.2023,28.,Liga juniorů,CEB – SAL,2:5,0,0,0,-2,0,-,
13.1.2023,27.,Liga juniorů,CEB – HBR,0:2,0,3,3,3,0,-,
12.1.2023,11.,ELD – o účast v play off,CEB – TAB,2:0,0,1,1,1,2,-,
8.1.2023,26.,Liga juniorů,HAV – CEB,1:7,0,1,1,0,0,-,
7.1.2023,10.,ELD – o účast v play off,CEB – KOM,4:2,0,1,1,2,2,-,
6.1.2023,25.,Liga juniorů,KLA – CEB,7:2,0,2,2,0,0,-,
29.12.2022,,Reprezentace 17 – příp.,FIN – CZE,5:2,0,0,0,0,,-,
28.12.2022,,Reprezentace 17 – příp.,FIN – CZE,2:3,0,0,0,0,,-,
27.12.2022,,Reprezentace 17 – příp.,FIN – CZE,1:2,0,0,0,0,,-,
22.12.2022,30.,Tipsport extraliga,CEB – LIT,2:5,0,0,0,0,0,04:49,
11.12.2022,28.,Tipsport extraliga,CEB – KOM,3:1,0,0,0,0,0,07:34,
10.12.2022,6.,ELD – o účast v play off,KLA – CEB,7:8,0,4,4,0,0,-,
9.12.2022,5.,ELD – o účast v play off,HVP – CEB,5:6,0,3,3,1,0,-,
3.12.2022,4.,ELD – o účast v play off,HBR – CEB,2:5,0,4,4,1,0,-,
2.12.2022,3.,ELD – o účast v play off,JIH – CEB,2:5,1,1,2,1,2,-,
26.11.2022,2.,ELD – o účast v play off,CEB – CHM,6:3,2,1,3,1,0,-,
25.11.2022,1.,ELD – o účast v play off,CEB – LIT,7:5,2,0,2,1,25,-,
19.11.2022,14.,ELD – B,MHK – CEB,7:6,1,2,3,0,0,-,
17.11.2022,13.,ELD – B,CEB – LIB,2:3,1,0,1,-2,0,-,
11.11.2022,,World Hockey Challenge – sk.,CAN – CZE,7:5,1,1,2,0,2,-,
10.11.2022,,World Hockey Challenge – sk.,SWE – CZE,5:4,0,0,0,0,,-,
9.11.2022,,World Hockey Challenge – sk.,CZE – CAN,5:6,0,0,0,0,,-,
8.11.2022,,World Hockey Challenge – sk.,FIN – CZE,3:1,0,0,0,0,,-,
5.11.2022,,World Hockey Challenge – sk.,CZE – CAN,0:3,0,0,0,0,2,-,
5.11.2022,,World Hockey Challenge – sk.,CZE – USA,1:7,0,0,0,0,,-,
29.10.2022,12.,ELD – B,TAB – CEB,2:4,1,0,1,0,0,-,
27.10.2022,11.,ELD – B,CEB – HBR,7:3,2,1,3,1,0,-,
22.10.2022,10.,ELD – B,CEB – PCE,1:2,0,0,0,-1,2,-,
20.10.2022,9.,ELD – B,JIH – CEB,4:3,0,0,0,1,0,-,
18.10.2022,,Reprezentace 17 – příp.,SAL – CZE,1:8,0,0,0,0,,-,
17.10.2022,,Reprezentace 17 – příp.,KLG – CZE,0:2,0,1,1,0,,-,
8.10.2022,8.,ELD – B,CEB – MBL,3:2,0,0,0,0,0,-,
6.10.2022,7.,ELD – B,CEB – MHK,5:2,1,0,1,1,2,-,
1.10.2022,6.,ELD – B,LIB – CEB,8:6,0,4,4,2,0,-,
29.9.2022,5.,ELD – B,CEB – TAB,6:1,0,2,2,1,0,-,
28.9.2022,5.,Liga juniorů,VSE – CEB,4:1,0,0,0,0,0,-,
24.9.2022,4.,ELD – B,HBR – CEB,2:4,1,1,2,2,0,-,
22.9.2022,3.,ELD – B,PCE – CEB,4:3,0,0,0,-2,0,-,
17.9.2022,2.,ELD – B,CEB – JIH,2:5,0,1,1,0,0,-,
15.9.2022,1.,ELD – B,MBL – CEB,6:3,2,0,2,2,4,-,
14.8.2022,,Turnaj pěti v Colorado Springs – 17,USA – CZE,4:6,1,0,1,0,,-,
12.8.2022,,Turnaj pěti v Colorado Springs – 17,CZE – GER,4:1,0,0,0,0,,-,
12.8.2022,,Turnaj pěti v Colorado Springs – 17,CZE – SVK,7:1,0,1,1,0,,-,
9.8.2022,,Turnaj pěti v Colorado Springs – 17,CZE – SUI,5:4,0,0,0,0,2,-,
30.7.2022,,Reprezentace 17 – příp.,SUI – CZE,4:3,0,1,1,0,2,-,
29.7.2022,,Reprezentace 17 – příp.,SUI – CZE,2:3,0,1,1,0,,-,
28.7.2022,,Reprezentace 17 – příp.,SUI – CZE,0:4,1,0,1,0,,-,
