datum,kolo,soutěž,zápas,skóre,G,A,B,+-,TM,TOI,
26.2.2023,50.,Tipsport extraliga,SPA – TRI,3:1,0,0,0,0,0,07:09,
24.2.2023,49.,Tipsport extraliga,PLZ – TRI,4:5,0,0,0,-3,2,09:00,
19.2.2023,48.,Tipsport extraliga,LIT – TRI,4:3,0,0,0,0,0,06:56,
17.2.2023,47.,Tipsport extraliga,TRI – MHK,1:2,1,0,1,1,0,08:58,
13.2.2023,8.,Tipsport extraliga,MHK – TRI,4:3,0,0,0,1,0,04:57,
5.2.2023,45.,Tipsport extraliga,TRI – KLA,5:4,0,0,0,0,0,08:43,
3.2.2023,44.,Tipsport extraliga,KOM – TRI,5:1,0,0,0,0,0,02:29,
31.1.2023,43.,Tipsport extraliga,VIT – TRI,1:2,0,0,0,0,0,00:38,
17.1.2023,38.,Tipsport extraliga,TRI – OLO,1:3,0,0,0,0,0,06:02,
8.1.2023,36.,Tipsport extraliga,TRI – PLZ,6:1,0,0,0,0,0,08:05,
6.1.2023,35.,Tipsport extraliga,TRI – LIT,3:2,0,0,0,0,0,05:27,
3.1.2023,34.,Tipsport extraliga,MHK – TRI,2:3,0,0,0,-1,0,05:40,
30.12.2022,33.,Tipsport extraliga,TRI – LIB,6:3,0,0,0,0,0,05:04,
28.12.2022,32.,Tipsport extraliga,KLA – TRI,4:3,0,1,1,1,0,04:09,
26.12.2022,31.,Tipsport extraliga,TRI – KOM,7:2,1,0,1,1,0,12:41,
22.12.2022,30.,Tipsport extraliga,VIT – TRI,1:2,0,0,0,0,0,06:05,
20.12.2022,29.,Tipsport extraliga,TRI – KVA,4:2,0,0,0,1,0,10:34,
9.12.2022,27.,Tipsport extraliga,TRI – CEB,2:3,0,0,0,0,0,13:26,
4.12.2022,26.,Tipsport extraliga,TRI – MBL,3:0,0,1,1,2,0,13:03,
2.12.2022,25.,Tipsport extraliga,OLO – TRI,4:2,1,0,1,0,0,15:00,
29.11.2022,24.,Tipsport extraliga,SPA – TRI,1:0,0,0,0,0,0,12:51,
27.11.2022,23.,Tipsport extraliga,PLZ – TRI,2:1,0,0,0,-1,2,09:24,
25.11.2022,22.,Tipsport extraliga,LIT – TRI,1:2,0,0,0,0,0,04:39,
22.11.2022,12.,Tipsport extraliga,TRI – OLO,2:3,1,0,1,0,0,07:23,
20.11.2022,21.,Tipsport extraliga,TRI – MHK,4:1,0,0,0,0,0,00:57,
18.11.2022,20.,Tipsport extraliga,LIB – TRI,1:4,0,0,0,0,0,04:46,
16.11.2022,37.,Tipsport extraliga,TRI – SPA,2:1,1,0,1,1,0,07:37,
6.11.2022,19.,Tipsport extraliga,TRI – KLA,8:0,0,0,0,0,2,11:57,
2.11.2022,17.,Tipsport extraliga,TRI – VIT,1:2,0,0,0,0,0,09:31,
30.10.2022,16.,Tipsport extraliga,KVA – TRI,2:6,1,0,1,1,0,09:39,
27.10.2022,15.,Tipsport extraliga,TRI – PCE,2:3,0,1,1,1,0,12:16,
23.10.2022,14.,Tipsport extraliga,CEB – TRI,3:2,0,0,0,0,0,05:03,
21.10.2022,13.,Tipsport extraliga,MBL – TRI,2:3,0,0,0,0,0,09:03,
16.10.2022,11.,Tipsport extraliga,TRI – SPA,4:2,0,0,0,0,0,07:36,
