datum,kolo,soutěž,zápas,skóre,G,A,B,+-,TM,TOI,
26.2.2023,50.,Tipsport extraliga,LIT – PLZ,2:0,0,0,0,0,0,07:03,
24.2.2023,49.,Tipsport extraliga,PLZ – TRI,4:5,0,0,0,0,0,06:58,
19.2.2023,48.,Tipsport extraliga,MHK – PLZ,2:1,0,0,0,0,0,02:36,
17.2.2023,47.,Tipsport extraliga,PLZ – KLA,0:3,0,0,0,0,5,10:02,
15.2.2023,46.,Tipsport extraliga,KOM – PLZ,3:0,0,0,0,0,0,04:26,
5.2.2023,45.,Tipsport extraliga,PLZ – LIB,2:4,0,0,0,0,0,04:48,
3.2.2023,44.,Tipsport extraliga,KVA – PLZ,3:1,0,0,0,0,0,09:52,
29.1.2023,43.,Tipsport extraliga,PLZ – SPA,4:3,0,0,0,0,0,05:26,
26.1.2023,42.,Tipsport extraliga,PCE – PLZ,4:3,0,0,0,0,0,06:24,
22.1.2023,40.,Tipsport extraliga,OLO – PLZ,3:2,0,0,0,-1,5,03:51,
20.1.2023,39.,Tipsport extraliga,CEB – PLZ,3:4,0,0,0,0,0,05:31,
15.1.2023,38.,Tipsport extraliga,PLZ – MBL,3:2,0,0,0,0,0,06:53,
13.1.2023,37.,Tipsport extraliga,PLZ – LIT,4:1,0,0,0,0,0,06:47,
10.1.2023,41.,Tipsport extraliga,PLZ – VIT,2:3,0,0,0,0,0,03:40,
8.1.2023,36.,Tipsport extraliga,TRI – PLZ,6:1,0,0,0,-1,0,08:40,
5.1.2023,35.,Tipsport extraliga,PLZ – MHK,0:4,0,0,0,0,4,11:03,
3.1.2023,34.,Tipsport extraliga,KLA – PLZ,3:4,0,0,0,0,0,16:13,
30.12.2022,33.,Tipsport extraliga,PLZ – KOM,5:2,0,0,0,-1,0,04:28,
26.12.2022,31.,Tipsport extraliga,PLZ – KVA,1:0,0,0,0,0,25,05:38,
22.12.2022,30.,Tipsport extraliga,SPA – PLZ,3:0,0,0,0,0,2,14:14,
20.12.2022,29.,Tipsport extraliga,PLZ – PCE,0:2,0,0,0,0,0,15:22,
11.12.2022,28.,Tipsport extraliga,VIT – PLZ,3:2,0,0,0,0,0,07:29,
9.12.2022,27.,Tipsport extraliga,PLZ – OLO,5:4,0,0,0,0,0,07:12,
4.12.2022,26.,Tipsport extraliga,PLZ – CEB,4:1,0,0,0,0,0,13:08,
1.12.2022,25.,Tipsport extraliga,MBL – PLZ,0:1,0,0,0,0,7,11:51,
29.11.2022,24.,Tipsport extraliga,LIT – PLZ,2:4,0,0,0,0,2,09:45,
27.11.2022,23.,Tipsport extraliga,PLZ – TRI,2:1,0,0,0,0,0,14:35,
25.11.2022,22.,Tipsport extraliga,MHK – PLZ,1:4,0,0,0,0,0,13:12,
20.11.2022,21.,Tipsport extraliga,PLZ – KLA,1:2,0,0,0,0,7,11:29,
18.11.2022,20.,Tipsport extraliga,KOM – PLZ,3:1,0,0,0,0,0,12:37,
6.11.2022,19.,Tipsport extraliga,PLZ – LIB,3:4,0,0,0,0,0,08:35,
4.11.2022,18.,Tipsport extraliga,KVA – PLZ,4:5,0,0,0,1,0,12:30,
2.11.2022,17.,Tipsport extraliga,PLZ – SPA,4:0,0,0,0,0,5,07:19,
30.10.2022,16.,Tipsport extraliga,PCE – PLZ,7:2,0,0,0,-1,4,11:15,
28.10.2022,15.,Tipsport extraliga,PLZ – VIT,4:3,0,0,0,0,0,09:16,
23.10.2022,14.,Tipsport extraliga,OLO – PLZ,1:4,0,0,0,1,2,09:51,
20.10.2022,13.,Tipsport extraliga,CEB – PLZ,3:2,0,0,0,0,0,08:32,
18.10.2022,12.,Tipsport extraliga,PLZ – MBL,1:2,0,0,0,0,0,09:00,
16.10.2022,11.,Tipsport extraliga,PLZ – LIT,4:3,0,0,0,1,2,08:33,
14.10.2022,10.,Tipsport extraliga,TRI – PLZ,3:2,0,0,0,-1,0,12:30,
9.10.2022,9.,Tipsport extraliga,PLZ – MHK,2:5,0,0,0,0,0,07:36,
7.10.2022,8.,Tipsport extraliga,KLA – PLZ,0:4,1,0,1,1,2,07:17,
25.9.2022,4.,Tipsport extraliga,SPA – PLZ,3:2,0,0,0,-2,0,11:01,
23.9.2022,3.,Tipsport extraliga,PLZ – PCE,1:4,0,0,0,-1,5,10:20,
18.9.2022,2.,Tipsport extraliga,VIT – PLZ,4:2,0,0,0,-1,0,08:25,
16.9.2022,1.,Tipsport extraliga,PLZ – OLO,1:2,0,0,0,0,0,13:09,
