datum,kolo,soutěž,zápas,skóre,G,A,B,+-,TM,TOI,
26.2.2023,50.,Tipsport extraliga,MHK – MBL,3:2,0,1,1,0,0,10:38,
24.2.2023,49.,Tipsport extraliga,MBL – LIT,1:2,0,0,0,0,0,17:54,
19.2.2023,48.,Tipsport extraliga,KOM – MBL,1:4,1,0,1,2,0,14:52,
17.2.2023,47.,Tipsport extraliga,MBL – KVA,0:2,0,0,0,-1,0,12:12,
15.2.2023,46.,Tipsport extraliga,KLA – MBL,2:1,0,0,0,0,2,11:04,
5.2.2023,45.,Tipsport extraliga,MBL – VIT,2:3,0,0,0,-1,0,16:19,
3.2.2023,44.,Tipsport extraliga,LIB – MBL,4:3,1,0,1,1,0,14:05,
29.1.2023,43.,Tipsport extraliga,PLZ – SPA,4:3,0,0,0,0,0,04:27,
26.1.2023,42.,Tipsport extraliga,PCE – PLZ,4:3,0,0,0,0,0,14:16,
22.1.2023,40.,Tipsport extraliga,OLO – PLZ,3:2,0,0,0,-1,0,02:15,
20.1.2023,39.,Tipsport extraliga,CEB – PLZ,3:4,0,0,0,0,2,09:15,
15.1.2023,38.,Tipsport extraliga,PLZ – MBL,3:2,0,0,0,1,0,09:54,
13.1.2023,37.,Tipsport extraliga,PLZ – LIT,4:1,0,0,0,0,0,03:48,
10.1.2023,41.,Tipsport extraliga,PLZ – VIT,2:3,0,0,0,-1,0,04:28,
8.1.2023,36.,Tipsport extraliga,TRI – PLZ,6:1,0,0,0,-1,0,15:51,
30.12.2022,33.,Tipsport extraliga,PLZ – KOM,5:2,0,0,0,0,2,19:02,
28.12.2022,32.,Tipsport extraliga,LIB – PLZ,2:1,0,0,0,0,0,05:31,
26.12.2022,31.,Tipsport extraliga,PLZ – KVA,1:0,0,0,0,0,0,08:35,
22.12.2022,30.,Tipsport extraliga,SPA – PLZ,3:0,0,0,0,0,0,11:32,
11.12.2022,28.,Tipsport extraliga,VIT – PLZ,3:2,0,0,0,-2,2,15:45,
9.12.2022,27.,Tipsport extraliga,PLZ – OLO,5:4,0,1,1,3,0,15:25,
4.12.2022,26.,Tipsport extraliga,PLZ – CEB,4:1,0,1,1,0,2,13:03,
1.12.2022,25.,Tipsport extraliga,MBL – PLZ,0:1,0,0,0,0,0,13:46,
29.11.2022,24.,Tipsport extraliga,LIT – PLZ,2:4,0,1,1,-1,0,13:04,
27.11.2022,23.,Tipsport extraliga,PLZ – TRI,2:1,0,0,0,1,2,14:30,
25.11.2022,22.,Tipsport extraliga,MHK – PLZ,1:4,0,1,1,1,0,15:35,
20.11.2022,21.,Tipsport extraliga,PLZ – KLA,1:2,0,0,0,0,0,14:47,
18.11.2022,20.,Tipsport extraliga,KOM – PLZ,3:1,0,1,1,1,2,12:16,
6.11.2022,19.,Tipsport extraliga,PLZ – LIB,3:4,0,0,0,-1,0,13:49,
4.11.2022,18.,Tipsport extraliga,KVA – PLZ,4:5,0,1,1,0,0,14:12,
2.11.2022,17.,Tipsport extraliga,PLZ – SPA,4:0,0,0,0,1,0,15:43,
30.10.2022,16.,Tipsport extraliga,PCE – PLZ,7:2,0,0,0,-2,0,11:36,
28.10.2022,15.,Tipsport extraliga,PLZ – VIT,4:3,1,1,2,-1,2,17:40,
23.10.2022,14.,Tipsport extraliga,OLO – PLZ,1:4,0,0,0,0,0,15:49,
20.10.2022,13.,Tipsport extraliga,CEB – PLZ,3:2,0,0,0,0,0,17:39,
18.10.2022,12.,Tipsport extraliga,PLZ – MBL,1:2,1,0,1,0,2,20:41,
16.10.2022,11.,Tipsport extraliga,PLZ – LIT,4:3,1,0,1,0,0,13:46,
14.10.2022,10.,Tipsport extraliga,TRI – PLZ,3:2,0,0,0,0,0,11:13,
9.10.2022,9.,Tipsport extraliga,PLZ – MHK,2:5,1,0,1,0,0,15:56,
7.10.2022,8.,Tipsport extraliga,KLA – PLZ,0:4,0,0,0,0,0,07:33,
2.10.2022,7.,Tipsport extraliga,PLZ – KOM,3:4,0,0,0,-1,0,08:02,
29.9.2022,6.,Tipsport extraliga,LIB – PLZ,2:3,0,0,0,0,2,05:16,
27.9.2022,5.,Tipsport extraliga,PLZ – KVA,6:3,0,0,0,0,2,06:45,
25.9.2022,4.,Tipsport extraliga,SPA – PLZ,3:2,0,0,0,0,0,09:27,
21.9.2022,1.,2. liga – Západ – z. č.,CHM – KLT,6:2,0,1,1,0,0,-,
