datum,kolo,soutěž,zápas,skóre,G,A,B,+-,TM,TOI,
21.10.2022,13.,Tipsport extraliga,VIT – LIB,6:3,0,0,0,0,0,08:48,
18.10.2022,12.,Tipsport extraliga,LIB – KVA,3:4,0,0,0,0,0,09:56,
16.10.2022,11.,Tipsport extraliga,PCE – LIB,1:0,0,0,0,0,0,10:01,
7.10.2022,8.,Tipsport extraliga,LIB – OLO,6:2,0,0,0,0,0,08:05,
4.10.2022,10.,Tipsport extraliga,LIB – CEB,6:1,0,0,0,0,0,06:47,
2.10.2022,7.,Tipsport extraliga,TRI – LIB,3:4,0,0,0,0,0,09:32,
29.9.2022,6.,Tipsport extraliga,LIB – PLZ,2:3,0,0,0,-1,2,07:45,
28.9.2022,6.,CHANCE LIGA,SUM – LTM,4:1,0,0,0,-1,0,14:49,
26.9.2022,5.,CHANCE LIGA,LTM – POR,3:6,0,0,0,0,,12:17,
24.9.2022,4.,CHANCE LIGA,SLA – LTM,2:4,0,0,0,0,0,10:39,
