datum,kolo,soutěž,zápas,skóre,G,A,B,+-,TM,TOI,
26.2.2023,50.,Tipsport extraliga,KOM – OLO,1:0,0,0,0,-1,0,07:20,
24.2.2023,49.,Tipsport extraliga,OLO – MHK,0:4,0,0,0,0,2,16:15,
19.2.2023,48.,Tipsport extraliga,KLA – OLO,4:5,2,0,2,-1,0,19:06,
17.2.2023,47.,Tipsport extraliga,OLO – LIB,2:3,0,0,0,0,2,18:18,
15.2.2023,46.,Tipsport extraliga,VIT – OLO,3:1,0,0,0,-1,0,14:39,
5.2.2023,45.,Tipsport extraliga,OLO – CEB,3:2,0,1,1,1,0,15:02,
3.2.2023,44.,Tipsport extraliga,PCE – OLO,4:1,0,0,0,0,2,15:02,
29.1.2023,43.,Tipsport extraliga,OLO – KVA,3:4,0,1,1,1,0,14:39,
24.1.2023,41.,Tipsport extraliga,MBL – OLO,4:0,0,0,0,0,0,10:29,
22.1.2023,40.,Tipsport extraliga,OLO – PLZ,3:2,0,0,0,0,5,13:52,
20.1.2023,39.,Tipsport extraliga,OLO – LIT,1:8,0,0,0,-1,0,14:22,
17.1.2023,38.,Tipsport extraliga,TRI – OLO,1:3,0,0,0,1,0,15:28,
11.1.2023,37.,Tipsport extraliga,OLO – KOM,1:4,0,0,0,0,2,13:44,
8.1.2023,36.,Tipsport extraliga,MHK – OLO,5:4,0,2,2,1,0,17:12,
6.1.2023,35.,Tipsport extraliga,OLO – KLA,6:2,1,0,1,1,0,17:58,
3.1.2023,34.,Tipsport extraliga,LIB – OLO,6:1,0,0,0,-1,0,12:43,
30.12.2022,33.,Tipsport extraliga,OLO – VIT,2:4,0,0,0,0,0,13:20,
28.12.2022,32.,Tipsport extraliga,CEB – OLO,4:2,0,0,0,-1,2,11:48,
26.12.2022,31.,Tipsport extraliga,OLO – PCE,3:2,0,0,0,0,0,15:33,
22.12.2022,30.,Tipsport extraliga,KVA – OLO,0:3,0,0,0,1,0,12:58,
20.12.2022,29.,Tipsport extraliga,OLO – SPA,0:1,0,0,0,0,0,14:23,
11.12.2022,28.,Tipsport extraliga,OLO – MBL,2:0,0,0,0,0,0,21:49,
9.12.2022,27.,Tipsport extraliga,PLZ – OLO,5:4,1,0,1,-1,0,14:55,
4.12.2022,26.,Tipsport extraliga,LIT – OLO,5:3,0,0,0,-3,0,17:13,
2.12.2022,25.,Tipsport extraliga,OLO – TRI,4:2,2,0,2,2,0,15:00,
29.11.2022,24.,Tipsport extraliga,KOM – OLO,1:0,0,0,0,0,0,15:30,
27.11.2022,23.,Tipsport extraliga,OLO – MHK,5:0,0,1,1,1,5,13:56,
25.11.2022,22.,Tipsport extraliga,KLA – OLO,5:2,0,0,0,-2,0,13:06,
22.11.2022,12.,Tipsport extraliga,TRI – OLO,2:3,0,0,0,-1,0,15:33,
20.11.2022,21.,Tipsport extraliga,OLO – LIB,4:1,0,0,0,0,0,15:23,
18.11.2022,20.,Tipsport extraliga,VIT – OLO,3:0,0,0,0,0,0,16:43,
15.11.2022,4.,Tipsport extraliga,KVA – OLO,3:2,0,0,0,1,0,17:05,
6.11.2022,19.,Tipsport extraliga,OLO – CEB,3:1,0,2,2,2,2,11:31,
3.11.2022,18.,Tipsport extraliga,PCE – OLO,3:0,0,0,0,-2,0,15:18,
1.11.2022,17.,Tipsport extraliga,OLO – KVA,2:0,0,0,0,1,0,15:55,
30.10.2022,16.,Tipsport extraliga,SPA – OLO,2:5,0,0,0,0,0,14:37,
28.10.2022,15.,Tipsport extraliga,MBL – OLO,2:3,0,0,0,0,0,14:34,
23.10.2022,14.,Tipsport extraliga,OLO – PLZ,1:4,0,0,0,-1,4,14:02,
21.10.2022,13.,Tipsport extraliga,OLO – LIT,5:3,0,0,0,1,2,11:45,
16.10.2022,11.,Tipsport extraliga,OLO – KOM,2:3,0,0,0,0,0,16:06,
14.10.2022,10.,Tipsport extraliga,MHK – OLO,0:3,0,0,0,1,2,15:03,
9.10.2022,9.,Tipsport extraliga,OLO – KLA,3:0,0,0,0,0,0,13:08,
7.10.2022,8.,Tipsport extraliga,LIB – OLO,6:2,0,0,0,0,0,12:35,
2.10.2022,7.,Tipsport extraliga,OLO – VIT,5:4,0,0,0,0,0,08:24,
30.9.2022,6.,Tipsport extraliga,CEB – OLO,1:2,0,0,0,0,0,14:40,
27.9.2022,5.,Tipsport extraliga,OLO – PCE,1:2,0,0,0,-1,0,11:06,
22.9.2022,3.,Tipsport extraliga,OLO – SPA,4:0,0,0,0,1,0,12:47,
