datum,kolo,soutěž,zápas,skóre,G,A,B,+-,TM,TOI,
25.2.2023,50.,CHANCE LIGA,POR – FRM,4:2,0,0,0,0,5,10:05,
22.2.2023,49.,CHANCE LIGA,FRM – SUM,6:3,0,0,0,0,2,19:01,
18.2.2023,48.,CHANCE LIGA,PCE – FRM,4:3,0,1,1,0,2,21:38,
15.2.2023,47.,CHANCE LIGA,SLA – FRM,4:1,0,0,0,-1,0,21:11,
13.2.2023,46.,CHANCE LIGA,FRM – KOL,5:1,0,0,0,2,4,17:46,
27.1.2023,42.,Tipsport extraliga,KVA – TRI,4:1,0,0,0,0,0,05:04,
24.1.2023,41.,Tipsport extraliga,TRI – PCE,0:4,0,0,0,-1,0,14:47,
22.1.2023,40.,Tipsport extraliga,CEB – TRI,3:2,0,0,0,-1,0,14:16,
20.1.2023,39.,Tipsport extraliga,MBL – TRI,1:0,0,0,0,0,0,14:07,
17.1.2023,38.,Tipsport extraliga,TRI – OLO,1:3,0,0,0,-1,0,14:56,
13.1.2023,18.,Tipsport extraliga,TRI – KOM,6:1,0,0,0,0,0,15:22,
8.1.2023,36.,Tipsport extraliga,TRI – PLZ,6:1,0,0,0,0,0,17:47,
6.1.2023,35.,Tipsport extraliga,TRI – LIT,3:2,0,0,0,0,0,15:57,
3.1.2023,34.,Tipsport extraliga,MHK – TRI,2:3,0,0,0,0,0,19:18,
30.12.2022,33.,Tipsport extraliga,TRI – LIB,6:3,0,0,0,-1,0,15:50,
28.12.2022,32.,Tipsport extraliga,KLA – TRI,4:3,1,0,1,0,0,19:21,
26.12.2022,31.,Tipsport extraliga,TRI – KOM,7:2,0,0,0,0,0,16:42,
22.12.2022,30.,Tipsport extraliga,VIT – TRI,1:2,0,0,0,0,0,11:44,
20.12.2022,29.,Tipsport extraliga,TRI – KVA,4:2,0,0,0,0,2,14:55,
11.12.2022,28.,Tipsport extraliga,PCE – TRI,0:3,0,0,0,0,0,15:10,
7.12.2022,28.,CHANCE LIGA,FRM – JIH,1:4,0,0,0,-1,4,19:37,
5.12.2022,27.,CHANCE LIGA,PRO – FRM,4:2,2,0,2,-1,2,15:02,
3.12.2022,26.,CHANCE LIGA,LTM – FRM,2:1,0,1,1,1,0,20:35,
30.11.2022,25.,CHANCE LIGA,FRM – ZLN,2:1,0,1,1,0,,18:44,
26.11.2022,24.,CHANCE LIGA,POR – FRM,3:4,0,1,1,1,,21:39,
23.11.2022,23.,CHANCE LIGA,FRM – SUM,3:5,0,0,0,0,,21:04,
19.11.2022,22.,CHANCE LIGA,PCE – FRM,2:4,0,0,0,1,2,20:50,
16.11.2022,21.,CHANCE LIGA,SLA – FRM,1:2,0,0,0,-1,0,24:49,
14.11.2022,20.,CHANCE LIGA,FRM – KOL,2:1,1,1,2,2,0,20:54,
29.10.2022,17.,CHANCE LIGA,SOK – FRM,1:3,0,0,0,0,0,22:37,
26.10.2022,16.,CHANCE LIGA,FRM – TRE,6:2,0,0,0,0,0,21:45,
24.10.2022,15.,CHANCE LIGA,JIH – FRM,4:1,0,0,0,1,2,20:13,
22.10.2022,14.,CHANCE LIGA,FRM – PRO,3:2,0,0,0,0,0,24:52,
15.10.2022,12.,CHANCE LIGA,ZLN – FRM,0:4,0,0,0,2,0,18:16,
10.10.2022,10.,CHANCE LIGA,SUM – FRM,5:4,0,0,0,0,2,20:35,
8.10.2022,9.,CHANCE LIGA,FRM – PCE,2:3,0,0,0,0,0,22:40,
5.10.2022,8.,CHANCE LIGA,FRM – SLA,7:2,0,2,2,2,0,22:57,
1.10.2022,7.,CHANCE LIGA,KOL – FRM,2:5,0,1,1,3,0,22:21,
29.9.2022,6.,Tipsport extraliga,KLA – TRI,1:2,0,0,0,0,0,02:25,
28.9.2022,6.,CHANCE LIGA,FRM – PRE,1:0,0,0,0,0,0,22:36,
26.9.2022,5.,CHANCE LIGA,VSE – FRM,2:1,0,0,0,0,0,20:17,
24.9.2022,4.,CHANCE LIGA,FRM – SOK,1:2,0,0,0,1,0,17:11,
21.9.2022,3.,CHANCE LIGA,TRE – FRM,5:4,2,0,2,0,0,18:02,
18.9.2022,2.,CHANCE LIGA,FRM – JIH,3:1,0,0,0,1,0,18:45,
14.9.2022,1.,CHANCE LIGA,PRO – FRM,3:2,0,1,1,0,0,19:41,
