datum,kolo,soutěž,zápas,skóre,G,A,B,+-,TM,TOI,
26.2.2023,50.,Tipsport extraliga,KVA – CEB,5:1,0,0,0,0,0,10:06,
22.2.2023,49.,Tipsport extraliga,CEB – LIB,3:4,0,1,1,-1,2,24:55,
19.2.2023,48.,Tipsport extraliga,VIT – CEB,1:4,0,0,0,0,0,21:55,
17.2.2023,47.,Tipsport extraliga,CEB – SPA,3:4,0,2,2,-2,2,22:41,
15.2.2023,46.,Tipsport extraliga,CEB – PCE,3:7,0,1,1,-2,0,22:38,
5.2.2023,45.,Tipsport extraliga,OLO – CEB,3:2,0,1,1,-1,0,22:33,
2.2.2023,44.,Tipsport extraliga,CEB – MHK,2:3,0,0,0,-1,0,26:30,
29.1.2023,43.,Tipsport extraliga,LIT – CEB,1:0,0,0,0,0,0,22:02,
27.1.2023,42.,Tipsport extraliga,CEB – MBL,5:4,0,0,0,2,0,22:57,
24.1.2023,41.,Tipsport extraliga,KOM – CEB,5:2,0,1,1,-2,0,17:44,
22.1.2023,40.,Tipsport extraliga,CEB – TRI,3:2,0,0,0,1,2,17:39,
20.1.2023,39.,Tipsport extraliga,CEB – PLZ,3:4,1,0,1,1,2,20:15,
17.1.2023,21.,Tipsport extraliga,SPA – CEB,5:0,0,0,0,-2,2,18:55,
15.1.2023,38.,Tipsport extraliga,CEB – KLA,6:2,2,2,4,0,0,22:49,
13.1.2023,37.,Tipsport extraliga,CEB – KVA,2:4,0,0,0,-2,0,19:38,
8.1.2023,36.,Tipsport extraliga,LIB – CEB,2:3,1,0,1,-1,4,22:26,
6.1.2023,35.,Tipsport extraliga,CEB – VIT,0:2,0,0,0,0,0,20:42,
3.1.2023,34.,Tipsport extraliga,SPA – CEB,5:3,1,0,1,-1,0,22:35,
30.12.2022,33.,Tipsport extraliga,PCE – CEB,4:1,0,1,1,0,0,23:30,
28.12.2022,32.,Tipsport extraliga,CEB – OLO,4:2,1,1,2,1,0,23:11,
26.12.2022,31.,Tipsport extraliga,MHK – CEB,1:4,1,0,1,1,0,21:44,
22.12.2022,30.,Tipsport extraliga,CEB – LIT,2:5,0,1,1,0,0,22:30,
20.12.2022,29.,Tipsport extraliga,MBL – CEB,2:1,0,1,1,0,0,21:38,
16.9.2022,1.,Tipsport extraliga,TRI – CEB,0:2,0,0,0,0,0,03:21,
