datum,kolo,soutěž,zápas,skóre,G,A,B,+-,TM,TOI,
26.2.2023,50.,Tipsport extraliga,MHK – MBL,3:2,1,0,1,-1,0,10:11,
24.2.2023,49.,Tipsport extraliga,MBL – LIT,1:2,0,0,0,0,0,18:29,
19.2.2023,48.,Tipsport extraliga,KOM – MBL,1:4,0,0,0,1,0,14:02,
17.2.2023,47.,Tipsport extraliga,MBL – KVA,0:2,0,0,0,0,0,22:38,
15.2.2023,46.,Tipsport extraliga,KLA – MBL,2:1,0,0,0,0,2,18:31,
5.2.2023,45.,Tipsport extraliga,MBL – VIT,2:3,0,0,0,0,0,21:01,
3.2.2023,44.,Tipsport extraliga,LIB – MBL,4:3,0,0,0,0,2,18:22,
29.1.2023,43.,Tipsport extraliga,MBL – PCE,3:5,1,0,1,0,2,21:51,
27.1.2023,42.,Tipsport extraliga,CEB – MBL,5:4,0,0,0,-3,0,20:08,
24.1.2023,41.,Tipsport extraliga,MBL – OLO,4:0,0,0,0,0,4,16:38,
22.1.2023,40.,Tipsport extraliga,SPA – MBL,4:1,1,0,1,0,2,20:18,
20.1.2023,39.,Tipsport extraliga,MBL – TRI,1:0,1,0,1,1,0,17:32,
17.1.2023,19.,Tipsport extraliga,MBL – VIT,3:2,0,1,1,0,2,19:39,
15.1.2023,38.,Tipsport extraliga,PLZ – MBL,3:2,0,0,0,0,0,17:47,
13.1.2023,37.,Tipsport extraliga,MBL – MHK,3:2,1,0,1,1,0,20:35,
8.1.2023,36.,Tipsport extraliga,LIT – MBL,4:3,0,0,0,0,0,21:12,
6.1.2023,35.,Tipsport extraliga,MBL – KOM,7:3,0,1,1,1,0,18:22,
3.1.2023,34.,Tipsport extraliga,KVA – MBL,4:1,0,0,0,-1,2,18:59,
