datum,kolo,soutěž,zápas,skóre,G,A,B,+-,TM,TOI,
26.2.2023,50.,Tipsport extraliga,KLA – VIT,0:1,0,0,0,0,0,12:18,
24.2.2023,49.,Tipsport extraliga,VIT – KVA,6:1,1,0,1,2,0,18:09,
19.2.2023,48.,Tipsport extraliga,VIT – CEB,1:4,0,0,0,0,0,19:20,
17.2.2023,47.,Tipsport extraliga,PCE – VIT,1:4,0,0,0,0,0,19:58,
15.2.2023,46.,Tipsport extraliga,VIT – OLO,3:1,0,0,0,0,0,15:13,
5.2.2023,45.,Tipsport extraliga,MBL – VIT,2:3,0,0,0,0,0,10:20,
3.2.2023,44.,Tipsport extraliga,VIT – SPA,3:4,0,1,1,1,2,13:07,
31.1.2023,43.,Tipsport extraliga,VIT – TRI,1:2,0,0,0,0,0,15:52,
29.11.2022,24.,Tipsport extraliga,KLA – VIT,2:3,0,0,0,0,0,07:20,
27.11.2022,23.,Tipsport extraliga,VIT – KVA,4:2,0,0,0,-1,0,09:47,
25.11.2022,22.,Tipsport extraliga,VIT – CEB,4:3,0,0,0,0,0,15:10,
22.11.2022,21.,Tipsport extraliga,VIT – PCE,4:5,0,0,0,0,0,18:50,
18.11.2022,20.,Tipsport extraliga,VIT – OLO,3:0,0,0,0,0,0,13:41,
4.11.2022,18.,Tipsport extraliga,VIT – SPA,3:2,0,0,0,0,0,12:33,
2.11.2022,17.,Tipsport extraliga,TRI – VIT,1:2,0,1,1,1,2,17:49,
30.10.2022,16.,Tipsport extraliga,VIT – MHK,5:2,0,0,0,0,0,14:36,
28.10.2022,15.,Tipsport extraliga,PLZ – VIT,4:3,0,1,1,0,0,11:51,
26.10.2022,31.,Tipsport extraliga,SPA – VIT,3:2,0,1,1,0,0,16:46,
23.10.2022,14.,Tipsport extraliga,VIT – LIT,5:3,1,0,1,1,0,13:50,
21.10.2022,13.,Tipsport extraliga,VIT – LIB,6:3,0,1,1,0,0,12:32,
18.10.2022,12.,Tipsport extraliga,KOM – VIT,2:1,0,0,0,0,0,12:31,
16.10.2022,11.,Tipsport extraliga,VIT – KLA,2:0,0,0,0,0,0,13:34,
14.10.2022,10.,Tipsport extraliga,KVA – VIT,4:5,0,0,0,0,0,10:48,
9.10.2022,9.,Tipsport extraliga,CEB – VIT,2:3,0,1,1,0,0,13:11,
6.10.2022,8.,Tipsport extraliga,PCE – VIT,2:1,0,0,0,1,0,12:26,
2.10.2022,7.,Tipsport extraliga,OLO – VIT,5:4,0,0,0,-2,2,13:52,
29.9.2022,6.,Tipsport extraliga,VIT – MBL,4:0,0,0,0,0,0,16:31,
27.9.2022,5.,Tipsport extraliga,SPA – VIT,5:3,0,0,0,-1,2,16:32,
25.9.2022,4.,Tipsport extraliga,TRI – VIT,3:5,0,1,1,2,0,13:51,
23.9.2022,3.,Tipsport extraliga,MHK – VIT,3:2,0,0,0,0,2,14:55,
18.9.2022,2.,Tipsport extraliga,VIT – PLZ,4:2,1,0,1,1,2,11:25,
16.9.2022,1.,Tipsport extraliga,LIT – VIT,2:3,0,0,0,0,0,14:38,
