datum,kolo,soutěž,zápas,skóre,G,A,B,+-,TM,TOI,
25.2.2023,50.,CHANCE LIGA,ZLN – PCE,1:0,0,0,0,0,0,12:18,
15.2.2023,47.,CHANCE LIGA,KOL – PCE,4:2,0,0,0,0,0,10:01,
4.2.2023,45.,CHANCE LIGA,TRE – PCE,3:1,0,0,0,0,0,17:53,
1.2.2023,44.,CHANCE LIGA,PCE – SLA,1:0,0,0,0,0,0,16:14,
30.1.2023,43.,CHANCE LIGA,PRO – PCE,4:5,0,1,1,0,0,17:44,
28.1.2023,42.,CHANCE LIGA,PCE – VSE,1:3,0,0,0,-1,0,20:01,
25.1.2023,41.,CHANCE LIGA,LTM – PCE,5:6,0,2,2,1,2,20:47,
21.1.2023,40.,CHANCE LIGA,PCE – SOK,2:4,2,0,2,-1,0,19:32,
18.1.2023,39.,CHANCE LIGA,PCE – SUM,5:1,0,0,0,0,0,16:13,
14.1.2023,38.,CHANCE LIGA,JIH – PCE,1:4,0,0,0,-1,0,14:25,
11.1.2023,37.,CHANCE LIGA,PCE – ZLN,5:2,0,1,1,1,0,19:48,
9.1.2023,36.,CHANCE LIGA,POR – PCE,4:2,2,0,2,0,0,18:40,
7.1.2023,35.,CHANCE LIGA,FRM – PCE,2:4,0,1,1,1,2,18:24,
4.1.2023,34.,CHANCE LIGA,PCE – KOL,3:5,1,0,1,0,0,21:23,
27.12.2022,32.,CHANCE LIGA,PCE – TRE,2:5,1,1,2,1,0,17:42,
21.12.2022,31.,CHANCE LIGA,SLA – PCE,5:3,0,0,0,0,2,18:39,
19.12.2022,30.,CHANCE LIGA,PCE – PRO,4:1,0,0,0,1,0,16:43,
17.12.2022,33.,CHANCE LIGA,PRE – PCE,2:1,0,0,0,0,0,12:29,
3.12.2022,26.,CHANCE LIGA,SUM – PCE,4:3,0,1,1,1,0,15:25,
30.11.2022,25.,CHANCE LIGA,PCE – JIH,2:4,0,0,0,0,,13:13,
26.11.2022,24.,CHANCE LIGA,ZLN – PCE,2:3,0,1,1,0,0,17:02,
25.11.2022,22.,Tipsport extraliga,KVA – PCE,1:3,0,0,0,0,0,04:13,
23.11.2022,23.,CHANCE LIGA,PCE – POR,2:3,0,0,0,0,,15:00,
22.11.2022,21.,Tipsport extraliga,VIT – PCE,4:5,0,0,0,0,0,07:00,
19.11.2022,22.,CHANCE LIGA,PCE – FRM,2:4,1,0,1,-1,,14:22,
17.11.2022,20.,Tipsport extraliga,CEB – PCE,2:4,0,0,0,0,0,08:01,
14.11.2022,20.,CHANCE LIGA,PCE – PRE,1:3,0,0,0,0,,19:10,
6.11.2022,19.,Tipsport extraliga,SPA – PCE,2:3,0,0,0,0,0,07:10,
3.11.2022,18.,Tipsport extraliga,PCE – OLO,3:0,0,0,0,1,0,07:45,
2.11.2022,18.,CHANCE LIGA,PCE – SLA,2:1,0,1,1,0,0,19:10,
1.11.2022,17.,Tipsport extraliga,MBL – PCE,0:1,0,0,0,0,0,06:01,
30.10.2022,16.,Tipsport extraliga,PCE – PLZ,7:2,1,0,1,1,0,09:33,
27.10.2022,15.,Tipsport extraliga,TRI – PCE,2:3,0,0,0,0,0,09:33,
24.10.2022,15.,CHANCE LIGA,LTM – PCE,5:0,0,0,0,-2,0,18:32,
23.10.2022,14.,Tipsport extraliga,PCE – KLA,6:2,0,0,0,1,0,07:46,
21.10.2022,13.,Tipsport extraliga,PCE – MHK,5:2,0,0,0,0,0,05:44,
19.10.2022,13.,CHANCE LIGA,PCE – SUM,3:2,0,0,0,-1,0,21:07,
18.10.2022,12.,Tipsport extraliga,LIT – PCE,0:1,0,0,0,0,0,08:02,
16.10.2022,11.,Tipsport extraliga,PCE – LIB,1:0,0,0,0,0,0,09:59,
13.10.2022,10.,Tipsport extraliga,KOM – PCE,4:3,0,0,0,0,0,05:16,
10.10.2022,10.,CHANCE LIGA,POR – PCE,5:3,0,0,0,0,0,17:40,
9.10.2022,9.,Tipsport extraliga,PCE – KVA,2:4,0,0,0,0,0,08:02,
6.10.2022,8.,Tipsport extraliga,PCE – VIT,2:1,0,0,0,0,0,09:38,
2.10.2022,7.,Tipsport extraliga,PCE – CEB,6:1,0,0,0,0,0,10:32,
30.9.2022,6.,Tipsport extraliga,PCE – SPA,2:3,0,0,0,-1,0,07:15,
27.9.2022,5.,Tipsport extraliga,OLO – PCE,1:2,0,0,0,0,0,04:48,
25.9.2022,4.,Tipsport extraliga,PCE – MBL,2:3,0,0,0,0,0,10:43,
23.9.2022,3.,Tipsport extraliga,PLZ – PCE,1:4,0,0,0,0,0,05:47,
21.9.2022,3.,CHANCE LIGA,VSE – PCE,3:1,0,1,1,-1,0,19:12,
18.9.2022,2.,Tipsport extraliga,PCE – TRI,4:3,0,0,0,0,0,05:48,
16.9.2022,1.,Tipsport extraliga,KLA – PCE,4:5,0,0,0,-1,2,04:53,
14.9.2022,1.,CHANCE LIGA,SOK – PCE,2:5,0,0,0,0,,16:50,
