datum,kolo,soutěž,zápas,skóre,G,A,B,+-,TM,TOI,
26.2.2023,50.,Tipsport extraliga,KOM – OLO,1:0,0,0,0,0,0,06:49,
24.2.2023,49.,Tipsport extraliga,OLO – MHK,0:4,0,0,0,-1,0,21:43,
19.2.2023,48.,Tipsport extraliga,KLA – OLO,4:5,0,0,0,2,2,20:41,
17.2.2023,47.,Tipsport extraliga,OLO – LIB,2:3,0,0,0,0,0,19:25,
15.2.2023,46.,Tipsport extraliga,VIT – OLO,3:1,0,0,0,0,0,22:32,
5.2.2023,45.,Tipsport extraliga,OLO – CEB,3:2,0,0,0,1,0,22:20,
3.2.2023,44.,Tipsport extraliga,PCE – OLO,4:1,0,0,0,-1,0,15:40,
29.1.2023,43.,Tipsport extraliga,OLO – KVA,3:4,0,0,0,-1,2,18:30,
24.1.2023,41.,Tipsport extraliga,MBL – OLO,4:0,0,0,0,-1,0,18:06,
22.1.2023,40.,Tipsport extraliga,OLO – PLZ,3:2,0,0,0,0,2,20:26,
11.1.2023,37.,Tipsport extraliga,OLO – KOM,1:4,0,1,1,1,0,18:11,
8.1.2023,36.,Tipsport extraliga,MHK – OLO,5:4,1,0,1,0,0,22:04,
6.1.2023,35.,Tipsport extraliga,OLO – KLA,6:2,0,0,0,0,0,17:44,
26.12.2022,31.,Tipsport extraliga,OLO – PCE,3:2,1,0,1,1,0,20:20,
29.11.2022,24.,Tipsport extraliga,KOM – OLO,1:0,0,0,0,0,0,18:08,
27.11.2022,23.,Tipsport extraliga,OLO – MHK,5:0,0,2,2,2,0,21:09,
25.11.2022,22.,Tipsport extraliga,KLA – OLO,5:2,0,0,0,-1,0,19:01,
22.11.2022,12.,Tipsport extraliga,TRI – OLO,2:3,1,0,1,-1,0,16:07,
20.11.2022,21.,Tipsport extraliga,OLO – LIB,4:1,1,0,1,1,2,17:58,
18.11.2022,20.,Tipsport extraliga,VIT – OLO,3:0,0,0,0,0,2,18:40,
15.11.2022,4.,Tipsport extraliga,KVA – OLO,3:2,0,1,1,-1,0,16:05,
6.11.2022,19.,Tipsport extraliga,OLO – CEB,3:1,0,0,0,1,5,16:35,
3.11.2022,18.,Tipsport extraliga,PCE – OLO,3:0,0,0,0,-1,0,18:46,
1.11.2022,17.,Tipsport extraliga,OLO – KVA,2:0,0,0,0,1,4,17:37,
30.10.2022,16.,Tipsport extraliga,SPA – OLO,2:5,0,1,1,2,0,19:16,
28.10.2022,15.,Tipsport extraliga,MBL – OLO,2:3,0,0,0,-1,0,21:33,
23.10.2022,14.,Tipsport extraliga,OLO – PLZ,1:4,1,0,1,0,0,16:00,
21.10.2022,13.,Tipsport extraliga,OLO – LIT,5:3,1,1,2,2,0,17:58,
16.10.2022,11.,Tipsport extraliga,OLO – KOM,2:3,0,0,0,0,0,18:09,
14.10.2022,10.,Tipsport extraliga,MHK – OLO,0:3,0,0,0,0,0,14:30,
9.10.2022,9.,Tipsport extraliga,OLO – KLA,3:0,0,0,0,0,0,12:38,
7.10.2022,8.,Tipsport extraliga,LIB – OLO,6:2,0,0,0,0,0,14:46,
2.10.2022,7.,Tipsport extraliga,OLO – VIT,5:4,0,0,0,0,0,13:13,
30.9.2022,6.,Tipsport extraliga,CEB – OLO,1:2,0,0,0,0,2,11:52,
27.9.2022,5.,Tipsport extraliga,OLO – PCE,1:2,0,0,0,0,0,09:50,
22.9.2022,3.,Tipsport extraliga,OLO – SPA,4:0,0,0,0,1,0,08:31,
18.9.2022,2.,Tipsport extraliga,OLO – MBL,2:1,0,1,1,1,0,11:31,
16.9.2022,1.,Tipsport extraliga,PLZ – OLO,1:2,0,1,1,0,2,14:35,
