datum,kolo,soutěž,zápas,skóre,G,A,B,+-,TM,TOI,
22.2.2023,49.,Tipsport extraliga,CEB – LIB,3:4,0,0,0,-2,0,20:26,
19.2.2023,48.,Tipsport extraliga,VIT – CEB,1:4,0,0,0,1,0,21:28,
17.2.2023,47.,Tipsport extraliga,CEB – SPA,3:4,1,0,1,-1,0,21:14,
15.2.2023,46.,Tipsport extraliga,CEB – PCE,3:7,0,0,0,-2,0,18:55,
5.2.2023,45.,Tipsport extraliga,OLO – CEB,3:2,0,1,1,0,0,22:19,
2.2.2023,44.,Tipsport extraliga,CEB – MHK,2:3,0,1,1,0,0,22:22,
29.1.2023,43.,Tipsport extraliga,LIT – CEB,1:0,0,0,0,0,0,17:51,
28.1.2023,42.,CHANCE LIGA,ZLN – JIH,4:1,0,1,1,-2,0,17:19,
25.1.2023,41.,CHANCE LIGA,JIH – FRM,7:1,1,1,2,2,0,21:00,
21.1.2023,40.,CHANCE LIGA,POR – JIH,4:0,0,0,0,-2,0,20:27,
18.1.2023,39.,CHANCE LIGA,SLA – JIH,3:2,0,0,0,1,0,20:31,
13.1.2023,37.,Tipsport extraliga,CEB – KVA,2:4,0,1,1,0,0,23:47,
8.1.2023,36.,Tipsport extraliga,LIB – CEB,2:3,0,2,2,1,0,24:48,
6.1.2023,35.,Tipsport extraliga,CEB – VIT,0:2,0,0,0,-1,0,22:46,
3.1.2023,34.,Tipsport extraliga,SPA – CEB,5:3,1,0,1,-1,0,18:58,
30.12.2022,33.,Tipsport extraliga,PCE – CEB,4:1,0,0,0,-1,0,19:12,
28.12.2022,32.,Tipsport extraliga,CEB – OLO,4:2,1,0,1,1,0,20:03,
26.12.2022,31.,Tipsport extraliga,MHK – CEB,1:4,0,1,1,0,0,18:13,
22.12.2022,30.,Tipsport extraliga,CEB – LIT,2:5,1,0,1,-1,0,21:56,
20.12.2022,29.,Tipsport extraliga,MBL – CEB,2:1,0,0,0,-1,0,24:44,
11.12.2022,28.,Tipsport extraliga,CEB – KOM,3:1,0,0,0,1,0,11:19,
9.12.2022,27.,Tipsport extraliga,TRI – CEB,2:3,1,0,1,2,0,23:40,
7.12.2022,28.,CHANCE LIGA,FRM – JIH,1:4,1,0,1,1,0,20:04,
4.12.2022,26.,Tipsport extraliga,PLZ – CEB,4:1,0,0,0,-1,0,18:10,
2.12.2022,25.,Tipsport extraliga,KLA – CEB,1:6,0,0,0,-1,0,16:48,
29.11.2022,24.,Tipsport extraliga,CEB – KVA,0:3,0,0,0,0,0,21:40,
27.11.2022,23.,Tipsport extraliga,CEB – LIB,4:1,0,1,1,2,0,20:15,
25.11.2022,22.,Tipsport extraliga,VIT – CEB,4:3,0,0,0,0,0,19:19,
17.11.2022,20.,Tipsport extraliga,CEB – PCE,2:4,0,0,0,-1,0,18:49,
6.11.2022,19.,Tipsport extraliga,OLO – CEB,3:1,1,0,1,0,0,14:40,
4.11.2022,18.,Tipsport extraliga,CEB – MHK,2:1,0,1,1,1,0,14:44,
1.11.2022,17.,Tipsport extraliga,LIT – CEB,6:4,1,0,1,0,0,18:06,
30.10.2022,16.,Tipsport extraliga,CEB – MBL,3:0,1,0,1,1,2,15:19,
28.10.2022,15.,Tipsport extraliga,KOM – CEB,3:0,0,0,0,0,2,15:04,
23.10.2022,14.,Tipsport extraliga,CEB – TRI,3:2,0,0,0,0,2,16:33,
20.10.2022,13.,Tipsport extraliga,CEB – PLZ,3:2,0,0,0,0,0,21:50,
18.10.2022,12.,Tipsport extraliga,KLA – CEB,2:1,0,0,0,0,0,18:58,
15.10.2022,12.,CHANCE LIGA,JIH – PCE,3:2,0,0,0,0,0,20:54,
12.10.2022,11.,CHANCE LIGA,PRE – JIH,2:3,0,1,1,1,0,20:14,
10.10.2022,10.,CHANCE LIGA,JIH – KOL,3:2,0,1,1,-1,0,20:45,
8.10.2022,9.,CHANCE LIGA,TRE – JIH,4:1,0,0,0,0,0,18:22,
5.10.2022,8.,CHANCE LIGA,JIH – SOK,2:3,0,0,0,0,2,17:05,
1.10.2022,7.,CHANCE LIGA,LTM – JIH,5:3,1,0,1,0,0,15:53,
28.9.2022,6.,CHANCE LIGA,JIH – VSE,2:1,0,0,0,0,,16:32,
26.9.2022,5.,CHANCE LIGA,PRO – JIH,2:4,0,0,0,0,4,16:43,
24.9.2022,4.,CHANCE LIGA,SUM – JIH,1:4,0,0,0,0,0,15:46,
21.9.2022,3.,CHANCE LIGA,JIH – ZLN,1:2,0,0,0,0,0,19:03,
18.9.2022,2.,CHANCE LIGA,FRM – JIH,3:1,0,0,0,-1,2,15:12,
14.9.2022,1.,CHANCE LIGA,JIH – POR,2:3,0,0,0,0,0,17:24,
