datum,kolo,soutěž,zápas,skóre,G,A,B,+-,TM,TOI,
25.2.2023,50.,CHANCE LIGA,ZLN – PCE,1:0,0,0,0,0,2,11:31,
24.2.2023,49.,Tipsport extraliga,PCE – KOM,1:3,0,0,0,0,0,10:08,
19.2.2023,48.,Tipsport extraliga,KVA – PCE,0:5,0,0,0,0,0,08:54,
17.2.2023,47.,Tipsport extraliga,PCE – VIT,1:4,0,0,0,0,0,08:58,
15.2.2023,46.,Tipsport extraliga,CEB – PCE,3:7,0,0,0,-1,0,10:30,
13.2.2023,46.,CHANCE LIGA,PCE – PRE,6:4,0,1,1,1,0,09:58,
5.2.2023,45.,Tipsport extraliga,SPA – PCE,4:2,0,0,0,1,0,08:59,
3.2.2023,44.,Tipsport extraliga,PCE – OLO,4:1,0,0,0,0,0,10:54,
1.2.2023,44.,CHANCE LIGA,PCE – SLA,1:0,0,0,0,0,0,13:37,
29.1.2023,43.,Tipsport extraliga,MBL – PCE,3:5,0,1,1,1,0,10:16,
28.1.2023,42.,CHANCE LIGA,PCE – VSE,1:3,0,0,0,0,2,17:10,
26.1.2023,42.,Tipsport extraliga,PCE – PLZ,4:3,1,0,1,1,0,10:28,
24.1.2023,41.,Tipsport extraliga,TRI – PCE,0:4,0,0,0,0,0,11:38,
22.1.2023,40.,Tipsport extraliga,PCE – KLA,4:2,0,0,0,0,0,11:47,
20.1.2023,39.,Tipsport extraliga,PCE – MHK,4:1,0,0,0,0,0,07:26,
18.1.2023,27.,Tipsport extraliga,KLA – PCE,1:4,0,0,0,0,0,11:37,
15.1.2023,38.,Tipsport extraliga,LIT – PCE,1:2,0,0,0,0,0,07:36,
13.1.2023,37.,Tipsport extraliga,LIB – PCE,3:4,0,0,0,0,0,08:22,
9.1.2023,36.,CHANCE LIGA,POR – PCE,4:2,0,0,0,0,0,16:05,
7.1.2023,35.,CHANCE LIGA,FRM – PCE,2:4,0,0,0,1,0,13:30,
4.1.2023,34.,CHANCE LIGA,PCE – KOL,3:5,0,0,0,-1,0,06:43,
3.1.2023,34.,Tipsport extraliga,VIT – PCE,2:3,0,0,0,-1,0,06:23,
27.12.2022,32.,CHANCE LIGA,PCE – TRE,2:5,0,0,0,-1,2,15:53,
26.12.2022,31.,Tipsport extraliga,OLO – PCE,3:2,0,1,1,1,0,06:00,
21.12.2022,31.,CHANCE LIGA,SLA – PCE,5:3,0,0,0,-1,0,10:49,
20.12.2022,29.,Tipsport extraliga,PLZ – PCE,0:2,0,0,0,0,0,10:15,
17.12.2022,33.,CHANCE LIGA,PRE – PCE,2:1,0,0,0,0,0,12:55,
10.12.2022,29.,CHANCE LIGA,VSE – PCE,3:2,0,0,0,-2,0,14:36,
7.12.2022,28.,CHANCE LIGA,PCE – LTM,4:1,0,0,0,0,4,14:39,
6.12.2022,25.,Tipsport extraliga,PCE – LIT,1:0,0,0,0,0,0,06:24,
4.12.2022,26.,Tipsport extraliga,MHK – PCE,4:0,0,0,0,0,0,07:18,
3.12.2022,26.,CHANCE LIGA,SUM – PCE,4:3,0,0,0,-2,2,09:37,
30.11.2022,25.,CHANCE LIGA,PCE – JIH,2:4,0,2,2,0,,14:25,
26.11.2022,24.,CHANCE LIGA,ZLN – PCE,2:3,0,0,0,0,0,16:09,
23.11.2022,23.,CHANCE LIGA,PCE – POR,2:3,0,0,0,-1,,11:33,
19.11.2022,22.,CHANCE LIGA,PCE – FRM,2:4,1,0,1,0,,11:48,
16.11.2022,21.,CHANCE LIGA,KOL – PCE,2:1,0,0,0,0,0,11:35,
5.11.2022,19.,CHANCE LIGA,TRE – PCE,4:1,0,0,0,-1,,14:27,
29.10.2022,17.,CHANCE LIGA,PRO – PCE,2:1,0,0,0,0,2,15:46,
26.10.2022,16.,CHANCE LIGA,PCE – VSE,1:4,0,0,0,-1,4,13:25,
24.10.2022,15.,CHANCE LIGA,LTM – PCE,5:0,0,0,0,0,0,12:33,
22.10.2022,14.,CHANCE LIGA,PCE – SOK,3:4,1,1,2,2,0,10:46,
19.10.2022,13.,CHANCE LIGA,PCE – SUM,3:2,0,0,0,0,0,11:30,
15.10.2022,12.,CHANCE LIGA,JIH – PCE,3:2,0,0,0,-1,0,09:15,
12.10.2022,11.,CHANCE LIGA,PCE – ZLN,2:3,0,0,0,-1,2,11:42,
10.10.2022,10.,CHANCE LIGA,POR – PCE,5:3,0,0,0,-1,2,11:55,
8.10.2022,9.,CHANCE LIGA,FRM – PCE,2:3,0,1,1,0,0,16:23,
5.10.2022,8.,CHANCE LIGA,PCE – KOL,3:2,0,0,0,0,0,16:58,
1.10.2022,7.,CHANCE LIGA,PRE – PCE,4:3,0,0,0,-1,0,08:14,
28.9.2022,6.,CHANCE LIGA,PCE – TRE,2:3,1,0,1,1,,15:58,
26.9.2022,5.,CHANCE LIGA,SLA – PCE,4:0,0,0,0,-1,2,12:30,
24.9.2022,4.,CHANCE LIGA,PCE – PRO,4:0,0,0,0,0,,08:24,
21.9.2022,3.,CHANCE LIGA,VSE – PCE,3:1,0,0,0,-1,2,06:12,
17.9.2022,2.,CHANCE LIGA,PCE – LTM,2:5,0,0,0,-3,,10:32,
14.9.2022,1.,CHANCE LIGA,SOK – PCE,2:5,0,1,1,2,,12:54,
