datum,kolo,soutěž,zápas,skóre,G,A,B,+-,TM,TOI,
26.2.2023,50.,Tipsport extraliga,KVA – CEB,5:1,0,1,1,1,0,06:12,
24.2.2023,49.,Tipsport extraliga,VIT – KVA,6:1,0,0,0,-1,0,15:58,
19.2.2023,48.,Tipsport extraliga,KVA – PCE,0:5,0,0,0,-1,0,15:27,
17.2.2023,47.,Tipsport extraliga,MBL – KVA,0:2,0,1,1,1,0,15:07,
15.2.2023,46.,Tipsport extraliga,KVA – SPA,3:6,2,0,2,0,0,18:46,
5.2.2023,45.,Tipsport extraliga,LIT – KVA,1:2,0,0,0,0,0,13:57,
3.2.2023,44.,Tipsport extraliga,KVA – PLZ,3:1,0,1,1,1,0,14:17,
31.1.2023,33.,Tipsport extraliga,SPA – KVA,6:3,0,1,1,2,0,13:19,
29.1.2023,43.,Tipsport extraliga,OLO – KVA,3:4,0,2,2,2,0,13:25,
27.1.2023,42.,Tipsport extraliga,KVA – TRI,4:1,0,0,0,1,0,14:16,
24.1.2023,41.,Tipsport extraliga,MHK – KVA,3:0,0,0,0,0,2,14:32,
22.1.2023,40.,Tipsport extraliga,KVA – KOM,5:4,1,0,1,1,0,14:44,
20.1.2023,39.,Tipsport extraliga,KVA – KLA,4:2,0,0,0,1,0,16:45,
15.1.2023,38.,Tipsport extraliga,LIB – KVA,3:1,0,0,0,0,0,14:50,
13.1.2023,37.,Tipsport extraliga,CEB – KVA,2:4,0,0,0,1,0,13:32,
8.1.2023,36.,Tipsport extraliga,KVA – VIT,1:3,0,0,0,0,0,13:20,
6.1.2023,35.,Tipsport extraliga,PCE – KVA,7:4,1,0,1,1,0,13:09,
3.1.2023,34.,Tipsport extraliga,KVA – MBL,4:1,0,0,0,1,2,12:22,
28.12.2022,32.,Tipsport extraliga,KVA – LIT,3:0,0,0,0,0,0,10:29,
26.12.2022,31.,Tipsport extraliga,PLZ – KVA,1:0,0,0,0,0,2,09:51,
22.12.2022,30.,Tipsport extraliga,KVA – OLO,0:3,0,0,0,-1,0,13:58,
20.12.2022,29.,Tipsport extraliga,TRI – KVA,4:2,1,0,1,0,0,14:08,
11.12.2022,28.,Tipsport extraliga,KVA – MHK,1:4,0,0,0,-3,0,13:13,
9.12.2022,27.,Tipsport extraliga,KOM – KVA,2:3,0,1,1,2,0,14:18,
4.12.2022,26.,Tipsport extraliga,KLA – KVA,4:1,0,0,0,0,2,11:21,
2.12.2022,25.,Tipsport extraliga,KVA – LIB,0:2,0,0,0,0,0,13:42,
29.11.2022,24.,Tipsport extraliga,CEB – KVA,0:3,1,0,1,1,0,12:38,
27.11.2022,23.,Tipsport extraliga,VIT – KVA,4:2,0,0,0,0,0,14:20,
25.11.2022,22.,Tipsport extraliga,KVA – PCE,1:3,0,0,0,-1,0,17:11,
20.11.2022,21.,Tipsport extraliga,KVA – MBL,4:3,0,0,0,0,0,14:43,
18.11.2022,20.,Tipsport extraliga,KVA – SPA,1:5,0,0,0,-1,2,13:32,
15.11.2022,4.,Tipsport extraliga,KVA – OLO,3:2,1,1,2,3,0,15:14,
6.11.2022,19.,Tipsport extraliga,LIT – KVA,5:3,0,0,0,-1,0,17:45,
4.11.2022,18.,Tipsport extraliga,KVA – PLZ,4:5,0,2,2,2,2,15:25,
1.11.2022,17.,Tipsport extraliga,OLO – KVA,2:0,0,0,0,-1,0,16:04,
30.10.2022,16.,Tipsport extraliga,KVA – TRI,2:6,0,0,0,-1,0,13:40,
28.10.2022,15.,Tipsport extraliga,MHK – KVA,1:2,0,0,0,0,0,16:58,
23.10.2022,14.,Tipsport extraliga,KVA – KOM,2:3,0,0,0,0,0,16:23,
21.10.2022,13.,Tipsport extraliga,KVA – KLA,4:3,0,0,0,0,0,13:54,
18.10.2022,12.,Tipsport extraliga,LIB – KVA,3:4,0,0,0,-1,0,14:03,
16.10.2022,11.,Tipsport extraliga,KVA – CEB,4:3,0,1,1,1,0,14:18,
14.10.2022,10.,Tipsport extraliga,KVA – VIT,4:5,0,0,0,1,0,11:46,
9.10.2022,9.,Tipsport extraliga,PCE – KVA,2:4,0,0,0,1,0,14:22,
6.10.2022,8.,Tipsport extraliga,MBL – KVA,0:1,0,0,0,0,0,14:23,
4.10.2022,6.,Tipsport extraliga,KVA – LIT,1:4,0,0,0,0,0,10:14,
2.10.2022,7.,Tipsport extraliga,SPA – KVA,4:5,0,1,1,1,0,11:55,
27.9.2022,5.,Tipsport extraliga,PLZ – KVA,6:3,0,0,0,1,2,11:49,
23.9.2022,3.,Tipsport extraliga,TRI – KVA,1:2,0,0,0,1,2,13:20,
18.9.2022,2.,Tipsport extraliga,KVA – MHK,2:3,1,0,1,0,0,07:43,
15.9.2022,1.,Tipsport extraliga,KOM – KVA,6:1,0,0,0,-1,0,10:07,
