datum,kolo,soutěž,zápas,skóre,G,A,B,+-,TM,TOI,
26.2.2023,50.,Tipsport extraliga,KOM – OLO,1:0,0,1,1,1,0,05:31,
24.2.2023,49.,Tipsport extraliga,PCE – KOM,1:3,0,0,0,0,0,11:54,
19.2.2023,48.,Tipsport extraliga,KOM – MBL,1:4,0,0,0,0,0,15:01,
17.2.2023,47.,Tipsport extraliga,LIT – KOM,3:2,0,0,0,0,0,14:58,
15.2.2023,46.,Tipsport extraliga,KOM – PLZ,3:0,0,1,1,1,0,13:43,
5.2.2023,45.,Tipsport extraliga,MHK – KOM,1:0,0,0,0,0,0,14:58,
3.2.2023,44.,Tipsport extraliga,KOM – TRI,5:1,0,0,0,0,0,14:17,
29.1.2023,43.,Tipsport extraliga,KOM – LIB,3:0,0,0,0,0,0,13:28,
27.1.2023,42.,Tipsport extraliga,KLA – KOM,0:3,0,0,0,0,2,14:45,
22.1.2023,40.,Tipsport extraliga,KVA – KOM,5:4,0,1,1,1,0,19:04,
20.1.2023,39.,Tipsport extraliga,SPA – KOM,5:3,0,1,1,-2,0,14:56,
15.1.2023,38.,Tipsport extraliga,KOM – VIT,2:5,0,0,0,0,0,15:31,
13.1.2023,18.,Tipsport extraliga,TRI – KOM,6:1,0,0,0,0,0,04:32,
20.12.2022,29.,Tipsport extraliga,KOM – KLA,3:2,0,0,0,0,0,07:54,
29.11.2022,24.,Tipsport extraliga,KOM – OLO,1:0,0,0,0,0,0,09:42,
27.11.2022,23.,Tipsport extraliga,PCE – KOM,4:3,0,0,0,-1,0,13:09,
25.11.2022,22.,Tipsport extraliga,KOM – MBL,1:3,0,0,0,-2,0,11:17,
22.11.2022,17.,Tipsport extraliga,KOM – LIB,0:5,0,0,0,-1,0,12:37,
20.11.2022,21.,Tipsport extraliga,LIT – KOM,5:1,0,1,1,1,0,12:02,
18.11.2022,20.,Tipsport extraliga,KOM – PLZ,3:1,0,0,0,0,0,12:49,
30.10.2022,16.,Tipsport extraliga,KLA – KOM,3:5,0,1,1,0,0,14:29,
28.10.2022,15.,Tipsport extraliga,KOM – CEB,3:0,0,0,0,0,0,15:07,
13.10.2022,10.,Tipsport extraliga,KOM – PCE,4:3,0,0,0,0,0,10:30,
9.10.2022,9.,Tipsport extraliga,MBL – KOM,3:2,0,0,0,-1,0,14:26,
7.10.2022,8.,Tipsport extraliga,KOM – LIT,5:4,1,0,1,0,0,13:06,
2.10.2022,7.,Tipsport extraliga,PLZ – KOM,3:4,1,1,2,0,0,13:09,
30.9.2022,6.,Tipsport extraliga,KOM – MHK,4:0,0,0,0,0,0,12:57,
27.9.2022,5.,Tipsport extraliga,KOM – TRI,2:4,0,0,0,-1,0,12:13,
25.9.2022,4.,Tipsport extraliga,LIB – KOM,2:3,0,0,0,-1,0,14:01,
23.9.2022,3.,Tipsport extraliga,KOM – KLA,1:3,0,0,0,-1,0,12:14,
18.9.2022,2.,Tipsport extraliga,CEB – KOM,6:2,0,0,0,-1,0,13:58,
15.9.2022,1.,Tipsport extraliga,KOM – KVA,6:1,0,0,0,0,0,14:46,
