datum,kolo,soutěž,zápas,skóre,G,A,B,+-,TM,TOI,
24.2.2023,49.,Tipsport extraliga,PCE – KOM,1:3,0,0,0,0,0,15:31,
19.2.2023,48.,Tipsport extraliga,KVA – PCE,0:5,0,2,2,2,0,12:28,
17.2.2023,47.,Tipsport extraliga,PCE – VIT,1:4,0,0,0,0,0,14:25,
15.2.2023,46.,Tipsport extraliga,CEB – PCE,3:7,0,2,2,2,0,14:13,
5.2.2023,45.,Tipsport extraliga,SPA – PCE,4:2,0,1,1,0,0,11:08,
3.2.2023,44.,Tipsport extraliga,PCE – OLO,4:1,0,2,2,2,2,16:03,
29.1.2023,43.,Tipsport extraliga,MBL – PCE,3:5,0,1,1,1,2,13:45,
26.1.2023,42.,Tipsport extraliga,PCE – PLZ,4:3,0,1,1,-1,0,15:18,
24.1.2023,41.,Tipsport extraliga,TRI – PCE,0:4,1,0,1,1,0,15:08,
22.1.2023,40.,Tipsport extraliga,PCE – KLA,4:2,0,1,1,1,2,18:19,
20.1.2023,39.,Tipsport extraliga,PCE – MHK,4:1,0,1,1,-1,0,14:35,
18.1.2023,27.,Tipsport extraliga,KLA – PCE,1:4,0,0,0,0,0,16:34,
15.1.2023,38.,Tipsport extraliga,LIT – PCE,1:2,0,2,2,2,0,15:50,
13.1.2023,37.,Tipsport extraliga,LIB – PCE,3:4,0,0,0,1,0,15:04,
10.1.2023,32.,Tipsport extraliga,PCE – SPA,0:3,0,0,0,0,0,12:50,
8.1.2023,36.,Tipsport extraliga,KOM – PCE,1:4,0,0,0,1,0,07:42,
6.1.2023,35.,Tipsport extraliga,PCE – KVA,7:4,0,0,0,-2,0,12:25,
3.1.2023,34.,Tipsport extraliga,VIT – PCE,2:3,1,1,2,1,0,16:44,
30.12.2022,33.,Tipsport extraliga,PCE – CEB,4:1,0,1,1,0,0,15:58,
26.12.2022,31.,Tipsport extraliga,OLO – PCE,3:2,1,0,1,0,0,17:32,
22.12.2022,30.,Tipsport extraliga,PCE – MBL,2:1,0,0,0,0,0,20:10,
20.12.2022,29.,Tipsport extraliga,PLZ – PCE,0:2,0,2,2,2,0,13:39,
11.12.2022,28.,Tipsport extraliga,PCE – TRI,0:3,0,0,0,0,0,11:11,
6.12.2022,25.,Tipsport extraliga,PCE – LIT,1:0,0,0,0,0,0,10:57,
27.9.2022,5.,Tipsport extraliga,OLO – PCE,1:2,0,0,0,0,0,17:32,
25.9.2022,4.,Tipsport extraliga,PCE – MBL,2:3,1,0,1,0,0,17:49,
23.9.2022,3.,Tipsport extraliga,PLZ – PCE,1:4,0,1,1,3,0,17:16,
18.9.2022,2.,Tipsport extraliga,PCE – TRI,4:3,0,0,0,0,0,20:45,
16.9.2022,1.,Tipsport extraliga,KLA – PCE,4:5,0,2,2,4,0,24:04,
