datum,kolo,soutěž,zápas,skóre,G,A,B,+-,TM,TOI,
22.2.2023,49.,Tipsport extraliga,CEB – LIB,3:4,0,0,0,-1,0,20:19,
19.2.2023,48.,Tipsport extraliga,LIB – SPA,2:1,0,1,1,1,0,24:30,
17.2.2023,47.,Tipsport extraliga,OLO – LIB,2:3,0,0,0,-1,0,20:34,
15.2.2023,46.,Tipsport extraliga,LIB – TRI,3:2,0,1,1,1,0,21:42,
5.2.2023,45.,Tipsport extraliga,PLZ – LIB,2:4,2,0,2,0,0,14:12,
3.2.2023,44.,Tipsport extraliga,LIB – MBL,4:3,1,1,2,0,0,17:55,
29.1.2023,43.,Tipsport extraliga,KOM – LIB,3:0,0,0,0,0,0,15:23,
27.1.2023,42.,Tipsport extraliga,LIB – LIT,5:1,0,0,0,0,0,15:33,
24.1.2023,41.,Tipsport extraliga,KLA – LIB,3:2,0,0,0,0,0,18:38,
22.1.2023,40.,Tipsport extraliga,LIB – MHK,3:1,0,0,0,0,2,17:24,
20.1.2023,39.,Tipsport extraliga,VIT – LIB,2:0,0,0,0,0,0,20:20,
15.1.2023,38.,Tipsport extraliga,LIB – KVA,3:1,1,0,1,1,0,18:00,
13.1.2023,37.,Tipsport extraliga,LIB – PCE,3:4,1,1,2,0,0,20:16,
8.1.2023,36.,Tipsport extraliga,LIB – CEB,2:3,0,1,1,0,0,20:19,
6.1.2023,35.,Tipsport extraliga,SPA – LIB,2:5,2,1,3,3,0,19:36,
3.1.2023,34.,Tipsport extraliga,LIB – OLO,6:1,0,0,0,0,0,19:28,
30.12.2022,33.,Tipsport extraliga,TRI – LIB,6:3,0,0,0,-3,0,15:53,
28.12.2022,32.,Tipsport extraliga,LIB – PLZ,2:1,0,0,0,1,0,26:19,
26.12.2022,31.,Tipsport extraliga,MBL – LIB,3:7,0,1,1,1,0,21:31,
22.12.2022,30.,Tipsport extraliga,LIB – KOM,2:1,0,0,0,0,0,20:01,
20.12.2022,29.,Tipsport extraliga,LIT – LIB,3:2,0,0,0,-1,2,27:16,
11.12.2022,28.,Tipsport extraliga,LIB – KLA,7:3,2,1,3,3,2,17:34,
6.12.2022,9.,Tipsport extraliga,LIB – SPA,0:1,0,0,0,0,0,18:44,
4.12.2022,26.,Tipsport extraliga,LIB – VIT,2:3,0,0,0,0,0,25:33,
2.12.2022,25.,Tipsport extraliga,KVA – LIB,0:2,0,2,2,2,0,16:39,
29.11.2022,24.,Tipsport extraliga,PCE – LIB,1:3,0,0,0,-1,0,21:35,
25.11.2022,22.,Tipsport extraliga,SPA – LIB,3:1,0,0,0,1,2,19:19,
22.11.2022,17.,Tipsport extraliga,KOM – LIB,0:5,0,1,1,2,0,19:42,
20.11.2022,21.,Tipsport extraliga,OLO – LIB,4:1,0,1,1,1,0,19:58,
18.11.2022,20.,Tipsport extraliga,LIB – TRI,1:4,0,1,1,0,2,14:33,
6.11.2022,19.,Tipsport extraliga,PLZ – LIB,3:4,1,0,1,1,0,17:05,
4.11.2022,18.,Tipsport extraliga,LIB – MBL,6:2,0,1,1,0,2,21:09,
30.10.2022,16.,Tipsport extraliga,LIB – LIT,2:3,0,1,1,1,0,20:39,
28.10.2022,15.,Tipsport extraliga,KLA – LIB,3:2,0,0,0,0,0,22:13,
23.10.2022,14.,Tipsport extraliga,LIB – MHK,3:6,0,0,0,-2,0,18:56,
21.10.2022,13.,Tipsport extraliga,VIT – LIB,6:3,0,2,2,0,0,18:50,
18.10.2022,12.,Tipsport extraliga,LIB – KVA,3:4,1,0,1,2,0,20:15,
16.10.2022,11.,Tipsport extraliga,PCE – LIB,1:0,0,0,0,-1,0,20:01,
7.10.2022,8.,Tipsport extraliga,LIB – OLO,6:2,0,0,0,1,2,18:58,
4.10.2022,10.,Tipsport extraliga,LIB – CEB,6:1,0,1,1,1,0,18:11,
2.10.2022,7.,Tipsport extraliga,TRI – LIB,3:4,0,1,1,1,2,19:53,
29.9.2022,6.,Tipsport extraliga,LIB – PLZ,2:3,0,0,0,0,0,18:25,
27.9.2022,5.,Tipsport extraliga,MBL – LIB,2:1,0,0,0,0,2,17:00,
25.9.2022,4.,Tipsport extraliga,LIB – KOM,2:3,0,0,0,-1,0,19:16,
23.9.2022,3.,Tipsport extraliga,LIT – LIB,2:3,0,0,0,0,0,18:20,
18.9.2022,2.,Tipsport extraliga,LIB – KLA,4:3,0,2,2,1,0,21:44,
16.9.2022,1.,Tipsport extraliga,MHK – LIB,1:2,1,1,2,0,2,18:37,
