datum,kolo,soutěž,zápas,skóre,G,A,B,+-,TM,TOI,
26.2.2023,50.,Tipsport extraliga,KOM – OLO,1:0,0,0,0,0,0,06:45,
24.2.2023,49.,Tipsport extraliga,OLO – MHK,0:4,0,0,0,-3,0,16:46,
19.2.2023,48.,Tipsport extraliga,KLA – OLO,4:5,0,1,1,0,0,18:52,
17.2.2023,47.,Tipsport extraliga,OLO – LIB,2:3,0,0,0,-1,0,12:58,
15.2.2023,46.,Tipsport extraliga,VIT – OLO,3:1,0,0,0,-1,0,12:32,
5.2.2023,45.,Tipsport extraliga,OLO – CEB,3:2,0,0,0,0,0,13:36,
3.2.2023,44.,Tipsport extraliga,PCE – OLO,4:1,0,0,0,-1,0,16:26,
29.1.2023,43.,Tipsport extraliga,OLO – KVA,3:4,0,0,0,0,0,07:57,
20.1.2023,39.,Tipsport extraliga,OLO – LIT,1:8,0,0,0,-1,0,19:29,
17.1.2023,38.,Tipsport extraliga,TRI – OLO,1:3,0,0,0,2,0,17:36,
11.1.2023,37.,Tipsport extraliga,OLO – KOM,1:4,0,0,0,0,0,11:30,
8.1.2023,36.,Tipsport extraliga,MHK – OLO,5:4,0,0,0,0,0,06:06,
6.1.2023,35.,Tipsport extraliga,OLO – KLA,6:2,0,0,0,-1,0,17:39,
3.1.2023,34.,Tipsport extraliga,LIB – OLO,6:1,0,0,0,0,0,20:35,
20.12.2022,29.,Tipsport extraliga,OLO – SPA,0:1,0,0,0,0,0,15:23,
9.12.2022,27.,Tipsport extraliga,PLZ – OLO,5:4,0,0,0,0,0,09:45,
4.12.2022,26.,Tipsport extraliga,LIT – OLO,5:3,0,0,0,0,0,19:51,
2.12.2022,25.,Tipsport extraliga,OLO – TRI,4:2,0,0,0,0,0,14:27,
29.11.2022,24.,Tipsport extraliga,KOM – OLO,1:0,0,0,0,0,0,13:39,
27.11.2022,23.,Tipsport extraliga,OLO – MHK,5:0,0,0,0,1,0,14:36,
3.11.2022,18.,Tipsport extraliga,PCE – OLO,3:0,0,0,0,-1,2,16:14,
1.11.2022,17.,Tipsport extraliga,OLO – KVA,2:0,0,0,0,0,0,17:11,
30.10.2022,16.,Tipsport extraliga,SPA – OLO,2:5,0,0,0,1,0,16:53,
28.10.2022,15.,Tipsport extraliga,MBL – OLO,2:3,0,0,0,0,0,11:45,
23.10.2022,14.,Tipsport extraliga,OLO – PLZ,1:4,0,0,0,-1,0,12:16,
21.10.2022,13.,Tipsport extraliga,OLO – LIT,5:3,0,0,0,-1,0,13:19,
16.10.2022,11.,Tipsport extraliga,OLO – KOM,2:3,0,0,0,-1,0,08:04,
14.10.2022,10.,Tipsport extraliga,MHK – OLO,0:3,0,0,0,1,2,16:14,
30.9.2022,6.,Tipsport extraliga,CEB – OLO,1:2,0,0,0,0,0,18:29,
27.9.2022,5.,Tipsport extraliga,OLO – PCE,1:2,0,0,0,0,0,17:10,
22.9.2022,3.,Tipsport extraliga,OLO – SPA,4:0,0,0,0,0,2,15:55,
18.9.2022,2.,Tipsport extraliga,OLO – MBL,2:1,0,0,0,1,0,13:41,
16.9.2022,1.,Tipsport extraliga,PLZ – OLO,1:2,0,0,0,0,0,16:37,
