datum,kolo,soutěž,zápas,skóre,G,A,B,+-,TM,TOI,
24.2.2023,49.,Tipsport extraliga,PCE – KOM,1:3,0,0,0,0,0,11:51,
19.2.2023,48.,Tipsport extraliga,KVA – PCE,0:5,1,0,1,0,2,17:28,
17.2.2023,47.,Tipsport extraliga,PCE – VIT,1:4,0,0,0,-2,0,14:36,
15.2.2023,46.,Tipsport extraliga,CEB – PCE,3:7,1,0,1,2,0,15:37,
5.2.2023,45.,Tipsport extraliga,SPA – PCE,4:2,0,0,0,0,0,13:58,
3.2.2023,44.,Tipsport extraliga,PCE – OLO,4:1,0,0,0,0,0,15:44,
29.1.2023,43.,Tipsport extraliga,MBL – PCE,3:5,0,1,1,1,0,11:48,
26.1.2023,42.,Tipsport extraliga,PCE – PLZ,4:3,1,0,1,1,0,15:04,
24.1.2023,41.,Tipsport extraliga,TRI – PCE,0:4,0,0,0,1,0,16:03,
22.1.2023,40.,Tipsport extraliga,PCE – KLA,4:2,0,1,1,1,0,13:17,
20.1.2023,39.,Tipsport extraliga,PCE – MHK,4:1,2,0,2,1,0,15:54,
18.1.2023,27.,Tipsport extraliga,KLA – PCE,1:4,0,0,0,1,0,11:41,
15.1.2023,38.,Tipsport extraliga,LIT – PCE,1:2,0,0,0,0,0,13:24,
13.1.2023,37.,Tipsport extraliga,LIB – PCE,3:4,0,0,0,1,0,11:46,
10.1.2023,32.,Tipsport extraliga,PCE – SPA,0:3,0,0,0,-1,0,15:58,
8.1.2023,36.,Tipsport extraliga,KOM – PCE,1:4,0,0,0,-1,0,16:39,
6.1.2023,35.,Tipsport extraliga,PCE – KVA,7:4,3,0,3,2,0,14:00,
3.1.2023,34.,Tipsport extraliga,VIT – PCE,2:3,0,0,0,-1,0,15:26,
30.12.2022,33.,Tipsport extraliga,PCE – CEB,4:1,1,0,1,1,0,18:32,
26.12.2022,31.,Tipsport extraliga,OLO – PCE,3:2,0,0,0,0,0,19:38,
22.12.2022,30.,Tipsport extraliga,PCE – MBL,2:1,0,0,0,0,0,08:51,
20.12.2022,29.,Tipsport extraliga,PLZ – PCE,0:2,0,0,0,0,0,14:14,
11.12.2022,28.,Tipsport extraliga,PCE – TRI,0:3,0,0,0,-2,0,18:43,
6.12.2022,25.,Tipsport extraliga,PCE – LIT,1:0,0,0,0,0,0,14:46,
4.12.2022,26.,Tipsport extraliga,KLA – KVA,4:1,0,0,0,0,0,08:49,
21.10.2022,13.,Tipsport extraliga,KVA – KLA,4:3,0,0,0,0,0,08:03,
18.10.2022,12.,Tipsport extraliga,LIB – KVA,3:4,0,0,0,-1,0,20:38,
16.10.2022,11.,Tipsport extraliga,KVA – CEB,4:3,0,0,0,-1,0,19:50,
14.10.2022,10.,Tipsport extraliga,KVA – VIT,4:5,1,0,1,1,0,16:14,
9.10.2022,9.,Tipsport extraliga,PCE – KVA,2:4,1,1,2,1,0,16:53,
6.10.2022,8.,Tipsport extraliga,MBL – KVA,0:1,0,0,0,0,0,18:18,
4.10.2022,6.,Tipsport extraliga,KVA – LIT,1:4,0,0,0,-1,0,15:45,
2.10.2022,7.,Tipsport extraliga,SPA – KVA,4:5,0,0,0,-2,0,16:21,
27.9.2022,5.,Tipsport extraliga,PLZ – KVA,6:3,1,1,2,0,0,18:47,
23.9.2022,3.,Tipsport extraliga,TRI – KVA,1:2,0,1,1,0,0,13:14,
18.9.2022,2.,Tipsport extraliga,KVA – MHK,2:3,0,0,0,0,0,16:03,
15.9.2022,1.,Tipsport extraliga,KOM – KVA,6:1,0,0,0,0,2,21:13,
