datum,kolo,soutěž,zápas,skóre,G,A,B,+-,TM,TOI,
24.2.2023,49.,Tipsport extraliga,PCE – KOM,1:3,0,0,0,0,0,10:56,
19.2.2023,48.,Tipsport extraliga,KOM – MBL,1:4,0,1,1,-3,0,22:14,
17.2.2023,47.,Tipsport extraliga,LIT – KOM,3:2,0,0,0,-1,0,17:23,
15.2.2023,46.,Tipsport extraliga,KOM – PLZ,3:0,0,1,1,1,0,23:03,
5.2.2023,45.,Tipsport extraliga,MHK – KOM,1:0,0,0,0,0,0,20:03,
3.2.2023,44.,Tipsport extraliga,KOM – TRI,5:1,1,0,1,0,0,19:00,
27.1.2023,42.,Tipsport extraliga,KLA – KOM,0:3,0,0,0,0,0,00:45,
24.1.2023,41.,Tipsport extraliga,KOM – CEB,5:2,0,0,0,1,0,20:49,
22.1.2023,40.,Tipsport extraliga,KVA – KOM,5:4,0,0,0,-1,0,29:18,
20.1.2023,39.,Tipsport extraliga,SPA – KOM,5:3,0,0,0,-1,2,25:15,
15.1.2023,38.,Tipsport extraliga,KOM – VIT,2:5,0,0,0,0,2,27:55,
13.1.2023,18.,Tipsport extraliga,TRI – KOM,6:1,0,0,0,0,0,22:00,
11.1.2023,37.,Tipsport extraliga,OLO – KOM,1:4,0,2,2,0,2,25:34,
8.1.2023,36.,Tipsport extraliga,KOM – PCE,1:4,0,0,0,-3,0,22:35,
6.1.2023,35.,Tipsport extraliga,MBL – KOM,7:3,0,0,0,-2,2,20:16,
3.1.2023,34.,Tipsport extraliga,KOM – LIT,3:1,1,1,2,1,0,24:37,
30.12.2022,33.,Tipsport extraliga,PLZ – KOM,5:2,0,0,0,-1,0,22:04,
28.12.2022,32.,Tipsport extraliga,KOM – MHK,2:3,0,1,1,0,0,23:31,
26.12.2022,31.,Tipsport extraliga,TRI – KOM,7:2,0,1,1,1,0,20:25,
22.12.2022,30.,Tipsport extraliga,LIB – KOM,2:1,0,0,0,0,4,22:30,
20.12.2022,29.,Tipsport extraliga,KOM – KLA,3:2,0,0,0,1,0,21:37,
4.12.2022,26.,Tipsport extraliga,KOM – SPA,2:6,0,0,0,-3,4,21:38,
29.11.2022,24.,Tipsport extraliga,KOM – OLO,1:0,0,0,0,0,0,08:45,
27.11.2022,23.,Tipsport extraliga,PCE – KOM,4:3,0,1,1,1,0,27:11,
25.11.2022,22.,Tipsport extraliga,KOM – MBL,1:3,0,0,0,-1,0,22:15,
22.11.2022,17.,Tipsport extraliga,KOM – LIB,0:5,0,0,0,-2,0,20:58,
20.11.2022,21.,Tipsport extraliga,LIT – KOM,5:1,0,0,0,-1,0,18:34,
18.11.2022,20.,Tipsport extraliga,KOM – PLZ,3:1,1,0,1,0,0,19:58,
13.11.2022,,Karjala Cup 2022,CZE – SUI,2:3,0,0,0,-1,0,-,
12.11.2022,,Karjala Cup 2022,FIN – CZE,2:5,0,0,0,0,0,-,
10.11.2022,,Karjala Cup 2022,CZE – SWE,1:4,0,0,0,-1,0,15:18,
6.11.2022,19.,Tipsport extraliga,MHK – KOM,5:1,0,0,0,-1,2,19:38,
30.10.2022,16.,Tipsport extraliga,KLA – KOM,3:5,0,1,1,-1,0,20:15,
28.10.2022,15.,Tipsport extraliga,KOM – CEB,3:0,0,0,0,0,0,20:36,
23.10.2022,14.,Tipsport extraliga,KVA – KOM,2:3,1,1,2,1,0,23:51,
21.10.2022,13.,Tipsport extraliga,SPA – KOM,2:3,0,0,0,-1,0,21:46,
18.10.2022,12.,Tipsport extraliga,KOM – VIT,2:1,0,0,0,0,0,24:04,
16.10.2022,11.,Tipsport extraliga,OLO – KOM,2:3,0,0,0,0,2,22:15,
13.10.2022,10.,Tipsport extraliga,KOM – PCE,4:3,0,0,0,0,0,18:30,
15.9.2022,1.,Tipsport extraliga,KOM – KVA,6:1,0,0,0,-1,0,06:40,
