datum,kolo,soutěž,zápas,skóre,G,A,B,+-,TM,TOI,
25.2.2023,50.,CHANCE LIGA,ZLN – PCE,1:0,0,0,0,0,0,20:46,
22.2.2023,49.,CHANCE LIGA,PCE – POR,5:4,0,1,1,0,0,20:10,
18.2.2023,48.,CHANCE LIGA,PCE – FRM,4:3,1,1,2,1,2,24:16,
15.2.2023,47.,CHANCE LIGA,KOL – PCE,4:2,0,0,0,-1,2,23:39,
13.2.2023,46.,CHANCE LIGA,PCE – PRE,6:4,0,1,1,0,0,18:12,
4.2.2023,45.,CHANCE LIGA,TRE – PCE,3:1,0,0,0,0,0,18:45,
1.2.2023,44.,CHANCE LIGA,PCE – SLA,1:0,0,0,0,0,0,18:16,
30.1.2023,43.,CHANCE LIGA,PRO – PCE,4:5,0,0,0,-2,2,18:20,
21.1.2023,40.,CHANCE LIGA,PCE – SOK,2:4,0,0,0,-3,2,16:03,
18.1.2023,39.,CHANCE LIGA,PCE – SUM,5:1,1,0,1,0,2,13:18,
14.1.2023,38.,CHANCE LIGA,JIH – PCE,1:4,0,1,1,1,0,18:20,
11.1.2023,37.,CHANCE LIGA,PCE – ZLN,5:2,1,1,2,0,0,16:55,
9.1.2023,36.,CHANCE LIGA,POR – PCE,4:2,0,0,0,-1,0,19:43,
7.1.2023,35.,CHANCE LIGA,FRM – PCE,2:4,0,1,1,0,0,18:26,
4.1.2023,34.,CHANCE LIGA,PCE – KOL,3:5,0,1,1,0,0,19:37,
27.12.2022,32.,CHANCE LIGA,PCE – TRE,2:5,0,0,0,-1,2,21:17,
21.12.2022,31.,CHANCE LIGA,SLA – PCE,5:3,0,1,1,0,0,19:40,
19.12.2022,30.,CHANCE LIGA,PCE – PRO,4:1,0,0,0,0,2,19:38,
17.12.2022,33.,CHANCE LIGA,PRE – PCE,2:1,0,0,0,0,0,24:11,
10.12.2022,29.,CHANCE LIGA,VSE – PCE,3:2,1,0,1,1,2,22:10,
7.12.2022,28.,CHANCE LIGA,PCE – LTM,4:1,0,1,1,1,0,19:42,
5.12.2022,27.,CHANCE LIGA,SOK – PCE,5:3,0,1,1,0,0,22:35,
3.12.2022,26.,CHANCE LIGA,SUM – PCE,4:3,0,1,1,0,4,21:24,
30.11.2022,25.,CHANCE LIGA,PCE – JIH,2:4,0,0,0,-1,2,19:32,
26.11.2022,24.,CHANCE LIGA,PRO – SLA,3:4,0,1,1,-1,2,22:46,
23.11.2022,23.,CHANCE LIGA,SLA – ZLN,2:4,1,0,1,1,,16:43,
4.11.2022,18.,Tipsport extraliga,LIB – MBL,6:2,0,0,0,0,2,08:53,
28.10.2022,15.,Tipsport extraliga,MBL – OLO,2:3,0,0,0,-2,0,11:31,
23.10.2022,14.,Tipsport extraliga,SPA – MBL,3:2,0,1,1,0,0,11:36,
21.10.2022,13.,Tipsport extraliga,MBL – TRI,2:3,0,0,0,0,0,12:34,
18.10.2022,12.,Tipsport extraliga,PLZ – MBL,1:2,0,0,0,0,2,13:52,
12.10.2022,11.,CHANCE LIGA,SLA – PRO,2:4,0,0,0,-1,0,17:39,
5.10.2022,8.,CHANCE LIGA,FRM – SLA,7:2,0,0,0,-2,4,16:21,
1.10.2022,7.,CHANCE LIGA,SLA – POR,3:2,1,0,1,0,0,22:59,
24.9.2022,4.,CHANCE LIGA,SLA – LTM,2:4,0,0,0,0,0,19:01,
21.9.2022,3.,CHANCE LIGA,PRE – SLA,3:2,0,0,0,0,,23:47,
