datum,kolo,soutěž,zápas,skóre,G,A,B,+-,TM,TOI,
26.2.2023,50.,Tipsport extraliga,KOM – OLO,1:0,0,0,0,0,0,03:16,
24.2.2023,49.,Tipsport extraliga,OLO – MHK,0:4,0,0,0,-3,0,13:15,
19.2.2023,47.,DHL ELJ,OLO – VIT,3:6,0,1,1,-2,2,-,
18.2.2023,18.,ELD – o účast v play off,OLO – JIH,5:2,0,1,1,3,0,-,
17.2.2023,17.,ELD – o účast v play off,OLO – HBR,1:2,0,1,1,1,0,-,
12.2.2023,,Turnaj čtyř ve Finsku – 18,CZE – USA,1:9,0,1,1,0,,-,
11.2.2023,,Turnaj čtyř ve Finsku – 18,SWE – CZE,3:1,0,0,0,0,,-,
10.2.2023,,Turnaj čtyř ve Finsku – 18,FIN – CZE,4:2,0,0,0,0,2,-,
4.2.2023,16.,ELD – o účast v play off,PRE – OLO,2:1,0,0,0,1,0,-,
31.1.2023,8.,ELD – o účast v play off,CEB – OLO,4:6,0,2,2,2,4,-,
28.1.2023,44.,DHL ELJ,OLO – MBL,2:3,0,1,1,-1,0,-,
27.1.2023,43.,DHL ELJ,OLO – LIB,1:4,0,1,1,-2,0,-,
21.1.2023,14.,ELD – o účast v play off,OLO – HVP,5:0,1,1,2,2,2,-,
20.1.2023,13.,ELD – o účast v play off,OLO – KLA,2:1,0,3,3,3,0,-,
17.1.2023,30.,DHL ELJ,MBL – OLO,3:2,0,0,0,0,0,-,
14.1.2023,12.,ELD – o účast v play off,OLO – SUM,6:2,0,4,4,5,0,-,
12.1.2023,11.,ELD – o účast v play off,SUM – OLO,5:0,0,0,0,-3,0,-,
8.1.2023,37.,DHL ELJ,OLO – MHK,3:2,1,0,1,1,0,-,
7.1.2023,10.,ELD – o účast v play off,OLO – LIT,4:3,0,3,3,1,0,-,
6.1.2023,9.,ELD – o účast v play off,OLO – CHM,3:5,1,1,2,-1,0,-,
3.1.2023,36.,DHL ELJ,OLO – PLZ,1:5,0,0,0,-1,0,-,
2.1.2023,35.,DHL ELJ,OLO – SPA,0:3,0,0,0,0,0,-,
29.12.2022,,Reprezentace 17 – příp.,FIN – CZE,5:2,0,1,1,0,,-,
28.12.2022,,Reprezentace 17 – příp.,FIN – CZE,2:3,0,1,1,0,,-,
27.12.2022,,Reprezentace 17 – příp.,FIN – CZE,1:2,0,0,0,0,2,-,
22.12.2022,30.,Tipsport extraliga,KVA – OLO,0:3,0,0,0,0,2,13:07,
19.12.2022,34.,DHL ELJ,TRI – OLO,2:3,0,0,0,0,0,-,
18.12.2022,33.,DHL ELJ,VIT – OLO,2:3,0,3,3,2,0,-,
16.12.2022,7.,ELD – o účast v play off,TAB – OLO,1:5,0,1,1,2,0,-,
14.12.2022,32.,DHL ELJ,OLO – LIT,4:3,0,1,1,1,0,-,
13.12.2022,31.,DHL ELJ,OLO – KVA,0:3,0,0,0,0,0,-,
3.12.2022,4.,ELD – o účast v play off,OLO – PRE,3:0,0,0,0,0,0,-,
2.12.2022,3.,ELD – o účast v play off,OLO – KOM,3:1,1,1,2,2,0,-,
22.10.2022,16.,DHL ELJ,OLO – MBL,2:3,0,0,0,-2,0,-,
21.10.2022,15.,DHL ELJ,OLO – LIB,5:3,0,2,2,2,0,-,
15.10.2022,14.,DHL ELJ,OLO – KOM,0:1,0,0,0,-1,0,-,
14.10.2022,13.,DHL ELJ,OLO – JIH,1:7,0,0,0,-2,4,-,
8.10.2022,12.,DHL ELJ,OLO – ZLN,3:6,0,0,0,-2,0,-,
6.10.2022,7.,ELD – C,OLO – KOM,0:4,0,0,0,-1,0,-,
4.10.2022,2.,DHL ELJ,MBL – OLO,6:1,0,0,0,-2,,-,
1.10.2022,6.,ELD – C,ZLN – OLO,5:4,0,1,1,2,0,-,
30.9.2022,9.,DHL ELJ,OLO – MHK,4:2,0,0,0,0,0,-,
29.9.2022,5.,ELD – C,OLO – TRI,1:7,0,0,0,0,0,-,
24.9.2022,4.,ELD – C,SUM – OLO,2:1,0,0,0,-1,0,-,
23.9.2022,7.,DHL ELJ,OLO – SPA,2:1,0,0,0,-1,0,-,
22.9.2022,3.,ELD – C,OLO – PRE,3:0,1,1,2,1,0,-,
17.9.2022,2.,ELD – C,POR – OLO,5:1,0,0,0,-2,2,-,
15.9.2022,1.,ELD – C,VIT – OLO,4:3,1,1,2,0,0,-,
10.9.2022,4.,DHL ELJ,OLO – LIT,2:3,0,1,1,1,0,-,
9.9.2022,3.,DHL ELJ,OLO – KVA,3:7,0,0,0,-2,0,-,
2.9.2022,1.,DHL ELJ,LIB – OLO,3:2,0,0,0,-2,0,-,
14.8.2022,,Turnaj pěti v Colorado Springs – 17,USA – CZE,4:6,0,1,1,0,,-,
12.8.2022,,Turnaj pěti v Colorado Springs – 17,CZE – GER,4:1,0,0,0,0,,-,
12.8.2022,,Turnaj pěti v Colorado Springs – 17,CZE – SVK,7:1,0,0,0,0,,-,
9.8.2022,,Turnaj pěti v Colorado Springs – 17,CZE – SUI,5:4,0,1,1,0,,-,
30.7.2022,,Reprezentace 17 – příp.,SUI – CZE,4:3,0,0,0,0,,-,
29.7.2022,,Reprezentace 17 – příp.,SUI – CZE,2:3,0,0,0,0,,-,
28.7.2022,,Reprezentace 17 – příp.,SUI – CZE,0:4,0,1,1,0,,-,
