datum,kolo,soutěž,zápas,skóre,G,A,B,+-,TM,TOI,
26.2.2023,50.,Tipsport extraliga,MHK – MBL,3:2,0,0,0,1,0,10:29,
24.2.2023,49.,Tipsport extraliga,MBL – LIT,1:2,1,0,1,1,0,15:31,
19.2.2023,48.,Tipsport extraliga,KOM – MBL,1:4,0,0,0,0,0,14:48,
15.2.2023,47.,CHANCE LIGA,SLA – FRM,4:1,1,1,2,0,0,17:47,
13.2.2023,46.,CHANCE LIGA,POR – SLA,5:4,0,2,2,2,0,19:08,
5.2.2023,45.,Tipsport extraliga,MBL – VIT,2:3,0,0,0,-1,0,11:17,
25.1.2023,41.,CHANCE LIGA,SOK – SLA,3:5,0,1,1,-1,0,19:38,
22.1.2023,40.,Tipsport extraliga,SPA – MBL,4:1,0,0,0,0,0,09:58,
20.1.2023,39.,Tipsport extraliga,MBL – TRI,1:0,0,0,0,0,2,13:06,
18.1.2023,39.,CHANCE LIGA,SLA – JIH,3:2,0,0,0,-1,0,19:10,
17.1.2023,19.,Tipsport extraliga,MBL – VIT,3:2,0,0,0,0,0,09:37,
14.1.2023,38.,CHANCE LIGA,VSE – SLA,2:5,0,1,1,-1,0,17:32,
11.1.2023,37.,CHANCE LIGA,SLA – PRO,5:0,2,0,2,1,0,17:45,
9.1.2023,36.,CHANCE LIGA,ZLN – SLA,0:4,0,1,1,0,2,16:52,
7.1.2023,35.,CHANCE LIGA,SLA – SUM,7:2,1,1,2,0,2,13:27,
3.1.2023,34.,Tipsport extraliga,KVA – MBL,4:1,0,0,0,-2,0,14:14,
28.12.2022,32.,Tipsport extraliga,VIT – MBL,5:2,0,0,0,0,0,08:16,
26.12.2022,31.,Tipsport extraliga,MBL – LIB,3:7,0,0,0,-1,0,15:14,
22.12.2022,30.,Tipsport extraliga,PCE – MBL,2:1,0,0,0,-1,0,11:29,
20.12.2022,29.,Tipsport extraliga,MBL – CEB,2:1,0,0,0,0,0,19:21,
11.12.2022,28.,Tipsport extraliga,OLO – MBL,2:0,0,0,0,0,0,14:40,
9.12.2022,27.,Tipsport extraliga,MBL – SPA,1:2,0,0,0,0,0,11:50,
5.12.2022,27.,CHANCE LIGA,TRE – SLA,4:3,0,1,1,0,2,20:27,
3.12.2022,26.,CHANCE LIGA,JIH – SLA,5:2,0,0,0,-2,0,20:42,
30.11.2022,25.,CHANCE LIGA,SLA – VSE,4:5,0,0,0,1,,21:33,
23.11.2022,23.,CHANCE LIGA,SLA – ZLN,2:4,0,1,1,0,,19:38,
4.11.2022,18.,Tipsport extraliga,LIB – MBL,6:2,0,0,0,-1,0,08:06,
1.11.2022,17.,Tipsport extraliga,MBL – PCE,0:1,0,0,0,0,0,11:18,
30.10.2022,16.,Tipsport extraliga,CEB – MBL,3:0,0,0,0,-1,0,14:08,
21.10.2022,13.,Tipsport extraliga,MBL – TRI,2:3,0,0,0,0,0,14:56,
18.10.2022,12.,Tipsport extraliga,PLZ – MBL,1:2,0,0,0,0,2,15:09,
16.10.2022,11.,Tipsport extraliga,MBL – MHK,0:2,0,0,0,-1,4,17:04,
14.10.2022,10.,Tipsport extraliga,LIT – MBL,3:4,0,0,0,0,2,11:51,
9.10.2022,9.,Tipsport extraliga,MBL – KOM,3:2,0,1,1,1,0,13:36,
27.9.2022,5.,Tipsport extraliga,MBL – LIB,2:1,0,0,0,0,2,15:39,
25.9.2022,4.,Tipsport extraliga,PCE – MBL,2:3,0,0,0,1,0,14:21,
23.9.2022,3.,Tipsport extraliga,MBL – CEB,5:1,0,0,0,1,0,16:43,
18.9.2022,2.,Tipsport extraliga,OLO – MBL,2:1,0,0,0,-1,0,16:49,
16.9.2022,1.,Tipsport extraliga,MBL – SPA,4:2,1,0,1,2,2,16:46,
