datum,kolo,soutěž,zápas,skóre,G,A,B,+-,TM,TOI,
19.2.2023,48.,Tipsport extraliga,KOM – MBL,1:4,0,2,2,2,0,16:49,
17.2.2023,47.,Tipsport extraliga,MBL – KVA,0:2,0,0,0,0,0,17:08,
15.2.2023,46.,Tipsport extraliga,KLA – MBL,2:1,0,0,0,0,22,19:12,
5.2.2023,45.,Tipsport extraliga,MBL – VIT,2:3,0,0,0,0,0,17:15,
3.2.2023,44.,Tipsport extraliga,LIB – MBL,4:3,1,1,2,-1,0,14:32,
13.1.2023,37.,Tipsport extraliga,MBL – MHK,3:2,1,0,1,0,0,21:43,
8.1.2023,36.,Tipsport extraliga,LIT – MBL,4:3,0,1,1,2,0,20:25,
6.1.2023,35.,Tipsport extraliga,MBL – KOM,7:3,1,1,2,2,0,18:00,
3.1.2023,34.,Tipsport extraliga,KVA – MBL,4:1,0,0,0,-1,0,14:57,
30.12.2022,33.,Tipsport extraliga,MBL – KLA,1:2,0,0,0,0,0,19:50,
28.12.2022,32.,Tipsport extraliga,VIT – MBL,5:2,0,0,0,-1,2,13:59,
26.12.2022,31.,Tipsport extraliga,MBL – LIB,3:7,0,0,0,-1,0,06:22,
22.12.2022,30.,Tipsport extraliga,PCE – MBL,2:1,0,0,0,1,0,23:42,
20.12.2022,29.,Tipsport extraliga,MBL – CEB,2:1,1,1,2,1,0,21:41,
11.12.2022,28.,Tipsport extraliga,OLO – MBL,2:0,0,0,0,0,5,17:15,
9.12.2022,27.,Tipsport extraliga,MBL – SPA,1:2,0,0,0,-1,2,15:14,
4.12.2022,26.,Tipsport extraliga,TRI – MBL,3:0,0,0,0,-1,0,17:23,
1.12.2022,25.,Tipsport extraliga,MBL – PLZ,0:1,0,0,0,0,0,19:06,
29.11.2022,24.,Tipsport extraliga,MHK – MBL,0:2,0,0,0,1,0,18:55,
27.11.2022,23.,Tipsport extraliga,MBL – LIT,6:4,1,0,1,-2,0,14:24,
25.11.2022,22.,Tipsport extraliga,KOM – MBL,1:3,0,1,1,1,0,16:01,
20.11.2022,21.,Tipsport extraliga,KVA – MBL,4:3,0,0,0,-1,2,15:37,
18.11.2022,20.,Tipsport extraliga,KLA – MBL,1:2,0,0,0,0,0,13:12,
30.10.2022,16.,Tipsport extraliga,CEB – MBL,3:0,0,0,0,0,2,11:23,
28.10.2022,15.,Tipsport extraliga,MBL – OLO,2:3,0,0,0,-1,0,20:21,
23.10.2022,14.,Tipsport extraliga,SPA – MBL,3:2,0,0,0,-1,0,20:50,
21.10.2022,13.,Tipsport extraliga,MBL – TRI,2:3,0,0,0,0,0,17:17,
18.10.2022,12.,Tipsport extraliga,PLZ – MBL,1:2,0,0,0,-1,0,21:45,
16.10.2022,11.,Tipsport extraliga,MBL – MHK,0:2,0,0,0,-1,0,21:48,
14.10.2022,10.,Tipsport extraliga,LIT – MBL,3:4,0,0,0,0,0,14:49,
9.10.2022,9.,Tipsport extraliga,MBL – KOM,3:2,0,0,0,-1,0,18:00,
6.10.2022,8.,Tipsport extraliga,MBL – KVA,0:1,0,0,0,0,0,19:55,
2.10.2022,7.,Tipsport extraliga,MBL – KLA,4:0,1,1,2,2,0,16:53,
29.9.2022,6.,Tipsport extraliga,VIT – MBL,4:0,0,0,0,-1,0,18:56,
27.9.2022,5.,Tipsport extraliga,MBL – LIB,2:1,1,0,1,0,0,19:15,
25.9.2022,4.,Tipsport extraliga,PCE – MBL,2:3,0,0,0,-1,0,18:21,
23.9.2022,3.,Tipsport extraliga,MBL – CEB,5:1,0,0,0,0,0,20:10,
18.9.2022,2.,Tipsport extraliga,OLO – MBL,2:1,0,0,0,-1,2,19:24,
16.9.2022,1.,Tipsport extraliga,MBL – SPA,4:2,1,0,1,1,2,16:38,
