datum,kolo,soutěž,zápas,skóre,G,A,B,+-,TM,TOI,
26.2.2023,50.,Tipsport extraliga,SPA – TRI,3:1,0,0,0,-1,0,06:28,
24.2.2023,49.,Tipsport extraliga,PLZ – TRI,4:5,0,0,0,1,0,21:24,
19.2.2023,48.,Tipsport extraliga,LIT – TRI,4:3,1,0,1,-1,2,15:18,
17.2.2023,47.,Tipsport extraliga,TRI – MHK,1:2,0,0,0,-1,0,22:35,
15.2.2023,46.,Tipsport extraliga,LIB – TRI,3:2,0,1,1,0,0,20:45,
13.2.2023,8.,Tipsport extraliga,MHK – TRI,4:3,0,0,0,-2,2,21:49,
5.2.2023,45.,Tipsport extraliga,TRI – KLA,5:4,1,2,3,2,4,22:53,
3.2.2023,44.,Tipsport extraliga,KOM – TRI,5:1,0,0,0,1,2,19:58,
31.1.2023,43.,Tipsport extraliga,VIT – TRI,1:2,0,0,0,0,0,24:57,
13.1.2023,18.,Tipsport extraliga,TRI – KOM,6:1,0,1,1,-1,2,20:20,
8.1.2023,36.,Tipsport extraliga,TRI – PLZ,6:1,0,2,2,2,0,18:23,
6.1.2023,35.,Tipsport extraliga,TRI – LIT,3:2,0,0,0,0,2,23:18,
3.1.2023,34.,Tipsport extraliga,MHK – TRI,2:3,0,0,0,1,0,21:54,
30.12.2022,33.,Tipsport extraliga,TRI – LIB,6:3,0,1,1,0,0,18:45,
28.12.2022,32.,Tipsport extraliga,KLA – TRI,4:3,0,0,0,-1,2,18:53,
26.12.2022,31.,Tipsport extraliga,TRI – KOM,7:2,1,2,3,2,2,16:12,
22.12.2022,30.,Tipsport extraliga,VIT – TRI,1:2,0,0,0,0,0,21:54,
20.12.2022,29.,Tipsport extraliga,TRI – KVA,4:2,0,1,1,0,0,20:49,
11.12.2022,28.,Tipsport extraliga,PCE – TRI,0:3,0,0,0,0,0,20:15,
9.12.2022,27.,Tipsport extraliga,TRI – CEB,2:3,1,1,2,1,2,21:34,
27.11.2022,23.,Tipsport extraliga,PLZ – TRI,2:1,0,1,1,0,0,20:13,
25.11.2022,22.,Tipsport extraliga,LIT – TRI,1:2,1,1,2,0,2,22:33,
22.11.2022,12.,Tipsport extraliga,TRI – OLO,2:3,0,0,0,1,2,20:22,
20.11.2022,21.,Tipsport extraliga,TRI – MHK,4:1,0,2,2,2,2,20:29,
18.11.2022,20.,Tipsport extraliga,LIB – TRI,1:4,0,1,1,0,2,16:29,
16.11.2022,37.,Tipsport extraliga,TRI – SPA,2:1,0,0,0,0,0,18:36,
27.10.2022,15.,Tipsport extraliga,TRI – PCE,2:3,0,0,0,0,0,21:18,
23.10.2022,14.,Tipsport extraliga,CEB – TRI,3:2,1,0,1,-1,0,22:24,
21.10.2022,13.,Tipsport extraliga,MBL – TRI,2:3,0,1,1,0,0,21:29,
16.10.2022,11.,Tipsport extraliga,TRI – SPA,4:2,1,0,1,1,2,23:47,
14.10.2022,10.,Tipsport extraliga,TRI – PLZ,3:2,1,0,1,0,4,21:24,
9.10.2022,9.,Tipsport extraliga,TRI – LIT,4:1,0,0,0,1,0,21:49,
2.10.2022,7.,Tipsport extraliga,TRI – LIB,3:4,0,0,0,-1,2,21:44,
29.9.2022,6.,Tipsport extraliga,KLA – TRI,1:2,0,1,1,0,0,21:06,
27.9.2022,5.,Tipsport extraliga,KOM – TRI,2:4,0,0,0,0,0,23:57,
25.9.2022,4.,Tipsport extraliga,TRI – VIT,3:5,0,0,0,0,2,20:39,
23.9.2022,3.,Tipsport extraliga,TRI – KVA,1:2,0,1,1,1,4,22:02,
18.9.2022,2.,Tipsport extraliga,PCE – TRI,4:3,1,1,2,1,0,20:00,
16.9.2022,1.,Tipsport extraliga,TRI – CEB,0:2,0,0,0,-1,0,21:02,
