datum,kolo,soutěž,zápas,skóre,G,A,B,+-,TM,TOI,
26.2.2023,50.,Tipsport extraliga,KVA – CEB,5:1,0,0,0,0,0,09:54,
24.2.2023,49.,Tipsport extraliga,VIT – KVA,6:1,0,0,0,0,2,16:22,
19.2.2023,48.,Tipsport extraliga,KVA – PCE,0:5,0,0,0,-2,0,16:53,
17.2.2023,47.,Tipsport extraliga,MBL – KVA,0:2,0,0,0,0,0,15:23,
5.2.2023,45.,Tipsport extraliga,LIT – KVA,1:2,0,1,1,0,2,17:46,
3.2.2023,44.,Tipsport extraliga,KVA – PLZ,3:1,0,1,1,1,0,15:09,
31.1.2023,33.,Tipsport extraliga,SPA – KVA,6:3,0,0,0,-1,0,16:27,
29.1.2023,43.,Tipsport extraliga,OLO – KVA,3:4,0,1,1,-1,0,17:14,
27.1.2023,42.,Tipsport extraliga,KVA – TRI,4:1,0,0,0,0,0,18:53,
24.1.2023,41.,Tipsport extraliga,MHK – KVA,3:0,0,0,0,0,0,10:06,
22.1.2023,40.,Tipsport extraliga,KVA – KOM,5:4,0,0,0,-2,0,14:32,
20.1.2023,39.,Tipsport extraliga,KVA – KLA,4:2,0,1,1,1,2,14:48,
13.1.2023,37.,Tipsport extraliga,CEB – KVA,2:4,1,0,1,1,2,13:10,
8.1.2023,36.,Tipsport extraliga,KVA – VIT,1:3,0,1,1,0,0,18:14,
6.1.2023,35.,Tipsport extraliga,PCE – KVA,7:4,0,1,1,-3,2,19:02,
3.1.2023,34.,Tipsport extraliga,KVA – MBL,4:1,0,1,1,1,0,15:18,
28.12.2022,32.,Tipsport extraliga,KVA – LIT,3:0,0,0,0,0,0,16:18,
26.12.2022,31.,Tipsport extraliga,PLZ – KVA,1:0,0,0,0,0,0,18:04,
22.12.2022,30.,Tipsport extraliga,KVA – OLO,0:3,0,0,0,0,0,16:37,
20.12.2022,29.,Tipsport extraliga,TRI – KVA,4:2,0,0,0,-3,0,17:29,
11.12.2022,28.,Tipsport extraliga,KVA – MHK,1:4,0,0,0,0,0,20:10,
9.12.2022,27.,Tipsport extraliga,KOM – KVA,2:3,0,1,1,1,0,19:41,
4.12.2022,26.,Tipsport extraliga,KLA – KVA,4:1,0,1,1,-1,0,22:16,
2.12.2022,25.,Tipsport extraliga,KVA – LIB,0:2,0,0,0,-1,0,19:27,
29.11.2022,24.,Tipsport extraliga,CEB – KVA,0:3,0,0,0,0,0,19:25,
27.11.2022,23.,Tipsport extraliga,VIT – KVA,4:2,0,2,2,1,0,18:52,
25.11.2022,22.,Tipsport extraliga,KVA – PCE,1:3,0,0,0,0,0,18:42,
20.11.2022,21.,Tipsport extraliga,KVA – MBL,4:3,0,2,2,-2,0,19:20,
18.11.2022,20.,Tipsport extraliga,KVA – SPA,1:5,0,0,0,0,0,18:59,
15.11.2022,4.,Tipsport extraliga,KVA – OLO,3:2,0,0,0,0,0,16:10,
6.11.2022,19.,Tipsport extraliga,LIT – KVA,5:3,0,2,2,-1,0,18:15,
4.11.2022,18.,Tipsport extraliga,KVA – PLZ,4:5,0,0,0,-1,0,20:59,
1.11.2022,17.,Tipsport extraliga,OLO – KVA,2:0,0,0,0,-1,2,20:26,
30.10.2022,16.,Tipsport extraliga,KVA – TRI,2:6,0,0,0,-2,0,18:01,
28.10.2022,15.,Tipsport extraliga,MHK – KVA,1:2,1,0,1,1,2,16:31,
23.10.2022,14.,Tipsport extraliga,KVA – KOM,2:3,1,1,2,2,0,20:37,
21.10.2022,13.,Tipsport extraliga,KVA – KLA,4:3,0,2,2,2,0,20:01,
18.10.2022,12.,Tipsport extraliga,LIB – KVA,3:4,1,1,2,1,0,20:10,
16.10.2022,11.,Tipsport extraliga,KVA – CEB,4:3,0,1,1,0,2,16:18,
14.10.2022,10.,Tipsport extraliga,KVA – VIT,4:5,0,1,1,-3,0,20:23,
9.10.2022,9.,Tipsport extraliga,PCE – KVA,2:4,0,0,0,-1,2,19:36,
6.10.2022,8.,Tipsport extraliga,MBL – KVA,0:1,0,0,0,0,0,17:53,
4.10.2022,6.,Tipsport extraliga,KVA – LIT,1:4,0,0,0,0,2,19:09,
2.10.2022,7.,Tipsport extraliga,SPA – KVA,4:5,1,1,2,0,0,16:22,
27.9.2022,5.,Tipsport extraliga,PLZ – KVA,6:3,1,0,1,-1,0,19:17,
23.9.2022,3.,Tipsport extraliga,TRI – KVA,1:2,0,1,1,0,0,17:37,
18.9.2022,2.,Tipsport extraliga,KVA – MHK,2:3,0,0,0,0,2,19:27,
15.9.2022,1.,Tipsport extraliga,KOM – KVA,6:1,0,0,0,-1,0,18:29,
