datum,kolo,soutěž,zápas,skóre,G,A,B,+-,TM,TOI,
25.2.2023,50.,CHANCE LIGA,SOK – LTM,3:4,0,0,0,-1,0,18:20,
22.2.2023,49.,CHANCE LIGA,TRE – SOK,3:1,0,0,0,0,0,13:01,
20.2.2023,47.,CHANCE LIGA,SOK – JIH,1:2,0,1,1,-1,2,18:24,
18.2.2023,48.,CHANCE LIGA,SOK – PRO,4:2,0,2,2,1,2,16:28,
13.2.2023,46.,CHANCE LIGA,VSE – SOK,4:3,0,1,1,0,2,21:38,
11.2.2023,24.,CHANCE LIGA,SOK – LTM,6:4,0,0,0,-2,0,16:55,
4.2.2023,45.,CHANCE LIGA,SOK – POR,6:7,0,2,2,0,0,19:19,
1.2.2023,44.,CHANCE LIGA,ZLN – SOK,5:0,0,0,0,0,0,17:37,
30.1.2023,43.,CHANCE LIGA,SOK – FRM,2:1,0,0,0,0,0,14:05,
25.1.2023,41.,CHANCE LIGA,SOK – SLA,3:5,0,0,0,0,0,17:37,
21.1.2023,40.,CHANCE LIGA,PCE – SOK,2:4,0,0,0,0,0,16:26,
20.1.2023,39.,Tipsport extraliga,SPA – KOM,5:3,0,0,0,0,0,04:53,
17.1.2023,21.,Tipsport extraliga,SPA – CEB,5:0,0,0,0,0,0,09:03,
15.1.2023,38.,Tipsport extraliga,MHK – SPA,3:4,0,0,0,1,0,12:24,
10.1.2023,32.,Tipsport extraliga,PCE – SPA,0:3,0,0,0,0,0,12:53,
8.1.2023,36.,Tipsport extraliga,SPA – KLA,4:0,0,0,0,1,0,14:16,
6.1.2023,35.,Tipsport extraliga,SPA – LIB,2:5,0,0,0,0,0,02:59,
3.1.2023,34.,Tipsport extraliga,SPA – CEB,5:3,0,0,0,1,0,12:30,
22.12.2022,30.,Tipsport extraliga,SPA – PLZ,3:0,0,0,0,0,0,03:52,
21.12.2022,31.,CHANCE LIGA,SOK – ZLN,4:3,0,1,1,0,2,17:18,
12.12.2022,12.,CHANCE LIGA,SOK – KOL,0:5,0,1,1,2,0,20:46,
10.12.2022,29.,CHANCE LIGA,SOK – SUM,2:1,0,0,0,-1,0,14:00,
7.12.2022,28.,CHANCE LIGA,SLA – SOK,3:1,0,0,0,-1,0,18:36,
5.12.2022,27.,CHANCE LIGA,SOK – PCE,5:3,1,0,1,-1,0,18:33,
3.12.2022,26.,CHANCE LIGA,SOK – PRE,2:1,0,0,0,0,0,15:50,
30.11.2022,25.,CHANCE LIGA,KOL – SOK,4:0,0,0,0,0,,12:44,
23.11.2022,23.,CHANCE LIGA,TRE – SOK,3:2,0,0,0,0,,20:10,
19.11.2022,22.,CHANCE LIGA,SOK – PRO,3:1,0,0,0,0,,14:32,
16.11.2022,21.,CHANCE LIGA,SOK – JIH,1:2,0,0,0,0,0,15:34,
14.11.2022,20.,CHANCE LIGA,SOK – VSE,3:2,0,1,1,1,2,14:35,
3.11.2022,19.,CHANCE LIGA,POR – SOK,5:1,1,0,1,0,2,17:31,
2.11.2022,18.,CHANCE LIGA,ZLN – SOK,3:0,0,0,0,0,0,18:23,
29.10.2022,17.,CHANCE LIGA,SOK – FRM,1:3,0,0,0,0,0,15:39,
26.10.2022,16.,CHANCE LIGA,SUM – SOK,4:3,0,0,0,-2,0,12:44,
24.10.2022,15.,CHANCE LIGA,SOK – SLA,2:3,0,0,0,0,0,16:48,
22.10.2022,14.,CHANCE LIGA,PCE – SOK,3:4,0,0,0,-1,0,16:09,
19.10.2022,13.,CHANCE LIGA,PRE – SOK,3:2,0,0,0,0,2,10:54,
12.10.2022,11.,CHANCE LIGA,LTM – SOK,3:5,0,0,0,2,2,12:45,
8.10.2022,9.,CHANCE LIGA,PRO – SOK,5:2,0,0,0,0,0,12:53,
5.10.2022,8.,CHANCE LIGA,JIH – SOK,2:3,0,0,0,1,2,09:17,
30.9.2022,6.,CHANCE LIGA,SOK – POR,2:4,0,0,0,-1,,09:17,
26.9.2022,5.,CHANCE LIGA,SOK – ZLN,2:1,0,0,0,0,,10:38,
24.9.2022,4.,CHANCE LIGA,FRM – SOK,1:2,0,0,0,-1,0,10:01,
21.9.2022,3.,CHANCE LIGA,SOK – SUM,4:5,1,1,2,0,0,11:10,
17.9.2022,2.,CHANCE LIGA,SLA – SOK,4:3,0,0,0,-1,0,14:02,
14.9.2022,1.,CHANCE LIGA,SOK – PCE,2:5,0,0,0,1,,10:28,
