datum,kolo,soutěž,zápas,skóre,G,A,B,+-,TM,TOI,
24.2.2023,49.,Tipsport extraliga,PCE – KOM,1:3,0,0,0,-1,2,19:06,
19.2.2023,48.,Tipsport extraliga,KVA – PCE,0:5,0,0,0,2,0,17:58,
17.2.2023,47.,Tipsport extraliga,PCE – VIT,1:4,0,1,1,-1,4,16:22,
15.2.2023,46.,Tipsport extraliga,CEB – PCE,3:7,0,2,2,2,0,16:18,
5.2.2023,45.,Tipsport extraliga,SPA – PCE,4:2,0,1,1,1,2,17:56,
3.2.2023,44.,Tipsport extraliga,PCE – OLO,4:1,0,0,0,0,0,17:11,
29.1.2023,43.,Tipsport extraliga,MBL – PCE,3:5,0,0,0,-2,0,16:59,
26.1.2023,42.,Tipsport extraliga,PCE – PLZ,4:3,0,1,1,0,0,16:26,
24.1.2023,41.,Tipsport extraliga,TRI – PCE,0:4,0,0,0,2,2,14:32,
22.1.2023,40.,Tipsport extraliga,PCE – KLA,4:2,0,0,0,-1,0,16:11,
20.1.2023,39.,Tipsport extraliga,PCE – MHK,4:1,0,1,1,0,2,19:02,
18.1.2023,27.,Tipsport extraliga,KLA – PCE,1:4,0,1,1,1,0,17:45,
15.1.2023,38.,Tipsport extraliga,LIT – PCE,1:2,0,0,0,0,4,13:35,
13.1.2023,37.,Tipsport extraliga,LIB – PCE,3:4,0,0,0,0,0,21:13,
10.1.2023,32.,Tipsport extraliga,PCE – SPA,0:3,0,0,0,-1,2,20:52,
8.1.2023,36.,Tipsport extraliga,KOM – PCE,1:4,1,1,2,1,2,18:43,
6.1.2023,35.,Tipsport extraliga,PCE – KVA,7:4,1,1,2,1,0,20:01,
3.1.2023,34.,Tipsport extraliga,VIT – PCE,2:3,0,0,0,1,0,18:59,
30.12.2022,33.,Tipsport extraliga,PCE – CEB,4:1,0,0,0,1,0,20:55,
26.12.2022,31.,Tipsport extraliga,OLO – PCE,3:2,0,0,0,0,2,21:00,
22.12.2022,30.,Tipsport extraliga,PCE – MBL,2:1,0,0,0,0,2,20:20,
20.12.2022,29.,Tipsport extraliga,PLZ – PCE,0:2,0,0,0,0,0,18:27,
18.12.2022,,Swiss Ice Hockey Games 2022,CZE – SWE,0:4,0,0,0,0,0,-,
17.12.2022,,Swiss Ice Hockey Games 2022,SUI – CZE,1:2,0,0,0,0,2,-,
15.12.2022,,Swiss Ice Hockey Games 2022,FIN – CZE,2:3,0,0,0,0,0,-,
11.12.2022,28.,Tipsport extraliga,PCE – TRI,0:3,0,0,0,-1,0,18:13,
6.12.2022,25.,Tipsport extraliga,PCE – LIT,1:0,0,0,0,0,2,21:00,
4.12.2022,26.,Tipsport extraliga,MHK – PCE,4:0,0,0,0,-1,0,18:05,
29.11.2022,24.,Tipsport extraliga,PCE – LIB,1:3,0,1,1,-1,2,22:21,
27.11.2022,23.,Tipsport extraliga,PCE – KOM,4:3,0,1,1,2,0,21:07,
25.11.2022,22.,Tipsport extraliga,KVA – PCE,1:3,1,0,1,2,0,22:21,
22.11.2022,21.,Tipsport extraliga,VIT – PCE,4:5,0,1,1,1,0,22:41,
17.11.2022,20.,Tipsport extraliga,CEB – PCE,2:4,2,1,3,2,2,18:31,
6.11.2022,19.,Tipsport extraliga,SPA – PCE,2:3,0,2,2,0,4,21:14,
3.11.2022,18.,Tipsport extraliga,PCE – OLO,3:0,0,2,2,2,0,20:34,
1.11.2022,17.,Tipsport extraliga,MBL – PCE,0:1,0,0,0,0,0,23:13,
21.10.2022,13.,Tipsport extraliga,PCE – MHK,5:2,0,1,1,3,2,12:40,
18.10.2022,12.,Tipsport extraliga,LIT – PCE,0:1,0,0,0,0,2,19:39,
16.10.2022,11.,Tipsport extraliga,PCE – LIB,1:0,0,1,1,1,0,20:28,
13.10.2022,10.,Tipsport extraliga,KOM – PCE,4:3,1,0,1,1,2,23:55,
9.10.2022,9.,Tipsport extraliga,PCE – KVA,2:4,0,0,0,0,2,20:49,
6.10.2022,8.,Tipsport extraliga,PCE – VIT,2:1,1,0,1,1,0,20:42,
2.10.2022,7.,Tipsport extraliga,PCE – CEB,6:1,1,2,3,4,2,20:04,
30.9.2022,6.,Tipsport extraliga,PCE – SPA,2:3,0,0,0,1,2,24:44,
27.9.2022,5.,Tipsport extraliga,OLO – PCE,1:2,0,0,0,0,0,22:08,
25.9.2022,4.,Tipsport extraliga,PCE – MBL,2:3,0,1,1,1,0,19:27,
23.9.2022,3.,Tipsport extraliga,PLZ – PCE,1:4,3,0,3,3,0,17:59,
18.9.2022,2.,Tipsport extraliga,PCE – TRI,4:3,0,1,1,-1,0,22:15,
16.9.2022,1.,Tipsport extraliga,KLA – PCE,4:5,3,0,3,3,0,26:34,
