datum,kolo,soutěž,zápas,skóre,G,A,B,+-,TM,TOI,
27.11.2022,23.,Tipsport extraliga,PCE – KOM,4:3,0,0,0,-1,0,14:12,
25.11.2022,22.,Tipsport extraliga,KOM – MBL,1:3,0,0,0,-2,0,11:15,
22.11.2022,17.,Tipsport extraliga,KOM – LIB,0:5,0,0,0,0,0,15:36,
20.11.2022,21.,Tipsport extraliga,LIT – KOM,5:1,0,1,1,1,0,16:53,
18.11.2022,20.,Tipsport extraliga,KOM – PLZ,3:1,0,0,0,0,0,14:30,
6.11.2022,19.,Tipsport extraliga,MHK – KOM,5:1,0,0,0,0,0,20:00,
30.10.2022,16.,Tipsport extraliga,KLA – KOM,3:5,0,0,0,0,0,15:22,
28.10.2022,15.,Tipsport extraliga,KOM – CEB,3:0,0,0,0,0,0,15:55,
23.10.2022,14.,Tipsport extraliga,KVA – KOM,2:3,0,0,0,0,0,13:44,
21.10.2022,13.,Tipsport extraliga,SPA – KOM,2:3,0,0,0,0,4,15:28,
18.10.2022,12.,Tipsport extraliga,KOM – VIT,2:1,0,1,1,0,0,11:31,
16.10.2022,11.,Tipsport extraliga,OLO – KOM,2:3,0,1,1,0,0,10:06,
13.10.2022,10.,Tipsport extraliga,KOM – PCE,4:3,0,0,0,0,0,15:27,
9.10.2022,9.,Tipsport extraliga,MBL – KOM,3:2,0,1,1,0,0,17:01,
2.10.2022,7.,Tipsport extraliga,PLZ – KOM,3:4,0,1,1,0,0,18:28,
30.9.2022,6.,Tipsport extraliga,KOM – MHK,4:0,0,2,2,2,0,17:50,
