datum,kolo,soutěž,zápas,skóre,G,A,B,+-,TM,TOI,
22.2.2023,49.,Tipsport extraliga,CEB – LIB,3:4,0,0,0,-1,0,19:41,
19.2.2023,48.,Tipsport extraliga,LIB – SPA,2:1,0,0,0,1,2,18:39,
17.2.2023,47.,Tipsport extraliga,OLO – LIB,2:3,0,1,1,-1,0,19:36,
15.2.2023,46.,Tipsport extraliga,LIB – TRI,3:2,1,1,2,2,0,23:18,
5.2.2023,45.,Tipsport extraliga,PLZ – LIB,2:4,0,1,1,-1,2,22:51,
3.2.2023,44.,Tipsport extraliga,LIB – MBL,4:3,0,2,2,0,0,25:18,
29.1.2023,43.,Tipsport extraliga,KOM – LIB,3:0,0,0,0,0,2,25:24,
27.1.2023,42.,Tipsport extraliga,LIB – LIT,5:1,0,0,0,0,0,22:07,
24.1.2023,41.,Tipsport extraliga,KLA – LIB,3:2,1,0,1,1,0,24:02,
22.1.2023,40.,Tipsport extraliga,LIB – MHK,3:1,0,0,0,0,0,19:09,
20.1.2023,39.,Tipsport extraliga,VIT – LIB,2:0,0,0,0,0,0,22:18,
15.1.2023,38.,Tipsport extraliga,LIB – KVA,3:1,0,1,1,-1,0,23:20,
13.1.2023,37.,Tipsport extraliga,LIB – PCE,3:4,0,1,1,-1,0,18:45,
10.1.2023,27.,Tipsport extraliga,MHK – LIB,5:4,0,0,0,-2,0,26:35,
8.1.2023,36.,Tipsport extraliga,LIB – CEB,2:3,0,0,0,0,0,22:38,
6.1.2023,35.,Tipsport extraliga,SPA – LIB,2:5,1,0,1,2,2,22:21,
3.1.2023,34.,Tipsport extraliga,LIB – OLO,6:1,0,1,1,1,0,21:42,
30.12.2022,33.,Tipsport extraliga,TRI – LIB,6:3,0,1,1,-2,0,21:57,
28.12.2022,32.,Tipsport extraliga,LIB – PLZ,2:1,0,1,1,1,0,23:43,
26.12.2022,31.,Tipsport extraliga,MBL – LIB,3:7,0,0,0,-1,0,20:39,
11.12.2022,28.,Tipsport extraliga,LIB – KLA,7:3,1,0,1,2,0,22:18,
6.12.2022,9.,Tipsport extraliga,LIB – SPA,0:1,0,0,0,0,0,26:08,
4.12.2022,26.,Tipsport extraliga,LIB – VIT,2:3,0,0,0,0,2,27:00,
2.12.2022,25.,Tipsport extraliga,KVA – LIB,0:2,0,0,0,1,0,19:24,
29.11.2022,24.,Tipsport extraliga,PCE – LIB,1:3,0,2,2,2,0,24:07,
27.11.2022,23.,Tipsport extraliga,CEB – LIB,4:1,0,0,0,-1,0,19:35,
25.11.2022,22.,Tipsport extraliga,SPA – LIB,3:1,0,0,0,-1,0,23:18,
22.11.2022,17.,Tipsport extraliga,KOM – LIB,0:5,0,1,1,1,0,19:27,
20.11.2022,21.,Tipsport extraliga,OLO – LIB,4:1,0,0,0,1,0,22:19,
18.11.2022,20.,Tipsport extraliga,LIB – TRI,1:4,0,1,1,-2,0,22:55,
6.11.2022,19.,Tipsport extraliga,PLZ – LIB,3:4,1,1,2,1,0,22:39,
4.11.2022,18.,Tipsport extraliga,LIB – MBL,6:2,1,0,1,-1,0,23:24,
30.10.2022,16.,Tipsport extraliga,LIB – LIT,2:3,0,0,0,0,0,21:44,
28.10.2022,15.,Tipsport extraliga,KLA – LIB,3:2,1,0,1,1,0,21:42,
23.10.2022,14.,Tipsport extraliga,LIB – MHK,3:6,0,0,0,-1,0,19:48,
21.10.2022,13.,Tipsport extraliga,VIT – LIB,6:3,1,1,2,0,2,18:08,
18.10.2022,12.,Tipsport extraliga,LIB – KVA,3:4,0,0,0,2,0,23:52,
16.10.2022,11.,Tipsport extraliga,PCE – LIB,1:0,0,0,0,0,2,19:32,
7.10.2022,8.,Tipsport extraliga,LIB – OLO,6:2,0,2,2,0,0,18:28,
4.10.2022,10.,Tipsport extraliga,LIB – CEB,6:1,2,0,2,1,4,21:20,
2.10.2022,7.,Tipsport extraliga,TRI – LIB,3:4,0,1,1,0,2,21:41,
29.9.2022,6.,Tipsport extraliga,LIB – PLZ,2:3,0,0,0,-1,0,22:29,
27.9.2022,5.,Tipsport extraliga,MBL – LIB,2:1,0,0,0,0,0,19:11,
25.9.2022,4.,Tipsport extraliga,LIB – KOM,2:3,0,1,1,-1,0,23:34,
23.9.2022,3.,Tipsport extraliga,LIT – LIB,2:3,0,0,0,1,0,22:51,
18.9.2022,2.,Tipsport extraliga,LIB – KLA,4:3,0,1,1,-1,2,26:42,
16.9.2022,1.,Tipsport extraliga,MHK – LIB,1:2,1,0,1,0,0,23:57,
