datum,kolo,soutěž,zápas,skóre,G,A,B,+-,TM,TOI,
25.2.2023,50.,CHANCE LIGA,JIH – PRE,2:1,0,1,1,0,0,24:07,
22.2.2023,49.,CHANCE LIGA,KOL – JIH,3:4,2,1,3,2,4,24:03,
20.2.2023,47.,CHANCE LIGA,SOK – JIH,1:2,1,0,1,2,0,38:25,
18.2.2023,48.,CHANCE LIGA,JIH – TRE,2:3,0,0,0,0,0,19:51,
13.2.2023,46.,CHANCE LIGA,JIH – LTM,3:2,0,0,0,1,0,18:17,
4.2.2023,45.,CHANCE LIGA,VSE – JIH,2:5,1,2,3,2,0,15:32,
1.2.2023,44.,CHANCE LIGA,JIH – PRO,3:6,0,1,1,-2,0,16:42,
30.1.2023,43.,CHANCE LIGA,JIH – SUM,5:0,1,1,2,2,0,16:59,
28.1.2023,42.,CHANCE LIGA,ZLN – JIH,4:1,0,0,0,-1,4,13:44,
25.1.2023,41.,CHANCE LIGA,JIH – FRM,7:1,1,0,1,0,0,14:22,
24.1.2023,41.,Tipsport extraliga,KOM – CEB,5:2,0,0,0,0,0,04:38,
13.1.2023,37.,Tipsport extraliga,CEB – KVA,2:4,0,0,0,-1,0,02:56,
8.1.2023,36.,Tipsport extraliga,LIB – CEB,2:3,0,0,0,0,0,04:33,
6.1.2023,35.,Tipsport extraliga,CEB – VIT,0:2,0,0,0,0,0,05:55,
3.1.2023,34.,Tipsport extraliga,SPA – CEB,5:3,0,0,0,0,2,08:57,
30.12.2022,33.,Tipsport extraliga,PCE – CEB,4:1,0,0,0,0,2,04:46,
28.12.2022,32.,Tipsport extraliga,CEB – OLO,4:2,0,0,0,0,2,04:48,
26.12.2022,31.,Tipsport extraliga,MHK – CEB,1:4,0,0,0,0,0,05:11,
20.12.2022,29.,Tipsport extraliga,MBL – CEB,2:1,0,0,0,0,0,02:41,
9.12.2022,27.,Tipsport extraliga,TRI – CEB,2:3,0,0,0,0,0,04:05,
4.12.2022,26.,Tipsport extraliga,PLZ – CEB,4:1,0,0,0,0,0,05:06,
2.12.2022,25.,Tipsport extraliga,KLA – CEB,1:6,0,0,0,1,0,08:16,
29.11.2022,24.,Tipsport extraliga,CEB – KVA,0:3,0,0,0,0,0,07:43,
27.11.2022,23.,Tipsport extraliga,CEB – LIB,4:1,0,0,0,-1,2,08:55,
25.11.2022,22.,Tipsport extraliga,VIT – CEB,4:3,0,0,0,0,0,05:30,
17.11.2022,20.,Tipsport extraliga,CEB – PCE,2:4,0,0,0,0,0,09:50,
6.11.2022,19.,Tipsport extraliga,OLO – CEB,3:1,0,0,0,0,0,06:10,
4.11.2022,18.,Tipsport extraliga,CEB – MHK,2:1,0,0,0,0,0,03:26,
1.11.2022,17.,Tipsport extraliga,LIT – CEB,6:4,0,0,0,0,0,13:28,
30.10.2022,16.,Tipsport extraliga,CEB – MBL,3:0,0,0,0,1,0,08:07,
23.10.2022,14.,Tipsport extraliga,CEB – TRI,3:2,0,0,0,0,2,08:26,
20.10.2022,13.,Tipsport extraliga,CEB – PLZ,3:2,0,0,0,0,0,11:12,
18.10.2022,12.,Tipsport extraliga,KLA – CEB,2:1,0,0,0,1,0,11:42,
16.10.2022,11.,Tipsport extraliga,KVA – CEB,4:3,0,0,0,0,0,06:44,
9.10.2022,9.,Tipsport extraliga,CEB – VIT,2:3,0,0,0,0,0,10:17,
7.10.2022,8.,Tipsport extraliga,CEB – SPA,2:3,0,0,0,0,0,11:58,
2.10.2022,7.,Tipsport extraliga,PCE – CEB,6:1,0,0,0,-1,0,10:33,
30.9.2022,6.,Tipsport extraliga,CEB – OLO,1:2,0,0,0,0,0,06:59,
27.9.2022,5.,Tipsport extraliga,MHK – CEB,3:1,0,0,0,-1,0,05:57,
23.9.2022,3.,Tipsport extraliga,MBL – CEB,5:1,0,0,0,-1,2,08:58,
20.9.2022,4.,Tipsport extraliga,CEB – LIT,6:3,0,0,0,0,0,11:07,
18.9.2022,2.,Tipsport extraliga,CEB – KOM,6:2,0,0,0,0,2,11:59,
16.9.2022,1.,Tipsport extraliga,TRI – CEB,0:2,0,0,0,0,0,11:29,
