datum,kolo,soutěž,zápas,skóre,G,A,B,+-,TM,TOI,
26.2.2023,50.,Tipsport extraliga,LIT – PLZ,2:0,0,0,0,0,0,03:45,
24.2.2023,49.,Tipsport extraliga,PLZ – TRI,4:5,0,0,0,0,0,05:13,
17.2.2023,47.,Tipsport extraliga,PLZ – KLA,0:3,0,0,0,-1,0,05:24,
15.2.2023,46.,Tipsport extraliga,KOM – PLZ,3:0,0,0,0,0,0,06:23,
29.1.2023,43.,Tipsport extraliga,PLZ – SPA,4:3,0,0,0,0,0,04:23,
26.1.2023,42.,Tipsport extraliga,PCE – PLZ,4:3,0,0,0,0,0,04:50,
21.1.2023,3.,2. liga – Západ – nadstavba sk. B,KLT – BNJ,5:4,3,0,3,0,0,-,
18.1.2023,2.,2. liga – Západ – nadstavba sk. B,PIS – KLT,4:2,0,0,0,0,0,-,
14.1.2023,1.,2. liga – Západ – nadstavba sk. B,DEC – KLT,3:5,3,0,3,0,0,-,
11.1.2023,30.,2. liga – Západ – z. č.,KLT – CHB,4:0,0,2,2,0,0,-,
8.1.2023,36.,Tipsport extraliga,TRI – PLZ,6:1,0,0,0,-1,0,09:53,
5.1.2023,35.,Tipsport extraliga,PLZ – MHK,0:4,0,0,0,0,0,06:36,
3.1.2023,34.,Tipsport extraliga,KLA – PLZ,3:4,0,1,1,1,0,04:49,
30.12.2022,33.,Tipsport extraliga,PLZ – KOM,5:2,0,0,0,-1,0,02:15,
28.12.2022,32.,Tipsport extraliga,LIB – PLZ,2:1,0,0,0,0,0,05:01,
14.12.2022,25.,2. liga – Západ – z. č.,KLT – PRI,1:5,1,0,1,0,0,-,
11.12.2022,28.,Tipsport extraliga,VIT – PLZ,3:2,0,0,0,0,0,04:31,
9.12.2022,27.,Tipsport extraliga,PLZ – OLO,5:4,0,0,0,0,0,06:57,
7.12.2022,23.,2. liga – Západ – z. č.,PIS – KLT,4:3,0,3,3,0,0,-,
4.12.2022,26.,Tipsport extraliga,PLZ – CEB,4:1,0,0,0,0,0,06:35,
1.12.2022,25.,Tipsport extraliga,MBL – PLZ,0:1,0,0,0,0,0,06:22,
29.11.2022,24.,Tipsport extraliga,LIT – PLZ,2:4,0,0,0,0,0,04:43,
27.11.2022,23.,Tipsport extraliga,PLZ – TRI,2:1,0,0,0,0,0,06:42,
25.11.2022,22.,Tipsport extraliga,MHK – PLZ,1:4,0,0,0,0,0,06:26,
23.11.2022,19.,2. liga – Západ – z. č.,TAB – KLT,5:1,1,0,1,0,0,-,
20.11.2022,21.,Tipsport extraliga,PLZ – KLA,1:2,0,0,0,0,0,02:18,
18.11.2022,20.,Tipsport extraliga,KOM – PLZ,3:1,0,0,0,0,0,06:39,
12.11.2022,16.,2. liga – Západ – z. č.,KLT – BNJ,3:4,1,1,2,0,0,-,
9.11.2022,15.,2. liga – Západ – z. č.,CHB – KLT,4:2,0,2,2,0,2,-,
6.11.2022,19.,Tipsport extraliga,PLZ – LIB,3:4,0,0,0,0,0,05:48,
4.11.2022,18.,Tipsport extraliga,KVA – PLZ,4:5,0,0,0,1,0,08:08,
2.11.2022,17.,Tipsport extraliga,PLZ – SPA,4:0,0,0,0,1,0,12:34,
20.10.2022,13.,Tipsport extraliga,CEB – PLZ,3:2,0,0,0,0,0,14:21,
18.10.2022,12.,Tipsport extraliga,PLZ – MBL,1:2,0,1,1,0,0,15:57,
16.10.2022,11.,Tipsport extraliga,PLZ – LIT,4:3,0,0,0,-1,0,13:06,
14.10.2022,10.,Tipsport extraliga,TRI – PLZ,3:2,0,0,0,0,0,11:22,
9.10.2022,9.,Tipsport extraliga,PLZ – MHK,2:5,0,0,0,-2,0,13:58,
7.10.2022,8.,Tipsport extraliga,KLA – PLZ,0:4,1,0,1,2,0,12:06,
2.10.2022,7.,Tipsport extraliga,PLZ – KOM,3:4,0,0,0,1,0,14:57,
29.9.2022,6.,Tipsport extraliga,LIB – PLZ,2:3,0,0,0,-1,0,09:34,
27.9.2022,5.,Tipsport extraliga,PLZ – KVA,6:3,0,0,0,0,0,12:59,
25.9.2022,4.,Tipsport extraliga,SPA – PLZ,3:2,0,0,0,0,0,10:42,
21.9.2022,1.,2. liga – Západ – z. č.,CHM – KLT,6:2,0,0,0,-1,0,-,
