datum,kolo,soutěž,zápas,skóre,G,A,B,+-,TM,TOI,
26.2.2023,50.,Tipsport extraliga,KLA – VIT,0:1,0,0,0,0,0,06:28,
24.2.2023,49.,Tipsport extraliga,KLA – SPA,3:4,0,0,0,-1,0,10:11,
19.2.2023,48.,Tipsport extraliga,KLA – OLO,4:5,0,0,0,0,0,04:21,
5.2.2023,45.,Tipsport extraliga,TRI – KLA,5:4,0,0,0,-1,0,07:32,
29.1.2023,43.,Tipsport extraliga,MHK – KLA,4:2,0,0,0,1,0,07:03,
27.1.2023,42.,Tipsport extraliga,KLA – KOM,0:3,0,0,0,0,0,06:47,
24.1.2023,41.,Tipsport extraliga,KLA – LIB,3:2,0,0,0,0,2,08:31,
22.1.2023,40.,Tipsport extraliga,PCE – KLA,4:2,0,0,0,-1,0,11:05,
21.1.2023,40.,CHANCE LIGA,PRE – LTM,1:2,0,0,0,0,2,13:48,
14.1.2023,38.,CHANCE LIGA,LTM – TRE,2:1,0,1,1,2,0,17:34,
11.1.2023,37.,CHANCE LIGA,LTM – SOK,4:6,0,0,0,-3,0,16:59,
9.1.2023,36.,CHANCE LIGA,PRO – LTM,3:5,0,0,0,0,0,12:45,
7.1.2023,35.,CHANCE LIGA,LTM – VSE,3:0,1,0,1,1,0,15:50,
4.1.2023,34.,CHANCE LIGA,ZLN – LTM,2:3,0,0,0,0,4,11:08,
27.12.2022,32.,CHANCE LIGA,SUM – LTM,6:3,0,0,0,0,0,12:09,
21.12.2022,31.,CHANCE LIGA,LTM – POR,2:1,0,0,0,0,2,13:38,
10.12.2022,29.,CHANCE LIGA,LTM – KOL,2:1,0,0,0,0,2,18:41,
7.12.2022,28.,CHANCE LIGA,PCE – LTM,4:1,0,0,0,-2,0,13:28,
4.12.2022,27.,CHANCE LIGA,LTM – PRE,2:1,0,0,0,0,2,15:11,
3.12.2022,26.,CHANCE LIGA,LTM – FRM,2:1,0,0,0,0,0,14:27,
30.11.2022,25.,CHANCE LIGA,TRE – LTM,2:4,0,0,0,0,,15:42,
23.11.2022,23.,CHANCE LIGA,LTM – PRO,1:3,0,0,0,-1,,14:36,
19.11.2022,22.,CHANCE LIGA,VSE – LTM,3:4,0,0,0,-1,2,14:39,
16.11.2022,21.,CHANCE LIGA,LTM – ZLN,5:2,0,0,0,0,0,15:39,
14.11.2022,20.,CHANCE LIGA,JIH – LTM,2:5,0,1,1,1,,19:35,
5.11.2022,19.,CHANCE LIGA,LTM – SUM,6:3,0,0,0,-1,0,14:37,
2.11.2022,18.,CHANCE LIGA,POR – LTM,3:2,0,0,0,-1,2,15:59,
29.10.2022,17.,CHANCE LIGA,LTM – SLA,0:3,0,0,0,-2,0,13:46,
26.10.2022,16.,CHANCE LIGA,KOL – LTM,2:1,0,0,0,0,0,18:03,
24.10.2022,15.,CHANCE LIGA,LTM – PCE,5:0,0,0,0,0,0,14:57,
20.10.2022,14.,CHANCE LIGA,PRE – LTM,2:3,0,0,0,-1,2,17:04,
19.10.2022,13.,CHANCE LIGA,FRM – LTM,2:5,0,0,0,0,0,13:24,
15.10.2022,12.,CHANCE LIGA,LTM – TRE,3:4,0,0,0,-2,0,17:05,
12.10.2022,11.,CHANCE LIGA,LTM – SOK,3:5,0,0,0,0,0,16:58,
10.10.2022,10.,CHANCE LIGA,PRO – LTM,0:5,0,0,0,1,2,17:20,
8.10.2022,9.,CHANCE LIGA,LTM – VSE,7:3,0,0,0,1,0,18:13,
