datum,kolo,soutěž,zápas,skóre,G,A,B,+-,TM,TOI,
26.2.2023,50.,Tipsport extraliga,KVA – CEB,5:1,0,0,0,1,0,08:26,
24.2.2023,49.,Tipsport extraliga,VIT – KVA,6:1,0,0,0,0,0,12:12,
11.2.2023,24.,CHANCE LIGA,SOK – LTM,6:4,0,2,2,0,0,19:02,
5.2.2023,45.,Tipsport extraliga,LIT – KVA,1:2,0,0,0,0,2,18:21,
3.2.2023,44.,Tipsport extraliga,KVA – PLZ,3:1,0,0,0,1,0,14:59,
31.1.2023,33.,Tipsport extraliga,SPA – KVA,6:3,0,1,1,2,0,16:08,
29.1.2023,43.,Tipsport extraliga,OLO – KVA,3:4,0,1,1,1,0,17:12,
27.1.2023,42.,Tipsport extraliga,KVA – TRI,4:1,0,1,1,1,0,15:38,
24.1.2023,41.,Tipsport extraliga,MHK – KVA,3:0,0,0,0,-1,0,15:38,
22.1.2023,40.,Tipsport extraliga,KVA – KOM,5:4,0,0,0,1,0,15:20,
20.1.2023,39.,Tipsport extraliga,KVA – KLA,4:2,1,0,1,1,0,15:40,
15.1.2023,38.,Tipsport extraliga,LIB – KVA,3:1,0,0,0,0,0,17:28,
13.1.2023,37.,Tipsport extraliga,CEB – KVA,2:4,0,1,1,1,0,14:12,
9.1.2023,36.,CHANCE LIGA,SOK – TRE,3:2,1,0,1,2,0,17:44,
8.1.2023,36.,Tipsport extraliga,KVA – VIT,1:3,0,0,0,0,0,12:11,
6.1.2023,35.,Tipsport extraliga,PCE – KVA,7:4,0,0,0,1,0,13:48,
3.1.2023,34.,Tipsport extraliga,KVA – MBL,4:1,0,0,0,1,0,13:23,
28.12.2022,32.,Tipsport extraliga,KVA – LIT,3:0,1,0,1,1,0,10:33,
26.12.2022,31.,Tipsport extraliga,PLZ – KVA,1:0,0,0,0,0,0,11:01,
22.12.2022,30.,Tipsport extraliga,KVA – OLO,0:3,0,0,0,0,0,11:44,
20.12.2022,29.,Tipsport extraliga,TRI – KVA,4:2,0,0,0,0,0,12:54,
11.12.2022,28.,Tipsport extraliga,KVA – MHK,1:4,0,0,0,-3,0,14:02,
9.12.2022,27.,Tipsport extraliga,KOM – KVA,2:3,0,2,2,2,0,14:32,
4.12.2022,26.,Tipsport extraliga,KLA – KVA,4:1,0,0,0,0,0,13:32,
2.12.2022,25.,Tipsport extraliga,KVA – LIB,0:2,0,0,0,0,0,15:39,
30.11.2022,25.,CHANCE LIGA,KOL – SOK,4:0,0,0,0,-1,,15:54,
29.11.2022,24.,Tipsport extraliga,CEB – KVA,0:3,0,1,1,1,0,16:48,
27.11.2022,23.,Tipsport extraliga,VIT – KVA,4:2,0,0,0,-1,0,15:51,
25.11.2022,22.,Tipsport extraliga,KVA – PCE,1:3,0,0,0,-1,0,19:26,
23.11.2022,23.,CHANCE LIGA,TRE – SOK,3:2,1,0,1,2,,22:31,
20.11.2022,21.,Tipsport extraliga,KVA – MBL,4:3,0,0,0,0,0,17:48,
18.11.2022,20.,Tipsport extraliga,KVA – SPA,1:5,0,0,0,0,0,12:34,
15.11.2022,4.,Tipsport extraliga,KVA – OLO,3:2,0,2,2,3,0,12:39,
6.11.2022,19.,Tipsport extraliga,LIT – KVA,5:3,0,0,0,-1,0,13:50,
4.11.2022,18.,Tipsport extraliga,KVA – PLZ,4:5,2,0,2,2,0,14:25,
1.11.2022,17.,Tipsport extraliga,OLO – KVA,2:0,0,0,0,-1,0,16:41,
30.10.2022,16.,Tipsport extraliga,KVA – TRI,2:6,0,0,0,0,0,11:59,
28.10.2022,15.,Tipsport extraliga,MHK – KVA,1:2,0,0,0,0,0,16:28,
24.10.2022,15.,CHANCE LIGA,SOK – SLA,2:3,0,1,1,-1,0,15:56,
23.10.2022,14.,Tipsport extraliga,KVA – KOM,2:3,0,0,0,0,0,12:02,
21.10.2022,13.,Tipsport extraliga,KVA – KLA,4:3,0,0,0,0,0,13:21,
18.10.2022,12.,Tipsport extraliga,LIB – KVA,3:4,0,0,0,-1,0,14:44,
16.10.2022,11.,Tipsport extraliga,KVA – CEB,4:3,1,0,1,1,0,14:35,
14.10.2022,10.,Tipsport extraliga,KVA – VIT,4:5,1,0,1,1,0,09:52,
10.10.2022,10.,CHANCE LIGA,SOK – TRE,4:1,1,0,1,1,0,13:09,
9.10.2022,9.,Tipsport extraliga,PCE – KVA,2:4,0,0,0,0,0,08:50,
6.10.2022,8.,Tipsport extraliga,MBL – KVA,0:1,0,0,0,0,0,08:53,
4.10.2022,6.,Tipsport extraliga,KVA – LIT,1:4,0,0,0,0,0,09:19,
2.10.2022,7.,Tipsport extraliga,SPA – KVA,4:5,0,0,0,0,0,15:35,
27.9.2022,5.,Tipsport extraliga,PLZ – KVA,6:3,0,0,0,2,0,09:21,
23.9.2022,3.,Tipsport extraliga,TRI – KVA,1:2,0,0,0,0,0,13:08,
18.9.2022,2.,Tipsport extraliga,KVA – MHK,2:3,0,1,1,1,0,07:26,
