datum,kolo,soutěž,zápas,skóre,G,A,B,+-,TM,TOI,
26.2.2023,50.,Tipsport extraliga,SPA – TRI,3:1,0,0,0,0,0,10:23,
24.2.2023,49.,Tipsport extraliga,PLZ – TRI,4:5,0,0,0,-1,0,16:04,
19.2.2023,48.,Tipsport extraliga,LIT – TRI,4:3,0,0,0,-1,7,13:42,
17.2.2023,47.,Tipsport extraliga,TRI – MHK,1:2,0,0,0,-1,0,12:05,
15.2.2023,46.,Tipsport extraliga,LIB – TRI,3:2,0,0,0,-1,2,16:23,
13.2.2023,8.,Tipsport extraliga,MHK – TRI,4:3,0,0,0,-1,0,10:08,
5.2.2023,45.,Tipsport extraliga,TRI – KLA,5:4,0,0,0,-1,0,14:14,
3.2.2023,44.,Tipsport extraliga,KOM – TRI,5:1,0,0,0,-1,0,11:49,
31.1.2023,43.,Tipsport extraliga,VIT – TRI,1:2,0,0,0,0,4,06:46,
27.1.2023,42.,Tipsport extraliga,KVA – TRI,4:1,0,0,0,0,0,17:02,
24.1.2023,41.,Tipsport extraliga,TRI – PCE,0:4,0,0,0,-1,0,16:52,
22.1.2023,40.,Tipsport extraliga,CEB – TRI,3:2,0,0,0,-1,0,11:02,
20.1.2023,39.,Tipsport extraliga,MBL – TRI,1:0,0,0,0,0,2,14:47,
17.1.2023,38.,Tipsport extraliga,TRI – OLO,1:3,0,0,0,-1,0,13:23,
13.1.2023,18.,Tipsport extraliga,TRI – KOM,6:1,1,0,1,0,0,11:44,
8.1.2023,36.,Tipsport extraliga,TRI – PLZ,6:1,0,1,1,1,2,12:21,
6.1.2023,35.,Tipsport extraliga,TRI – LIT,3:2,0,0,0,-1,2,09:26,
3.1.2023,34.,Tipsport extraliga,MHK – TRI,2:3,0,0,0,0,2,11:43,
30.12.2022,33.,Tipsport extraliga,TRI – LIB,6:3,0,1,1,1,0,11:51,
28.12.2022,32.,Tipsport extraliga,KLA – TRI,4:3,0,0,0,1,2,09:37,
26.12.2022,31.,Tipsport extraliga,TRI – KOM,7:2,0,1,1,0,0,13:10,
22.12.2022,30.,Tipsport extraliga,VIT – TRI,1:2,0,0,0,0,0,13:16,
20.12.2022,29.,Tipsport extraliga,TRI – KVA,4:2,0,0,0,0,0,11:47,
25.11.2022,22.,Tipsport extraliga,LIT – TRI,1:2,0,0,0,0,0,11:37,
22.11.2022,12.,Tipsport extraliga,TRI – OLO,2:3,0,0,0,0,0,10:43,
20.11.2022,21.,Tipsport extraliga,TRI – MHK,4:1,0,0,0,0,0,11:17,
18.11.2022,20.,Tipsport extraliga,LIB – TRI,1:4,1,0,1,1,2,10:42,
16.11.2022,37.,Tipsport extraliga,TRI – SPA,2:1,0,1,1,1,0,11:37,
6.11.2022,19.,Tipsport extraliga,TRI – KLA,8:0,0,0,0,0,2,13:55,
2.11.2022,17.,Tipsport extraliga,TRI – VIT,1:2,0,0,0,0,0,15:14,
30.10.2022,16.,Tipsport extraliga,KVA – TRI,2:6,0,1,1,2,0,10:57,
27.10.2022,15.,Tipsport extraliga,TRI – PCE,2:3,1,0,1,1,0,11:06,
14.10.2022,10.,Tipsport extraliga,TRI – PLZ,3:2,0,0,0,0,0,04:34,
9.10.2022,9.,Tipsport extraliga,TRI – LIT,4:1,0,0,0,-1,0,11:55,
2.10.2022,7.,Tipsport extraliga,TRI – LIB,3:4,0,0,0,-1,0,13:00,
29.9.2022,6.,Tipsport extraliga,KLA – TRI,1:2,0,0,0,0,0,12:22,
27.9.2022,5.,Tipsport extraliga,KOM – TRI,2:4,0,0,0,0,0,14:31,
25.9.2022,4.,Tipsport extraliga,TRI – VIT,3:5,0,0,0,0,0,10:53,
23.9.2022,3.,Tipsport extraliga,TRI – KVA,1:2,0,0,0,0,0,09:28,
18.9.2022,2.,Tipsport extraliga,PCE – TRI,4:3,0,0,0,0,0,11:44,
16.9.2022,1.,Tipsport extraliga,TRI – CEB,0:2,0,0,0,0,0,07:30,
