datum,kolo,soutěž,zápas,skóre,G,A,B,+-,TM,TOI,
25.2.2023,50.,CHANCE LIGA,POR – FRM,4:2,0,0,0,-1,0,19:07,
18.2.2023,48.,CHANCE LIGA,PCE – FRM,4:3,0,0,0,1,0,20:41,
15.2.2023,47.,CHANCE LIGA,SLA – FRM,4:1,0,0,0,-1,0,17:47,
13.2.2023,46.,CHANCE LIGA,FRM – KOL,5:1,0,0,0,0,0,17:55,
4.2.2023,45.,CHANCE LIGA,PRE – FRM,1:3,0,0,0,0,0,16:22,
2.2.2023,44.,CHANCE LIGA,FRM – VSE,2:4,0,0,0,1,0,21:43,
27.1.2023,42.,Tipsport extraliga,KVA – TRI,4:1,0,0,0,0,0,06:03,
24.1.2023,41.,Tipsport extraliga,TRI – PCE,0:4,0,0,0,-3,0,12:24,
22.1.2023,40.,Tipsport extraliga,CEB – TRI,3:2,0,0,0,0,0,03:11,
20.1.2023,39.,Tipsport extraliga,MBL – TRI,1:0,0,0,0,0,0,06:06,
14.1.2023,38.,CHANCE LIGA,ZLN – FRM,3:2,0,0,0,0,0,19:37,
11.1.2023,37.,CHANCE LIGA,FRM – POR,4:0,2,0,2,2,0,19:19,
9.1.2023,36.,CHANCE LIGA,SUM – FRM,2:4,0,1,1,1,0,23:55,
7.1.2023,35.,CHANCE LIGA,FRM – PCE,2:4,0,1,1,-2,0,18:28,
4.1.2023,34.,CHANCE LIGA,FRM – SLA,1:2,0,0,0,0,0,19:29,
29.12.2022,33.,CHANCE LIGA,KOL – FRM,2:1,1,0,1,1,0,22:37,
27.12.2022,32.,CHANCE LIGA,FRM – PRE,3:2,0,0,0,-1,0,17:46,
21.12.2022,31.,CHANCE LIGA,VSE – FRM,5:2,0,2,2,0,2,19:09,
19.12.2022,30.,CHANCE LIGA,FRM – SOK,3:1,0,1,1,1,0,16:05,
11.12.2022,28.,Tipsport extraliga,PCE – TRI,0:3,0,0,0,0,0,13:55,
9.12.2022,27.,Tipsport extraliga,TRI – CEB,2:3,0,0,0,-1,0,06:44,
4.12.2022,26.,Tipsport extraliga,TRI – MBL,3:0,0,1,1,1,0,06:51,
2.12.2022,25.,Tipsport extraliga,OLO – TRI,4:2,0,0,0,0,0,10:11,
30.11.2022,25.,CHANCE LIGA,FRM – ZLN,2:1,0,1,1,0,,18:18,
26.11.2022,24.,CHANCE LIGA,POR – FRM,3:4,0,1,1,1,,17:19,
23.11.2022,23.,CHANCE LIGA,FRM – SUM,3:5,0,1,1,-2,4,20:19,
19.11.2022,22.,CHANCE LIGA,PCE – FRM,2:4,0,1,1,1,,17:18,
16.11.2022,21.,CHANCE LIGA,SLA – FRM,1:2,0,0,0,0,0,20:37,
14.11.2022,20.,CHANCE LIGA,FRM – KOL,2:1,0,0,0,0,0,18:32,
5.11.2022,19.,CHANCE LIGA,PRE – FRM,0:1,1,0,1,1,0,18:52,
1.11.2022,18.,CHANCE LIGA,FRM – VSE,1:4,0,0,0,-2,,16:06,
29.10.2022,17.,CHANCE LIGA,SOK – FRM,1:3,0,0,0,0,0,18:29,
26.10.2022,16.,CHANCE LIGA,FRM – TRE,6:2,0,2,2,1,2,16:45,
24.10.2022,15.,CHANCE LIGA,JIH – FRM,4:1,1,0,1,-2,0,18:37,
22.10.2022,14.,CHANCE LIGA,FRM – PRO,3:2,0,1,1,1,0,22:28,
19.10.2022,13.,CHANCE LIGA,FRM – LTM,2:5,0,1,1,-1,2,20:59,
16.10.2022,11.,Tipsport extraliga,TRI – SPA,4:2,0,0,0,0,0,03:29,
14.10.2022,10.,Tipsport extraliga,TRI – PLZ,3:2,0,0,0,0,0,07:42,
9.10.2022,9.,Tipsport extraliga,TRI – LIT,4:1,0,0,0,0,0,07:58,
2.10.2022,7.,Tipsport extraliga,TRI – LIB,3:4,0,0,0,0,0,06:53,
29.9.2022,6.,Tipsport extraliga,KLA – TRI,1:2,0,0,0,0,0,10:22,
27.9.2022,5.,Tipsport extraliga,KOM – TRI,2:4,1,0,1,2,0,08:59,
24.9.2022,4.,CHANCE LIGA,FRM – SOK,1:2,1,0,1,0,0,18:18,
21.9.2022,3.,CHANCE LIGA,TRE – FRM,5:4,1,1,2,-1,0,21:13,
18.9.2022,2.,Tipsport extraliga,PCE – TRI,4:3,0,0,0,0,0,01:13,
16.9.2022,1.,Tipsport extraliga,TRI – CEB,0:2,0,0,0,-1,2,09:51,
14.9.2022,1.,CHANCE LIGA,PRO – FRM,3:2,0,0,0,0,0,20:11,
