datum,kolo,soutěž,zápas,skóre,G,A,B,+-,TM,TOI,
26.2.2023,50.,Tipsport extraliga,LIT – PLZ,2:0,0,0,0,0,0,15:16,
24.2.2023,49.,Tipsport extraliga,PLZ – TRI,4:5,0,0,0,1,2,13:32,
17.2.2023,47.,Tipsport extraliga,PLZ – KLA,0:3,0,0,0,0,0,00:50,
15.2.2023,10.,2. liga – Západ – nadstavba sk. B,KLT – RIS,3:5,0,0,0,0,2,-,
11.2.2023,9.,2. liga – Západ – nadstavba sk. B,BNJ – KLT,2:1,0,0,0,0,0,-,
8.2.2023,8.,2. liga – Západ – nadstavba sk. B,KLT – PIS,4:0,1,0,1,0,0,-,
28.1.2023,5.,2. liga – Západ – nadstavba sk. B,KLT – JBN,5:3,1,1,2,0,2,-,
25.1.2023,4.,2. liga – Západ – nadstavba sk. B,RIS – KLT,6:5,0,0,0,0,0,-,
21.1.2023,3.,2. liga – Západ – nadstavba sk. B,KLT – BNJ,5:4,0,1,1,0,0,-,
18.1.2023,2.,2. liga – Západ – nadstavba sk. B,PIS – KLT,4:2,0,2,2,0,0,-,
14.1.2023,1.,2. liga – Západ – nadstavba sk. B,DEC – KLT,3:5,1,3,4,0,2,-,
11.1.2023,30.,2. liga – Západ – z. č.,KLT – CHB,4:0,0,0,0,0,0,-,
8.1.2023,36.,Tipsport extraliga,TRI – PLZ,6:1,0,0,0,-2,0,09:33,
7.1.2023,29.,2. liga – Západ – z. č.,LET – KLT,4:3,0,1,1,0,2,-,
30.12.2022,33.,Tipsport extraliga,PLZ – KOM,5:2,0,1,1,1,0,08:54,
28.12.2022,32.,Tipsport extraliga,LIB – PLZ,2:1,0,0,0,0,0,12:16,
26.12.2022,31.,Tipsport extraliga,PLZ – KVA,1:0,0,0,0,0,0,05:23,
22.12.2022,30.,Tipsport extraliga,SPA – PLZ,3:0,0,0,0,-1,0,15:43,
20.12.2022,29.,Tipsport extraliga,PLZ – PCE,0:2,0,0,0,0,0,03:29,
26.11.2022,20.,2. liga – Západ – z. č.,HRO – KLT,2:4,0,0,0,0,0,-,
23.11.2022,19.,2. liga – Západ – z. č.,TAB – KLT,5:1,0,1,1,0,2,-,
20.11.2022,21.,Tipsport extraliga,PLZ – KLA,1:2,0,0,0,0,0,07:37,
18.11.2022,20.,Tipsport extraliga,KOM – PLZ,3:1,0,0,0,1,4,11:18,
12.11.2022,16.,2. liga – Západ – z. č.,KLT – BNJ,3:4,0,1,1,0,0,-,
9.11.2022,15.,2. liga – Západ – z. č.,CHB – KLT,4:2,0,0,0,0,2,-,
4.11.2022,18.,Tipsport extraliga,KVA – PLZ,4:5,0,0,0,0,0,10:17,
2.11.2022,17.,Tipsport extraliga,PLZ – SPA,4:0,0,0,0,0,0,14:08,
30.10.2022,16.,Tipsport extraliga,PCE – PLZ,7:2,0,0,0,0,0,02:48,
29.10.2022,12.,2. liga – Západ – z. č.,DEC – KLT,5:0,0,0,0,0,0,-,
26.10.2022,11.,2. liga – Západ – z. č.,PRI – KLT,5:1,0,0,0,0,2,-,
23.10.2022,14.,Tipsport extraliga,OLO – PLZ,1:4,0,0,0,-1,0,05:39,
20.10.2022,13.,Tipsport extraliga,CEB – PLZ,3:2,0,0,0,-1,0,10:09,
18.10.2022,12.,Tipsport extraliga,PLZ – MBL,1:2,0,0,0,-1,0,10:58,
16.10.2022,11.,Tipsport extraliga,PLZ – LIT,4:3,0,0,0,-1,0,14:07,
14.10.2022,10.,Tipsport extraliga,TRI – PLZ,3:2,0,0,0,-1,0,14:21,
9.10.2022,9.,Tipsport extraliga,PLZ – MHK,2:5,0,0,0,0,0,08:47,
8.10.2022,6.,2. liga – Západ – z. č.,KLT – HRO,4:1,2,1,3,0,0,-,
