datum,kolo,soutěž,zápas,skóre,G,A,B,+-,TM,TOI,
19.2.2023,48.,Tipsport extraliga,LIB – SPA,2:1,0,0,0,-1,0,21:10,
17.2.2023,47.,Tipsport extraliga,CEB – SPA,3:4,0,3,3,2,0,18:52,
12.2.2023,,Beijer Hockey Games 2023,SUI – CZE,1:2,0,0,0,0,0,-,
11.2.2023,,Beijer Hockey Games 2023,FIN – CZE,6:1,0,1,1,-1,0,-,
9.2.2023,,Beijer Hockey Games 2023,CZE – SWE,2:1,0,0,0,0,0,-,
5.2.2023,45.,Tipsport extraliga,SPA – PCE,4:2,0,1,1,-1,0,20:49,
3.2.2023,44.,Tipsport extraliga,VIT – SPA,3:4,0,1,1,0,0,21:14,
31.1.2023,33.,Tipsport extraliga,SPA – KVA,6:3,0,2,2,0,0,16:44,
29.1.2023,43.,Tipsport extraliga,PLZ – SPA,4:3,1,0,1,-1,0,20:11,
25.1.2023,41.,Tipsport extraliga,SPA – LIT,3:2,0,0,0,0,0,18:54,
22.1.2023,40.,Tipsport extraliga,SPA – MBL,4:1,1,0,1,2,0,17:38,
20.1.2023,39.,Tipsport extraliga,SPA – KOM,5:3,0,0,0,-1,0,18:56,
17.1.2023,21.,Tipsport extraliga,SPA – CEB,5:0,0,1,1,0,0,18:37,
15.1.2023,38.,Tipsport extraliga,MHK – SPA,3:4,1,0,1,1,2,20:59,
10.1.2023,32.,Tipsport extraliga,PCE – SPA,0:3,1,1,2,2,2,20:47,
8.1.2023,36.,Tipsport extraliga,SPA – KLA,4:0,0,0,0,0,0,20:33,
6.1.2023,35.,Tipsport extraliga,SPA – LIB,2:5,0,1,1,0,0,20:09,
3.1.2023,34.,Tipsport extraliga,SPA – CEB,5:3,1,0,1,-1,0,21:58,
22.12.2022,30.,Tipsport extraliga,SPA – PLZ,3:0,0,1,1,1,0,21:24,
20.12.2022,29.,Tipsport extraliga,OLO – SPA,0:1,0,1,1,0,0,18:01,
11.12.2022,28.,Tipsport extraliga,LIT – SPA,5:2,0,0,0,-3,0,23:19,
9.12.2022,27.,Tipsport extraliga,MBL – SPA,1:2,1,0,1,1,0,17:44,
6.12.2022,9.,Tipsport extraliga,LIB – SPA,0:1,0,0,0,0,0,18:03,
4.12.2022,26.,Tipsport extraliga,KOM – SPA,2:6,0,0,0,0,2,16:15,
2.12.2022,25.,Tipsport extraliga,SPA – MHK,2:1,0,1,1,0,0,19:11,
29.11.2022,24.,Tipsport extraliga,SPA – TRI,1:0,0,0,0,0,0,20:00,
27.11.2022,23.,Tipsport extraliga,SPA – KLA,5:1,1,0,1,1,0,13:35,
25.11.2022,22.,Tipsport extraliga,SPA – LIB,3:1,0,1,1,0,0,18:02,
18.11.2022,20.,Tipsport extraliga,KVA – SPA,1:5,0,0,0,0,2,18:45,
16.11.2022,37.,Tipsport extraliga,TRI – SPA,2:1,0,0,0,1,4,20:04,
6.11.2022,19.,Tipsport extraliga,SPA – PCE,2:3,1,0,1,0,0,23:37,
4.11.2022,18.,Tipsport extraliga,VIT – SPA,3:2,0,0,0,-1,0,20:25,
2.11.2022,17.,Tipsport extraliga,PLZ – SPA,4:0,0,0,0,-3,2,17:54,
30.10.2022,16.,Tipsport extraliga,SPA – OLO,2:5,0,1,1,-2,0,19:48,
28.10.2022,15.,Tipsport extraliga,LIT – SPA,4:0,0,0,0,0,0,21:39,
26.10.2022,31.,Tipsport extraliga,SPA – VIT,3:2,1,1,2,2,0,21:55,
23.10.2022,14.,Tipsport extraliga,SPA – MBL,3:2,1,0,1,0,0,20:50,
21.10.2022,13.,Tipsport extraliga,SPA – KOM,2:3,0,0,0,0,0,24:53,
18.10.2022,12.,Tipsport extraliga,MHK – SPA,3:2,0,0,0,-1,0,21:19,
16.10.2022,11.,Tipsport extraliga,TRI – SPA,4:2,0,0,0,-2,0,18:01,
14.10.2022,10.,Tipsport extraliga,KLA – SPA,2:5,2,0,2,0,0,22:22,
7.10.2022,8.,Tipsport extraliga,CEB – SPA,2:3,1,0,1,1,0,17:36,
2.10.2022,7.,Tipsport extraliga,SPA – KVA,4:5,0,2,2,2,2,17:43,
30.9.2022,6.,Tipsport extraliga,PCE – SPA,2:3,0,0,0,-2,0,19:34,
27.9.2022,5.,Tipsport extraliga,SPA – VIT,5:3,0,1,1,2,0,19:50,
25.9.2022,4.,Tipsport extraliga,SPA – PLZ,3:2,0,1,1,0,0,19:57,
