datum,kolo,soutěž,zápas,skóre,G,A,B,+-,TM,TOI,
19.2.2023,48.,Tipsport extraliga,LIT – TRI,4:3,0,0,0,0,0,15:03,
17.2.2023,47.,Tipsport extraliga,TRI – MHK,1:2,0,0,0,0,0,17:25,
15.2.2023,46.,Tipsport extraliga,LIB – TRI,3:2,0,0,0,1,0,14:40,
13.2.2023,8.,Tipsport extraliga,MHK – TRI,4:3,1,1,2,1,0,11:26,
5.2.2023,45.,Tipsport extraliga,TRI – KLA,5:4,0,0,0,0,0,12:54,
3.2.2023,44.,Tipsport extraliga,KOM – TRI,5:1,0,0,0,0,0,16:33,
31.1.2023,43.,Tipsport extraliga,VIT – TRI,1:2,0,0,0,0,2,13:45,
27.1.2023,42.,Tipsport extraliga,KVA – TRI,4:1,0,0,0,-1,0,13:13,
24.1.2023,41.,Tipsport extraliga,TRI – PCE,0:4,0,0,0,0,0,15:17,
22.1.2023,40.,Tipsport extraliga,CEB – TRI,3:2,0,0,0,-1,0,14:04,
20.1.2023,39.,Tipsport extraliga,MBL – TRI,1:0,0,0,0,0,0,15:22,
17.1.2023,38.,Tipsport extraliga,TRI – OLO,1:3,0,1,1,1,0,12:22,
13.1.2023,18.,Tipsport extraliga,TRI – KOM,6:1,0,0,0,0,0,09:06,
8.1.2023,36.,Tipsport extraliga,TRI – PLZ,6:1,1,0,1,3,0,16:58,
21.12.2022,31.,CHANCE LIGA,SLA – PCE,5:3,0,1,1,0,2,22:32,
10.12.2022,29.,CHANCE LIGA,PRE – SLA,2:0,0,0,0,0,0,22:01,
7.12.2022,28.,CHANCE LIGA,SLA – SOK,3:1,1,1,2,2,2,20:21,
5.12.2022,27.,CHANCE LIGA,TRE – SLA,4:3,1,0,1,1,0,26:04,
3.12.2022,26.,CHANCE LIGA,JIH – SLA,5:2,0,0,0,-1,0,22:44,
30.11.2022,25.,CHANCE LIGA,SLA – VSE,4:5,2,0,2,0,,18:11,
26.11.2022,24.,CHANCE LIGA,PRO – SLA,3:4,0,1,1,0,2,19:00,
23.11.2022,23.,CHANCE LIGA,SLA – ZLN,2:4,0,0,0,-2,,23:11,
19.11.2022,22.,CHANCE LIGA,SUM – SLA,2:1,0,0,0,0,,20:10,
16.11.2022,21.,CHANCE LIGA,SLA – FRM,1:2,0,0,0,0,0,26:22,
14.11.2022,20.,CHANCE LIGA,POR – SLA,7:0,0,0,0,-2,0,19:00,
5.11.2022,19.,CHANCE LIGA,SLA – KOL,2:1,0,0,0,1,0,21:05,
22.10.2022,14.,CHANCE LIGA,SLA – TRE,6:1,0,3,3,3,2,19:09,
19.10.2022,13.,CHANCE LIGA,SLA – JIH,2:3,0,0,0,-1,0,19:39,
