datum,kolo,soutěž,zápas,skóre,G,A,B,+-,TM,TOI,
26.2.2023,50.,Tipsport extraliga,KLA – VIT,0:1,0,0,0,0,0,06:35,
24.2.2023,49.,Tipsport extraliga,VIT – KVA,6:1,0,1,1,1,0,09:21,
15.2.2023,47.,CHANCE LIGA,TRE – POR,5:3,0,0,0,-1,0,13:11,
13.2.2023,46.,CHANCE LIGA,POR – SLA,5:4,1,1,2,1,0,12:54,
10.2.2023,4.,CHANCE LIGA,POR – PRE,2:1,1,0,1,-1,0,12:36,
4.2.2023,45.,CHANCE LIGA,SOK – POR,6:7,1,1,2,3,0,14:56,
1.2.2023,44.,CHANCE LIGA,POR – LTM,1:3,0,0,0,-1,0,06:29,
31.1.2023,43.,Tipsport extraliga,VIT – TRI,1:2,0,0,0,-1,2,04:16,
28.1.2023,42.,CHANCE LIGA,PRO – POR,4:1,0,0,0,-2,0,17:03,
27.1.2023,42.,Tipsport extraliga,VIT – MHK,2:5,0,0,0,-1,0,12:29,
22.1.2023,40.,Tipsport extraliga,VIT – LIT,2:3,0,0,0,0,2,10:49,
20.1.2023,39.,Tipsport extraliga,VIT – LIB,2:0,0,0,0,0,0,08:26,
17.1.2023,19.,Tipsport extraliga,MBL – VIT,3:2,0,0,0,1,0,13:59,
15.1.2023,38.,Tipsport extraliga,KOM – VIT,2:5,0,0,0,1,0,14:52,
13.1.2023,37.,Tipsport extraliga,VIT – KLA,0:3,0,0,0,-1,0,08:37,
10.1.2023,41.,Tipsport extraliga,PLZ – VIT,2:3,0,0,0,0,0,04:05,
8.1.2023,36.,Tipsport extraliga,KVA – VIT,1:3,0,0,0,1,0,13:16,
6.1.2023,35.,Tipsport extraliga,CEB – VIT,0:2,0,0,0,0,0,07:11,
3.1.2023,34.,Tipsport extraliga,VIT – PCE,2:3,0,0,0,0,0,06:54,
30.12.2022,33.,Tipsport extraliga,OLO – VIT,2:4,0,1,1,1,0,05:05,
28.12.2022,32.,Tipsport extraliga,VIT – MBL,5:2,0,0,0,1,0,07:36,
22.12.2022,30.,Tipsport extraliga,VIT – TRI,1:2,0,0,0,0,0,07:39,
11.12.2022,28.,Tipsport extraliga,VIT – PLZ,3:2,0,0,0,0,0,04:40,
9.12.2022,27.,Tipsport extraliga,LIT – VIT,5:3,0,0,0,-1,0,04:42,
4.12.2022,26.,Tipsport extraliga,LIB – VIT,2:3,0,0,0,0,2,04:04,
2.12.2022,25.,Tipsport extraliga,VIT – KOM,4:1,0,0,0,0,0,11:08,
27.11.2022,23.,Tipsport extraliga,VIT – KVA,4:2,0,0,0,0,0,08:14,
25.11.2022,22.,Tipsport extraliga,VIT – CEB,4:3,0,0,0,-1,0,09:29,
22.11.2022,21.,Tipsport extraliga,VIT – PCE,4:5,0,0,0,0,0,08:56,
18.11.2022,20.,Tipsport extraliga,VIT – OLO,3:0,0,0,0,0,0,10:06,
4.11.2022,18.,Tipsport extraliga,VIT – SPA,3:2,0,0,0,0,0,07:48,
2.11.2022,17.,Tipsport extraliga,TRI – VIT,1:2,0,0,0,0,0,07:33,
30.10.2022,16.,Tipsport extraliga,VIT – MHK,5:2,0,1,1,1,2,10:30,
28.10.2022,15.,Tipsport extraliga,PLZ – VIT,4:3,0,0,0,0,0,10:36,
26.10.2022,31.,Tipsport extraliga,SPA – VIT,3:2,0,0,0,0,0,13:25,
23.10.2022,14.,Tipsport extraliga,VIT – LIT,5:3,0,0,0,0,2,07:52,
21.10.2022,13.,Tipsport extraliga,VIT – LIB,6:3,0,0,0,0,2,11:09,
18.10.2022,12.,Tipsport extraliga,KOM – VIT,2:1,0,0,0,0,0,04:58,
16.10.2022,11.,Tipsport extraliga,VIT – KLA,2:0,0,0,0,0,0,04:26,
14.10.2022,10.,Tipsport extraliga,KVA – VIT,4:5,0,0,0,0,0,07:56,
9.10.2022,9.,Tipsport extraliga,CEB – VIT,2:3,0,0,0,0,0,11:34,
6.10.2022,8.,Tipsport extraliga,PCE – VIT,2:1,0,0,0,0,0,09:43,
2.10.2022,7.,Tipsport extraliga,OLO – VIT,5:4,0,0,0,0,0,05:36,
23.9.2022,3.,Tipsport extraliga,MHK – VIT,3:2,0,0,0,0,0,03:35,
18.9.2022,2.,Tipsport extraliga,VIT – PLZ,4:2,0,1,1,1,2,05:45,
16.9.2022,1.,Tipsport extraliga,LIT – VIT,2:3,0,0,0,0,0,06:28,
