datum,kolo,soutěž,zápas,skóre,G,A,B,+-,TM,TOI,
26.2.2023,50.,Tipsport extraliga,KVA – CEB,5:1,0,0,0,0,2,04:55,
22.2.2023,49.,Tipsport extraliga,CEB – LIB,3:4,0,0,0,-1,0,09:34,
19.2.2023,48.,Tipsport extraliga,VIT – CEB,1:4,0,0,0,-1,0,06:25,
17.2.2023,47.,Tipsport extraliga,CEB – SPA,3:4,0,0,0,0,0,12:10,
15.2.2023,46.,Tipsport extraliga,CEB – PCE,3:7,0,0,0,-1,0,05:13,
5.2.2023,45.,Tipsport extraliga,OLO – CEB,3:2,0,0,0,0,0,04:18,
2.2.2023,44.,Tipsport extraliga,CEB – MHK,2:3,0,0,0,-1,0,07:00,
29.1.2023,43.,Tipsport extraliga,LIT – CEB,1:0,0,0,0,0,0,06:40,
27.1.2023,42.,Tipsport extraliga,CEB – MBL,5:4,0,1,1,1,0,08:22,
24.1.2023,41.,Tipsport extraliga,KOM – CEB,5:2,0,0,0,0,0,05:18,
22.1.2023,40.,Tipsport extraliga,CEB – TRI,3:2,0,0,0,0,0,03:32,
20.1.2023,39.,Tipsport extraliga,CEB – PLZ,3:4,0,0,0,-1,0,04:35,
17.1.2023,21.,Tipsport extraliga,SPA – CEB,5:0,0,0,0,0,0,11:11,
15.1.2023,38.,Tipsport extraliga,CEB – KLA,6:2,0,0,0,0,0,04:51,
13.1.2023,37.,Tipsport extraliga,CEB – KVA,2:4,0,0,0,0,0,04:09,
8.1.2023,36.,Tipsport extraliga,LIB – CEB,2:3,0,0,0,0,0,12:35,
6.1.2023,35.,Tipsport extraliga,CEB – VIT,0:2,0,0,0,-1,0,08:47,
3.1.2023,34.,Tipsport extraliga,SPA – CEB,5:3,0,0,0,0,0,07:33,
30.12.2022,33.,Tipsport extraliga,PCE – CEB,4:1,0,0,0,0,0,10:37,
28.12.2022,32.,Tipsport extraliga,CEB – OLO,4:2,0,0,0,0,0,06:04,
26.12.2022,31.,Tipsport extraliga,MHK – CEB,1:4,0,0,0,0,2,10:56,
22.12.2022,30.,Tipsport extraliga,CEB – LIT,2:5,0,0,0,0,0,06:50,
20.12.2022,29.,Tipsport extraliga,MBL – CEB,2:1,0,0,0,0,0,03:59,
11.12.2022,28.,Tipsport extraliga,CEB – KOM,3:1,0,0,0,0,0,12:02,
9.12.2022,27.,Tipsport extraliga,TRI – CEB,2:3,0,0,0,-1,0,12:45,
4.12.2022,26.,Tipsport extraliga,PLZ – CEB,4:1,0,0,0,0,0,06:13,
2.12.2022,25.,Tipsport extraliga,KLA – CEB,1:6,1,0,1,1,4,08:25,
29.11.2022,24.,Tipsport extraliga,CEB – KVA,0:3,0,0,0,0,0,05:09,
27.11.2022,23.,Tipsport extraliga,CEB – LIB,4:1,0,0,0,-1,0,10:59,
25.11.2022,22.,Tipsport extraliga,VIT – CEB,4:3,0,0,0,0,0,07:18,
17.11.2022,20.,Tipsport extraliga,CEB – PCE,2:4,0,0,0,-1,0,10:31,
30.10.2022,16.,Tipsport extraliga,CEB – MBL,3:0,0,0,0,0,0,08:15,
28.10.2022,15.,Tipsport extraliga,KOM – CEB,3:0,0,0,0,-1,0,11:59,
23.10.2022,14.,Tipsport extraliga,CEB – TRI,3:2,0,0,0,0,2,14:24,
20.10.2022,13.,Tipsport extraliga,CEB – PLZ,3:2,0,0,0,0,0,12:33,
18.10.2022,12.,Tipsport extraliga,KLA – CEB,2:1,0,0,0,0,0,12:06,
16.10.2022,11.,Tipsport extraliga,KVA – CEB,4:3,0,0,0,0,0,14:24,
9.10.2022,9.,Tipsport extraliga,CEB – VIT,2:3,0,0,0,0,0,15:36,
7.10.2022,8.,Tipsport extraliga,CEB – SPA,2:3,0,0,0,0,0,19:14,
4.10.2022,10.,Tipsport extraliga,LIB – CEB,6:1,0,0,0,-1,4,16:40,
2.10.2022,7.,Tipsport extraliga,PCE – CEB,6:1,0,0,0,-1,2,14:29,
30.9.2022,6.,Tipsport extraliga,CEB – OLO,1:2,0,0,0,-1,2,14:07,
27.9.2022,5.,Tipsport extraliga,MHK – CEB,3:1,0,0,0,0,0,14:57,
23.9.2022,3.,Tipsport extraliga,MBL – CEB,5:1,0,0,0,0,0,12:55,
20.9.2022,4.,Tipsport extraliga,CEB – LIT,6:3,0,0,0,-1,0,13:52,
18.9.2022,2.,Tipsport extraliga,CEB – KOM,6:2,0,0,0,0,0,10:32,
16.9.2022,1.,Tipsport extraliga,TRI – CEB,0:2,0,0,0,0,2,15:06,
