datum,kolo,soutěž,zápas,skóre,G,A,B,+-,TM,TOI,
25.2.2023,50.,CHANCE LIGA,SUM – KOL,0:3,0,0,0,1,0,09:25,
18.2.2023,48.,CHANCE LIGA,POR – KOL,5:2,0,0,0,0,0,11:03,
4.2.2023,45.,CHANCE LIGA,SLA – KOL,6:3,0,1,1,1,0,10:23,
1.2.2023,44.,CHANCE LIGA,KOL – PRE,1:3,0,0,0,-2,0,07:58,
30.1.2023,43.,CHANCE LIGA,LTM – SLA,1:2,0,0,0,-1,2,02:58,
28.1.2023,42.,CHANCE LIGA,KOL – LTM,5:2,0,0,0,0,2,09:18,
25.1.2023,41.,CHANCE LIGA,LTM – PCE,5:6,0,0,0,0,0,10:52,
14.1.2023,38.,CHANCE LIGA,LTM – TRE,2:1,0,0,0,0,0,07:51,
11.1.2023,37.,CHANCE LIGA,LTM – SOK,4:6,0,0,0,0,0,10:47,
9.1.2023,36.,CHANCE LIGA,PRO – LTM,3:5,0,0,0,-1,0,05:50,
7.1.2023,35.,CHANCE LIGA,LTM – VSE,3:0,0,0,0,0,0,08:24,
4.1.2023,34.,CHANCE LIGA,ZLN – LTM,2:3,0,0,0,-1,0,03:06,
21.12.2022,31.,CHANCE LIGA,LTM – POR,2:1,0,0,0,0,0,07:06,
19.12.2022,30.,CHANCE LIGA,SLA – LTM,7:2,0,0,0,-1,0,10:14,
4.12.2022,27.,CHANCE LIGA,LTM – PRE,2:1,0,0,0,0,0,08:00,
3.12.2022,26.,CHANCE LIGA,LTM – FRM,2:1,0,0,0,0,0,07:19,
30.11.2022,25.,CHANCE LIGA,TRE – LTM,2:4,0,0,0,-1,,09:23,
29.11.2022,24.,Tipsport extraliga,PCE – LIB,1:3,0,0,0,0,0,03:01,
27.11.2022,23.,Tipsport extraliga,CEB – LIB,4:1,0,0,0,0,0,02:04,
23.11.2022,23.,CHANCE LIGA,LTM – PRO,1:3,0,0,0,-1,,05:19,
19.11.2022,22.,CHANCE LIGA,VSE – LTM,3:4,0,0,0,0,2,04:50,
14.9.2022,1.,CHANCE LIGA,LTM – PRE,3:4,0,0,0,-1,,09:39,
