datum,kolo,soutěž,zápas,skóre,G,A,B,+-,TM,TOI,
11.12.2022,28.,Tipsport extraliga,VIT – PLZ,3:2,0,0,0,0,0,20:54,
9.12.2022,27.,Tipsport extraliga,PLZ – OLO,5:4,0,0,0,1,0,21:03,
4.12.2022,26.,Tipsport extraliga,PLZ – CEB,4:1,0,0,0,2,0,21:24,
1.12.2022,25.,Tipsport extraliga,MBL – PLZ,0:1,1,0,1,1,0,20:30,
18.10.2022,12.,Tipsport extraliga,PLZ – MBL,1:2,0,0,0,1,0,14:42,
16.10.2022,11.,Tipsport extraliga,PLZ – LIT,4:3,0,1,1,1,0,24:29,
14.10.2022,10.,Tipsport extraliga,TRI – PLZ,3:2,1,0,1,1,0,15:03,
9.10.2022,9.,Tipsport extraliga,PLZ – MHK,2:5,0,1,1,2,0,25:19,
7.10.2022,8.,Tipsport extraliga,KLA – PLZ,0:4,0,1,1,2,0,23:20,
2.10.2022,7.,Tipsport extraliga,PLZ – KOM,3:4,0,0,0,0,0,22:32,
29.9.2022,6.,Tipsport extraliga,LIB – PLZ,2:3,0,1,1,1,2,23:15,
27.9.2022,5.,Tipsport extraliga,PLZ – KVA,6:3,0,1,1,2,0,20:16,
25.9.2022,4.,Tipsport extraliga,SPA – PLZ,3:2,0,0,0,0,0,26:10,
23.9.2022,3.,Tipsport extraliga,PLZ – PCE,1:4,0,0,0,-1,0,17:16,
18.9.2022,2.,Tipsport extraliga,VIT – PLZ,4:2,0,0,0,0,0,16:29,
16.9.2022,1.,Tipsport extraliga,PLZ – OLO,1:2,0,0,0,0,0,18:12,
