datum,kolo,soutěž,zápas,skóre,G,A,B,+-,TM,TOI,
25.2.2023,50.,CHANCE LIGA,JIH – PRE,2:1,0,0,0,1,2,15:14,
22.2.2023,49.,CHANCE LIGA,PRE – VSE,0:2,0,0,0,-1,0,18:49,
18.2.2023,48.,CHANCE LIGA,ZLN – PRE,2:1,0,0,0,0,0,14:21,
15.2.2023,46.,Tipsport extraliga,KOM – PLZ,3:0,0,0,0,0,0,12:45,
13.2.2023,46.,CHANCE LIGA,PCE – PRE,6:4,0,1,1,1,0,13:53,
10.2.2023,4.,CHANCE LIGA,POR – PRE,2:1,0,0,0,1,0,13:43,
4.2.2023,45.,CHANCE LIGA,PRE – FRM,1:3,0,0,0,1,2,08:12,
3.2.2023,44.,Tipsport extraliga,KOM – TRI,5:1,0,0,0,0,2,16:01,
1.2.2023,44.,CHANCE LIGA,KOL – PRE,1:3,1,0,1,1,0,12:36,
30.1.2023,43.,CHANCE LIGA,PRE – POR,2:3,0,0,0,0,2,12:12,
29.1.2023,43.,Tipsport extraliga,KOM – LIB,3:0,0,0,0,0,0,16:59,
27.1.2023,42.,Tipsport extraliga,KLA – KOM,0:3,1,0,1,1,0,16:45,
24.1.2023,41.,Tipsport extraliga,KOM – CEB,5:2,0,0,0,-1,0,13:42,
21.1.2023,40.,CHANCE LIGA,PRE – LTM,1:2,0,0,0,0,0,16:27,
18.1.2023,39.,CHANCE LIGA,PRE – SOK,2:4,3,3,6,4,0,15:07,
14.1.2023,38.,CHANCE LIGA,PRO – PRE,3:2,0,1,1,2,0,15:33,
11.1.2023,37.,CHANCE LIGA,PRE – JIH,4:3,1,0,1,1,2,13:22,
9.1.2023,36.,CHANCE LIGA,VSE – PRE,1:3,0,0,0,0,0,15:39,
7.1.2023,35.,CHANCE LIGA,PRE – ZLN,3:4,0,0,0,0,0,18:30,
20.10.2022,14.,CHANCE LIGA,PRE – LTM,2:3,0,0,0,0,2,16:43,
19.10.2022,13.,CHANCE LIGA,PRE – SOK,3:2,0,0,0,0,0,14:13,
15.10.2022,12.,CHANCE LIGA,PRO – PRE,2:3,0,0,0,0,2,12:42,
12.10.2022,11.,CHANCE LIGA,PRE – JIH,2:3,0,0,0,-1,0,13:10,
8.10.2022,9.,CHANCE LIGA,PRE – ZLN,1:2,0,0,0,0,4,14:23,
5.10.2022,8.,CHANCE LIGA,SUM – PRE,4:3,0,0,0,0,2,15:55,
1.10.2022,7.,CHANCE LIGA,PRE – PCE,4:3,0,1,1,1,0,15:12,
28.9.2022,6.,CHANCE LIGA,FRM – PRE,1:0,0,0,0,0,0,08:49,
26.9.2022,5.,CHANCE LIGA,PRE – KOL,4:2,0,0,0,0,0,14:06,
21.9.2022,3.,CHANCE LIGA,PRE – SLA,3:2,1,0,1,-1,,14:41,
