datum,kolo,soutěž,zápas,skóre,G,A,B,+-,TM,TOI,
25.2.2023,50.,CHANCE LIGA,ZLN – PCE,1:0,0,1,1,0,0,15:38,
22.2.2023,49.,CHANCE LIGA,SLA – ZLN,3:5,1,0,1,1,2,15:40,
18.2.2023,48.,CHANCE LIGA,ZLN – PRE,2:1,0,0,0,0,0,17:41,
15.2.2023,47.,CHANCE LIGA,LTM – ZLN,1:4,0,0,0,0,25,10:20,
12.2.2023,46.,CHANCE LIGA,ZLN – TRE,1:3,0,1,1,0,0,25:38,
4.2.2023,45.,CHANCE LIGA,PRO – ZLN,5:1,1,0,1,-2,0,16:19,
1.2.2023,44.,CHANCE LIGA,ZLN – SOK,5:0,1,0,1,2,2,16:47,
30.1.2023,43.,CHANCE LIGA,VSE – ZLN,2:3,0,0,0,0,2,16:44,
28.1.2023,42.,CHANCE LIGA,ZLN – JIH,4:1,1,1,2,2,0,17:07,
25.1.2023,41.,CHANCE LIGA,ZLN – SUM,6:2,1,1,2,2,0,16:07,
21.1.2023,40.,CHANCE LIGA,KOL – ZLN,1:3,0,0,0,1,0,18:16,
18.1.2023,39.,CHANCE LIGA,POR – ZLN,0:2,0,1,1,1,0,21:32,
14.1.2023,38.,CHANCE LIGA,ZLN – FRM,3:2,0,0,0,-1,0,19:08,
11.1.2023,37.,CHANCE LIGA,PCE – ZLN,5:2,0,0,0,0,0,17:18,
9.1.2023,36.,CHANCE LIGA,ZLN – SLA,0:4,0,0,0,0,0,15:01,
29.12.2022,33.,CHANCE LIGA,TRE – ZLN,3:2,0,0,0,0,2,17:32,
27.12.2022,32.,CHANCE LIGA,ZLN – PRO,6:1,0,1,1,0,0,17:47,
21.12.2022,31.,CHANCE LIGA,SOK – ZLN,4:3,0,0,0,-1,2,15:58,
18.12.2022,30.,CHANCE LIGA,ZLN – VSE,2:5,1,0,1,-2,0,15:29,
30.11.2022,21.,2. liga – Západ – z. č.,KLT – MOL,1:3,0,1,1,0,0,-,
26.11.2022,20.,2. liga – Západ – z. č.,HRO – KLT,2:4,1,1,2,0,2,-,
23.11.2022,19.,2. liga – Západ – z. č.,TAB – KLT,5:1,0,1,1,0,0,-,
20.11.2022,21.,Tipsport extraliga,PLZ – KLA,1:2,0,0,0,0,0,05:42,
18.11.2022,20.,Tipsport extraliga,KOM – PLZ,3:1,0,0,0,0,0,05:35,
16.11.2022,17.,2. liga – Západ – z. č.,KLT – CHM,1:6,0,1,1,0,0,-,
12.11.2022,16.,2. liga – Západ – z. č.,KLT – BNJ,3:4,0,1,1,0,0,-,
9.11.2022,15.,2. liga – Západ – z. č.,CHB – KLT,4:2,0,0,0,0,0,-,
5.10.2022,5.,2. liga – Západ – z. č.,KLT – TAB,1:5,0,0,0,0,0,-,
2.10.2022,7.,Tipsport extraliga,PLZ – KOM,3:4,0,0,0,-1,0,06:31,
1.10.2022,4.,2. liga – Západ – z. č.,UNL – KLT,1:4,1,2,3,2,2,-,
28.9.2022,3.,2. liga – Západ – z. č.,KLT – RIS,6:4,1,3,4,0,0,-,
27.9.2022,5.,Tipsport extraliga,PLZ – KVA,6:3,0,0,0,-1,0,03:09,
25.9.2022,4.,Tipsport extraliga,SPA – PLZ,3:2,0,0,0,0,0,08:50,
24.9.2022,2.,2. liga – Západ – z. č.,BNJ – KLT,2:1,0,1,1,0,2,-,
23.9.2022,3.,Tipsport extraliga,PLZ – PCE,1:4,0,0,0,-1,0,09:42,
18.9.2022,2.,Tipsport extraliga,VIT – PLZ,4:2,0,0,0,0,0,11:21,
16.9.2022,1.,Tipsport extraliga,PLZ – OLO,1:2,1,0,1,1,0,11:58,
