datum,kolo,soutěž,zápas,skóre,G,A,B,+-,TM,TOI,
26.2.2023,50.,Tipsport extraliga,KVA – CEB,5:1,0,0,0,0,0,03:53,
22.2.2023,49.,Tipsport extraliga,CEB – LIB,3:4,0,0,0,-1,0,14:55,
19.2.2023,48.,Tipsport extraliga,VIT – CEB,1:4,0,1,1,1,0,11:41,
17.2.2023,47.,Tipsport extraliga,CEB – SPA,3:4,0,0,0,0,0,06:10,
15.2.2023,46.,Tipsport extraliga,CEB – PCE,3:7,0,0,0,-2,0,16:22,
5.2.2023,45.,Tipsport extraliga,OLO – CEB,3:2,1,0,1,0,0,15:03,
2.2.2023,44.,Tipsport extraliga,CEB – MHK,2:3,0,1,1,0,0,15:56,
29.1.2023,43.,Tipsport extraliga,LIT – CEB,1:0,0,0,0,0,0,16:17,
27.1.2023,42.,Tipsport extraliga,CEB – MBL,5:4,0,0,0,-1,0,18:32,
24.1.2023,41.,Tipsport extraliga,KOM – CEB,5:2,1,0,1,-2,0,17:58,
22.1.2023,40.,Tipsport extraliga,CEB – TRI,3:2,0,0,0,0,0,12:31,
20.1.2023,39.,Tipsport extraliga,CEB – PLZ,3:4,0,0,0,-1,0,13:54,
17.1.2023,21.,Tipsport extraliga,SPA – CEB,5:0,0,0,0,-2,2,12:24,
15.1.2023,38.,Tipsport extraliga,CEB – KLA,6:2,0,0,0,1,0,11:58,
13.1.2023,37.,Tipsport extraliga,MBL – MHK,3:2,0,0,0,0,0,06:40,
10.1.2023,27.,Tipsport extraliga,MHK – LIB,5:4,0,0,0,0,2,09:15,
8.1.2023,36.,Tipsport extraliga,MHK – OLO,5:4,0,0,0,-1,0,08:02,
5.1.2023,35.,Tipsport extraliga,PLZ – MHK,0:4,0,0,0,0,2,09:53,
3.1.2023,34.,Tipsport extraliga,MHK – TRI,2:3,0,0,0,0,0,07:48,
30.12.2022,33.,Tipsport extraliga,LIT – MHK,2:3,0,0,0,0,0,06:05,
28.12.2022,32.,Tipsport extraliga,KOM – MHK,2:3,0,0,0,-1,0,05:34,
26.12.2022,31.,Tipsport extraliga,MHK – CEB,1:4,0,0,0,0,0,11:34,
22.12.2022,30.,Tipsport extraliga,KLA – MHK,3:6,0,0,0,0,2,10:16,
11.12.2022,28.,Tipsport extraliga,KVA – MHK,1:4,0,0,0,0,0,05:19,
4.12.2022,26.,Tipsport extraliga,MHK – PCE,4:0,0,0,0,0,0,11:11,
2.12.2022,25.,Tipsport extraliga,SPA – MHK,2:1,0,0,0,0,0,10:35,
29.11.2022,24.,Tipsport extraliga,MHK – MBL,0:2,0,0,0,0,0,09:02,
27.11.2022,23.,Tipsport extraliga,OLO – MHK,5:0,0,0,0,-1,0,16:07,
25.11.2022,22.,Tipsport extraliga,MHK – PLZ,1:4,0,0,0,-2,2,15:34,
20.11.2022,21.,Tipsport extraliga,TRI – MHK,4:1,0,0,0,-2,0,11:32,
18.11.2022,20.,Tipsport extraliga,MHK – LIT,3:0,0,0,0,0,0,06:56,
1.11.2022,17.,Tipsport extraliga,LIT – CEB,6:4,0,0,0,0,2,11:39,
30.10.2022,16.,Tipsport extraliga,CEB – MBL,3:0,0,0,0,0,2,15:25,
28.10.2022,15.,Tipsport extraliga,KOM – CEB,3:0,0,0,0,-1,0,15:51,
20.10.2022,13.,Tipsport extraliga,CEB – PLZ,3:2,0,0,0,0,0,02:24,
18.10.2022,12.,Tipsport extraliga,KLA – CEB,2:1,0,0,0,0,0,05:28,
16.10.2022,11.,Tipsport extraliga,KVA – CEB,4:3,0,0,0,0,2,16:31,
4.10.2022,10.,Tipsport extraliga,LIB – CEB,6:1,0,0,0,0,4,09:04,
2.10.2022,7.,Tipsport extraliga,PCE – CEB,6:1,0,0,0,-1,2,10:38,
30.9.2022,6.,Tipsport extraliga,CEB – OLO,1:2,0,0,0,0,0,07:03,
27.9.2022,5.,Tipsport extraliga,MHK – CEB,3:1,0,0,0,0,4,13:29,
23.9.2022,3.,Tipsport extraliga,MBL – CEB,5:1,0,0,0,0,2,12:13,
20.9.2022,4.,Tipsport extraliga,CEB – LIT,6:3,0,0,0,-1,0,09:42,
18.9.2022,2.,Tipsport extraliga,CEB – KOM,6:2,0,0,0,-1,0,11:06,
16.9.2022,1.,Tipsport extraliga,TRI – CEB,0:2,0,0,0,0,0,03:30,
